id,category,action,owner,ledger_status,project,file,claim,note,what_would_settle_it,how_long
S011,NOT-A-CLOSURE,,,-,set1_overshoot,LEDGER.md,"Set-1 undershoot −2.53pp, p=0.0007, and everything in Phases 2–5 built on it",retraction,,
S003,NOT-A-CLOSURE,,,-,set1_overshoot,LEDGER.md,"Label-verified subsample −5.75pp [−9.71,−1.79], p=0.0062",retraction,,
S012,NOT-A-CLOSURE,,,-,set1_overshoot,LEDGER.md,"""ATP is the thinnest book — median 30 lots, 3¢ spread""",retraction,,
S013,NOT-A-CLOSURE,,,-,set1_overshoot,LEDGER.md,"""Median 106 contracts at the touch""",retraction,,
C003,NOT-A-CLOSURE,,,-,crypto,LEDGER.md,"Round-number settlement pinning, 6/20 survive BH at p≈0",retraction,,
C006,NOT-A-CLOSURE,,,-,crypto,LEDGER.md,Fat-tail edge worth 1.5–1.9¢ net at 2.5–3σ,retraction,,
C013,NOT-A-CLOSURE,,,-,crypto,LEDGER.md,"Mid calibration gap +4.2pp, net +1.00¢ at the ask",retraction,,
C014,NOT-A-CLOSURE,,,-,crypto,LEDGER.md,464 profitable bucket-sum arbitrage violations at 96–97¢,retraction,,
C015,NOT-A-CLOSURE,,,-,crypto,LEDGER.md,Polymarket taker cost is identical to Kalshi,retraction,,
W006,NOT-A-CLOSURE,,,-,wallet-copy-study,LEDGER.md,"""72% of the edge lives in exits""",retraction,,
W011,NOT-A-CLOSURE,,,-,wallet-copy-study,LEDGER.md,"Prior study's naive favourite benchmark +7.05pp on n=98,766",retraction,,
W012,NOT-A-CLOSURE,,,-,wallet-copy-study,LEDGER.md,Copying selected wallets loses −5.90pp,retraction,,
W015,NOT-A-CLOSURE,,,-,wallet-copy-study,LEDGER.md,Polymarket fee formula fits at median relative error 0.96,shrinkage mechanism,,
W016,NOT-A-CLOSURE,,,-,wallet-copy-study,LEDGER.md,enable_order_book is a valid eligibility criterion,"an explicit power statement, correctly made",,
T008,NOT-A-CLOSURE,,,-,kalshi-tennis,LEDGER.md,Stage 5 selective betting returns +14.4% to +24.6% ROI,retraction,,
T010,NOT-A-CLOSURE,,,-,kalshi-tennis,LEDGER.md,Kalshi beats the Betfair closing line by 0.022 Brier,retraction,,
T007,NOT-A-CLOSURE,,,-,kalshi-tennis,LEDGER.md,Market beats model once wide quotes are excluded (+0.03711),retraction,,
T017,NOT-A-CLOSURE,,,-,kalshi-tennis,LEDGER.md,Stage 0 coverage is 74.5%; there is no ITF tier on Kalshi,retraction,,
K006,NOT-A-CLOSURE,,,-,kalshi-market-scan,LEDGER.md,"Depth at the touch collapses 40× toward expiry, so edge and liquidity are anti-correlated",retraction,,
K003,NOT-A-CLOSURE,,,-,kalshi-market-scan,LEDGER.md,"The weather model was validated on 8,090 test markets",retraction,,
K005,NOT-A-CLOSURE,,,-,kalshi-market-scan,LEDGER.md,"""Seven daily families clear the capacity bar, so weather is not capacity-limited""",retraction,,
K015,NOT-A-CLOSURE,,,-,kalshi-market-scan,LEDGER.md,"""Buying everything priced 0.60–0.95 earns +7.05pp ± 0.22 on n=98,766"" — named the finding that reframes the whole copy-trading block",retraction,,
S001,NOT-A-CLOSURE,,,SETTLED,set1_overshoot,LEDGER.md,The market undershoots after a set-1 dip — it does not overshoot. The effect is real.,"a positive finding, not a closure",,
S002,EVIDENCE,,,SETTLED,set1_overshoot,LEDGER.md,The pre-committed primary entry rule (deep:12) shows no effect at all.,,,
S004,NOT-A-CLOSURE,,,SETTLED,set1_overshoot,LEDGER.md,The cost bar to beat is 3.6104pp = 1.170 spread + 1.000 slip + 1.441 fee.,"cost arithmetic, recomputed every run",,
S005,FLOOR,RELABEL,tennis,SETTLED,set1_overshoot,LEDGER.md,No time or tier bucket clears the bar. 0 of 25.,0 of 25 time/tier buckets clear the bar -- and the row's own median detectable effect is 3.7-9.0c against a ~2c target. The test could not have seen the thing it reports absent.,The row already prints its own detectable-effect range. Move the status from 'SETTLED (null)' to 'unmeasured at this sample'.,minutes
S006,FLOOR,RELABEL,tennis,SETTLED,set1_overshoot,LEDGER.md,No set-1 margin bucket clears the bar. 0 of 10 (0.25 expected by chance).,"0 of 10 margin buckets, own median detectable effect 9.9c against a ~2c target. Five times too coarse.","Same as S005, and the gap is wider.",minutes
S007,NOT-A-CLOSURE,,,SUGGESTIVE,set1_overshoot,LEDGER.md,Effect strengthens monotonically as set 1 gets shorter/more lopsided (10.86→5.58→2.77pp; 8.15→4.12→1.84pp).,"SUGGESTIVE gradient, openly untested",,
S008,EVIDENCE,,,SETTLED,set1_overshoot,LEDGER.md,Maker/resting orders do not fix it. All 15 fill configurations are net-negative per opportunity.,,,
S009,EVIDENCE,,,SETTLED,set1_overshoot,LEDGER.md,Maker price improvement is already exceeded by adverse selection.,,,
S010,NOT-A-CLOSURE,,,SETTLED,set1_overshoot,LEDGER.md,"Maker fee is zero on Challenger/ITF (91% of the book), applies only on ATP/WTA.",fee structure fact,,
S014,NOT-A-CLOSURE,,,SETTLED,set1_overshoot,LEDGER.md,The set-1 detector calls direction correctly 82.5% of the time.,"detector accuracy, externally validated",,
S015,NOT-A-CLOSURE,,,SETTLED,set1_overshoot,LEDGER.md,"t0 (set-1 end) is estimated +5 min median, MAD 6, against real playing minutes.",estimator tuning fact,,
S016,NOT-A-CLOSURE,,,SETTLED,set1_overshoot,LEDGER.md,Mirrored Kalshi markets are exact inverses (median mid difference 0.00¢).,structural fact,,
S017,NOT-A-CLOSURE,,,SETTLED,set1_overshoot,LEDGER.md,The P&L decomposition is an exact identity.,identity check / guard,,
S018,DATA,REOPEN,tennis,SETTLED,set1_overshoot,LEDGER.md,Label coverage cannot be raised. Apify hard-capped; Flashscore dayOffsets is −7..+7 against a −68 need.,'label coverage cannot be raised' rests on exactly two sources -- Apify's tier cap and Flashscore's +/-7 day window. No third source is named anywhere.,"✅ PAID 2026-08-09. tennis-data.co.uk publishes one workbook PER SEASON carrying games won by each player in every set -- free, reaching back years, so the +/-7-day objection that closed this never applied. 1,062 labels on S006's own window against the 479 it used. REFUTED, not resolved: main tour only against a 73-87% ITF pool, and it moves the smallest visible effect 9.9 -> 6.6 against a 3.61 bar.",done -- the join and the ITF gap remain
S019,NOT-A-CLOSURE,,,SETTLED,set1_overshoot,LEDGER.md,Trade-through is not a generous fill assumption — best bid rises in only 6.1% of minutes.,fill-assumption fact,,
S020,NOT-A-CLOSURE,,,SETTLED,set1_overshoot,LEDGER.md,"15 headline numbers recomputed independently; 14 confirmed, 1 baseline updated.",audit of 15 numbers,,
S021,FLOOR,REOPEN,tennis,SETTLED,set1_overshoot,LEDGER.md,The tennis strategy line cannot be resolved with the sample available.,"says so itself: needs ~3,970 events for a 2c edge and the recorder accrues ~1,900 matches a week. Written 2026-08-01. The sample it lacked is the cheapest thing in this whole audit.","Count how many matches the forward recorder has accumulated since 2026-08-01 and re-run the primary test if it clears ~3,970.","one count, then one re-run"
S022,BUG,REOPEN,tennis,BROKEN,set1_overshoot,LEDGER.md,Retirement add-back costs −0.004¢.,"computed on the event set the dedupe bug voided, BROKEN, never re-run. Root audit D1, still open.",Re-run the retirement add-back on the clean universe.,one re-run
S023,BUG,REOPEN,tennis,BROKEN,set1_overshoot,LEDGER.md,The fade side loses in all 6 configurations.,"the fade side -- half of 'no edge in either direction' -- computed on the void event set, BROKEN, never re-run.",Re-run p2_fade.py on the outcome-independent dedupe. Half of 'no edge in either direction' currently rests on a void event set.,one re-run
S025,NOT-A-CLOSURE,,,SETTLED,set1_overshoot,LEDGER.md,"The two maker-fee tennis series hold 34.4% of tennis volume on 5.8% of the markets — 5.9× concentration. S010's ""91% of the book"" is a *count*; by volume the ta",structural fact from the API,,
S024,NOT-A-CLOSURE,,,SUGGESTIVE,set1_overshoot,LEDGER.md,plausible duration filter (25–330 min) is immaterial to θ.,"SUGGESTIVE, re-test openly pending",,
C010,EVIDENCE,,,SETTLED,crypto,LEDGER.md,"No model beats Kalshi's own mid. Two tie, two lose. The crypto ladder is efficiently priced.","250 events, controls that prove the test can find a 5% bias",,
C011,NOT-A-CLOSURE,,,SETTLED,crypto,LEDGER.md,The settlement-average correction genuinely improves the model (M2 beats M1).,model improvement finding,,
C012,NOT-A-CLOSURE,,,SETTLED,crypto,LEDGER.md,Feeding the model fatter tails than the market uses makes the forecast worse.,model finding,,
C005,NOT-A-CLOSURE,,,SETTLED,crypto,LEDGER.md,Hourly BTC/ETH returns are severely fat-tailed.,descriptive fact about returns,,
C001,NARROW,RELABEL,devig,SUGGESTIVE,crypto,LEDGER.md,"⚠ WORDING NARROWED 2026-08-09. ""No arbitrage"" rests on 10.5 minutes of scanning. The sentence to quote is K007's 9 hours (52 real violations, 0 with tradeable s","'no arbitrage' from 10.5 minutes of scanning. K007 later found 52 real violations in 9 hours (none tradeable), so the conclusion holds and the stated count did not.",Say '10.5 minutes'. K007's 9 hours is the sentence to quote.,minutes
C002,NARROW,RELABEL,devig,SUGGESTIVE,crypto,LEDGER.md,⚠ WORDING NARROWED 2026-08-09. Same 10.5-minute window as C001; quote K007 instead. The *mechanism* (a 75-leg fee floor of ~1.93¢ against ~1¢ of mispricing) is ,same 10.5-minute window,Same window.,minutes
C004,NOT-A-CLOSURE,,,SETTLED,crypto,LEDGER.md,"Polymarket's fee is 0.10 × min(p,1−p), not the documented 0.07·p(1−p).","fee fact, reproduced twice",,
C016,NARROW,REOPEN,devig,SETTLED,crypto,LEDGER.md,"The ""cheap wings"" are not tradeable — they have an ask but no bid.","'the cheap wings are not tradeable' is 61 minutes of one ladder on one day, 2026-08-01, 11 strikes.",Re-check two-sidedness of the far wings across many days rather than the 61 minutes of 2026-08-01 that closed it.,one query over recorded books
C017,EVIDENCE,,,SETTLED,crypto,LEDGER.md,Deribit cannot serve as a reference price for the hourly ladders.,structural: shortest usable Deribit expiry 54.2h against a 1.0h ladder. Kills Deribit; no other venue was probed.,,
C018,NOT-A-CLOSURE,,,SETTLED,crypto,LEDGER.md,Kalshi unauthenticated rate limit is 15 req/s sustained; 25 req/s ⇒ 56% rejection.,API fact,,
C007,NOT-A-CLOSURE,,,SETTLED,crypto,LEDGER.md,The pipeline finds no edge in synthetic data containing no edge.,control,,
C008,NOT-A-CLOSURE,,,SETTLED,crypto,LEDGER.md,"The pipeline detects an injected 15% wing bias, and a 5% one.",control,,
C009,NOT-A-CLOSURE,,,SETTLED,crypto,LEDGER.md,The pipeline detects outcome leaked into a feature.,control,,
C019,NOT-A-CLOSURE,,,SETTLED,crypto,LEDGER.md,Effective sample size is far below row count — ~360 correlated minutes per event.,guard,,
C020,EVIDENCE,,,SETTLED,crypto,LEDGER.md,ETH does not lead BTC.,,,
C021,EVIDENCE,,,SETTLED,crypto,LEDGER.md,Path/streak structure in 15m opens is tradeable.,"path/streak: every CI that excludes zero is negative, 250 events, entry at ask and exit at bid",,
C022,EVIDENCE,,,SETTLED,crypto,LEDGER.md,Market-making on the ladders is viable.,"closed on evidence 2026-08-08: 17,325 fills, 1,161 events, 23 days, net -0.853c/contract, interval excludes zero. My reopen read the 08-07 file and missed the 08-08 one. WITHDRAWN.",,
C023,FLOOR,REOPEN,devig,?,crypto,LEDGER.md,Hold-to-settlement on the ladders is profitable.,"LEDGER's effect column says 'negative'. The artifact says TIE in 40 of 44 price cells, with ranges +/-5 to 15c against a 1-2c cost bar, and BTC at 5c is +2.93c [-0.01, +6.13].","Same tape pull as C022. Then rewrite the row: 40 of 44 price cells are ties, not 'negative'.",shares C022's pull
C024,NOT-A-CLOSURE,,,SETTLED,crypto,LEDGER.md,A silent orderbook parse bug wrote real row counts with empty content for 1h45m.,"recorder bug, openly recorded, fix status unverified",,
C025,NARROW,RELABEL,devig,UNVERIFIED,crypto,LEDGER.md,"""MM scan: 0 of 4 series profitable.""","'0 of 4 series profitable' when only one series was ever P&L-tested. Now largely filled by the 2026-08-07 four-series run, and the ledger row has not caught up.",The 2026-08-07 run covers all four series. The row still says only one was ever tested.,minutes
C026,NOT-A-CLOSURE,,,SETTLED,crypto,LEDGER.md,The four crypto assets are not four independent series — there are ~1.81.,guard -- effective independent series,,
C027,EVIDENCE,,,SETTLED,crypto,LEDGER.md,Lead-lag ETH→XRP (+0.1544) is tradeable.,killed on economics: 0.38c of edge against a 1.00c tick,,
W001,NOT-A-CLOSURE,,,SETTLED,wallet-copy-study,LEDGER.md,Wallet skill is real and persists out of sample.,positive finding,,
W002,NOT-A-CLOSURE,,,SETTLED,wallet-copy-study,LEDGER.md,A period-1 top decile keeps +2.567pp of excess into an untouched period 2.,positive finding,,
W003,EVIDENCE,,,SETTLED,wallet-copy-study,LEDGER.md,But a copier who buys the same entries and holds gets only +0.937pp.,,,
W004,EVIDENCE,,,SETTLED,wallet-copy-study,LEDGER.md,"And that is less than the spread, so the strategy is break-even at best.",the closure: +0.937pp against a >=1.0pp spread,,
W005,EVIDENCE,,,SETTLED,wallet-copy-study,LEDGER.md,The copier return declines monotonically across split points: +1.98 → +0.94 → −0.14.,monotone decline across three split points,,
W007,EVIDENCE,,,SETTLED,wallet-copy-study,LEDGER.md,Copying exits destroys value at every delay.,,,
W008,EVIDENCE,,,SETTLED,wallet-copy-study,LEDGER.md,"It is not timing skill — duration-matched, the wallets add nothing.",,,
W009,EVIDENCE,,,SETTLED,wallet-copy-study,LEDGER.md,"It is not tail-risk avoidance — shorter holding is strictly worse, monotonically.",,,
W010,EVIDENCE,,,SETTLED,wallet-copy-study,LEDGER.md,Selling winners early and losers early are two enormous effects that cancel.,,,
W013,NOT-A-CLOSURE,,,SUGGESTIVE,wallet-copy-study,LEDGER.md,Entries do decay for selected wallets: +3.436 → +0.427pp over 5 minutes.,"SUGGESTIVE, caveated",,
W014,EVIDENCE,,,SETTLED,wallet-copy-study,LEDGER.md,The unconditional decay curve is flat from 0s to 1800s — a bot buys nothing.,2.2M buy signals,,
W017,NOT-A-CLOSURE,,,SETTLED,wallet-copy-study,LEDGER.md,"Polymarket charged no fee for 91% of on-chain history, switching on 2026-01-08.",regime fact,,
W018,NOT-A-CLOSURE,,,SETTLED,wallet-copy-study,LEDGER.md,Ranking inside the fee era finds an almost entirely different top decile.,composition finding,,
W019,EVIDENCE,,,SETTLED,wallet-copy-study,LEDGER.md,Capacity is not the constraint — price impact does not scale with trade size.,,,
W020,EVIDENCE,,,SETTLED,wallet-copy-study,LEDGER.md,"Adverse selection is not present — copyable fills are *better*, not worse.",,,
W021,EVIDENCE,,,SETTLED,wallet-copy-study,LEDGER.md,Market making is not the explanation for persistence.,,,
W022,EVIDENCE,,,SETTLED,wallet-copy-study,LEDGER.md,Survivorship is not driving the result.,,,
W023,NOT-A-CLOSURE,,,SETTLED,wallet-copy-study,LEDGER.md,The excess metric scores a null strategy at zero.,canary,,
W024,NOT-A-CLOSURE,,,SETTLED,wallet-copy-study,LEDGER.md,"Phase 5 (sizing, portfolio, forward test) was deliberately not run.","a declared gate, not a measurement",,
T001,NOT-A-CLOSURE,,,SETTLED,kalshi-tennis,LEDGER.md,Only 36.9% of Kalshi tennis markets clear all three modelling thresholds.,coverage fact,,
T002,DATA,REOPEN,tennis,SETTLED,kalshi-tennis,LEDGER.md,"The binding constraint: Sackmann features end 2026-06-02, and 85.0% of markets are after that.",the binding constraint on the whole player model is one frozen source ending 2026-06-02. The root audit's D10 records that $9.99 buys 43 months of point-by-point history including ITF. Nobody has bought it.,The $9.99 point-by-point history covering 43 months including ITF. It replaces the frozen source that ends 2026-06-02 and it re-powers B023 at the same time.,$9.99 and one rebuild
T003,DATA,RELABEL,tennis,SETTLED,kalshi-tennis,LEDGER.md,Sackmann's upstream repos are gone (404); the project runs on a frozen mirror.,"'Sackmann upstream is gone' -- B020 later found a live mirror and a live 399-star repo. Corrected in LEDGER, and the closure was made before the check.",B020 already corrected it in LEDGER.md; the project's own docs still say gone.,minutes
T004,EVIDENCE,,,SETTLED,kalshi-tennis,LEDGER.md,"""Comeback ability"" is ~75% just overall skill.","3.4M player-match rows, split-half, positive control and null",,
T005,NOT-A-CLOSURE,,,SETTLED,kalshi-tennis,LEDGER.md,"The model itself is good: held-out Brier 0.19884, AUC 0.75984.",model quality finding,,
T006,EVIDENCE,,,SETTLED,kalshi-tennis,LEDGER.md,"But the model loses to the bookmakers. This is the Stage 4 gate, and it failed.","the Stage 4 gate, on data containing no Kalshi prices, so the leak never touched it",,
T009,EVIDENCE,,,SETTLED,kalshi-tennis,LEDGER.md,43 selective segments tested with Benjamini-Hochberg; 19 survive and every one is negative.,"19 survive correction, every one negative",,
T011,NOT-A-CLOSURE,,,SETTLED,kalshi-tennis,LEDGER.md,The anchor sweep proves which Kalshi anchor is leak-free.,leak diagnostic,,
T012,NOT-A-CLOSURE,,,SETTLED,kalshi-tennis,LEDGER.md,Kalshi is the sharp line — indistinguishable from Betfair at a clean anchor.,positive finding -- Kalshi is the sharp line,,
T013,EVIDENCE,,,SETTLED,kalshi-tennis,LEDGER.md,"Where the two venues disagree by more than it costs to act, Kalshi is closer 49.1% of the time — a coin flip measured precisely.",,,
T014,NOT-A-CLOSURE,,,SETTLED,kalshi-tennis,LEDGER.md,tennis-data.co.uk stopped carrying Pinnacle in 2026; the real benchmark is the Betfair Exchange close.,naming hazard,,
T015,NOT-A-CLOSURE,,,SETTLED,kalshi-tennis,LEDGER.md,"39.8% of held-out Kalshi markets quote wider than 10¢ — a 1c/99c quote has a 50c ""mid"" nobody trades at.",spread distribution fact,,
T016,NOT-A-CLOSURE,,,SETTLED,kalshi-tennis,LEDGER.md,Shrinkage behaves correctly across all 8 statistics × 2 buckets.,sanity check,,
T018,NARROW,RELABEL,tennis,SETTLED,kalshi-tennis,LEDGER.md,The ITF tier cannot be modelled from Sackmann — serve stats on only 4.6% of futures rows.,"'the ITF tier cannot be modelled' is true of Sackmann's futures files, which is one source. It is quoted as if it were about ITF.",Say 'cannot be modelled from Sackmann' -- which is what was measured -- not 'cannot be modelled'.,minutes
T019,NOT-A-CLOSURE,,,SETTLED,kalshi-tennis,LEDGER.md,"Player order is assigned cleanly (alphabetical), not by outcome.",guard,,
T020,NOT-A-CLOSURE,,,SETTLED,kalshi-tennis,LEDGER.md,The API-listing-order side choice is clean.,guard,,
T021,NOT-A-CLOSURE,,,SUGGESTIVE,kalshi-tennis,LEDGER.md,stage5_selective.py sorts variants on mean_pnl over the full sample with no holdout.,"reading hazard, severity corrected down",,
T022,NOT-A-CLOSURE,,,?,kalshi-tennis,LEDGER.md,"stage5_selective.py dedupes with keep=""first"" — order-dependent and non-deterministic.","fixed, unrun",,
CH057,NOT-A-CLOSURE,,,UNVERIFIED,,LEDGER.md,"""4 weeks / 14k markets / 0 of 480 configs profitable""","was UNVERIFIED; B010 replayed it at 481 configurations. The ledger row is stale, not wrong.",,
CH031,EVIDENCE,,,SETTLED,,LEDGER.md,The score-staleness guard never fired — fetched_at was stamped at cache read,a bug that correctly voided results rather than manufacturing a null; B008 later measured it at 97.4%,,
CH022,NOT-A-CLOSURE,,,BROKEN,,LEDGER.md,Three irreconcilable P&L figures for one session (+$0.60 / +$2.51 / −$3.55),"BROKEN, unresolved",,
CH035,NOT-A-CLOSURE,,,UNVERIFIED,,LEDGER.md,Every negative result in the project is a taker result,"an open gap, correctly labelled -- and still only partly filled: tennis (S008) yes, esports BROKEN (BH006), crypto one week of tape",,
CH044,NOT-A-CLOSURE,,,SETTLED,,LEDGER.md,A position-sizing blowout produced 64 contracts against an intended 9,"bug, later diagnosed",,
K001,FLOOR,RELABEL,devig,SETTLED,kalshi-market-scan,LEDGER.md,"⚠ WORDING NARROWED 2026-08-09. Reads as a general claim; it is 25 markets. Correct sentence: *""on the 25 KXBTC15M markets with recorded books, no model beat the","'no model beats the mid on KXBTC15M' on 25 markets, every range spanning zero. The family is separately dead on structure (K013), which is what actually closes it.",Say '25 markets could not resolve it' rather than 'no model beats the mid'. The family is dead on structure anyway (K013).,minutes
K002,NOT-A-CLOSURE,,,SETTLED,kalshi-market-scan,LEDGER.md,The weather model genuinely beats climatology in all four cities.,positive finding,,
K004,EVIDENCE,,,SETTLED,kalshi-market-scan,LEDGER.md,Only KXTEMPDCH clears both the power bar and the capacity bar. 1 of 11 families.,10 of 11 families fail the power or capacity bar. The survivor's deciding gate is openly unmeasured.,,
K007,EVIDENCE,,,SETTLED,kalshi-market-scan,LEDGER.md,No-arb violations are real but the size is dust.,"52 violations, 0 with tradeable size",,
K008,NOT-A-CLOSURE,,,SETTLED,kalshi-market-scan,LEDGER.md,Copying Polymarket tennis wallets earns +7.23pp.,positive finding on Polymarket,,
K009,EVIDENCE,,,SETTLED,kalshi-market-scan,LEDGER.md,"The favourite-longshot bias does not exist on Kalshi, so the Polymarket→Kalshi transfer fails.",762 settled matches; the load-bearing kill for copy trading. Measured on tennis only.,,
K010,NOT-A-CLOSURE,,,UNVERIFIED,kalshi-market-scan,LEDGER.md,"Kalshi pre-match prices are calibrated bucket by bucket (""every binomial p ≥ 0.499"").",already labelled OVERSTATED,,
K011,EVIDENCE,,,SETTLED,kalshi-market-scan,LEDGER.md,Flow following on Kalshi has no signal — price absorbs the flow.,"1,376 settled markets, 1.77M trades",,
K012,FLOOR,RELABEL,devig,SETTLED,kalshi-market-scan,LEDGER.md,"⚠ WORDING NARROWED 2026-08-09. ""Killed"" reads as *no edge*; it means can never be measured — 22–48 settlements against the 481 needed. An unmeasurable family is","'economics series are killed on recurrence' is a statement that they can never be MEASURED (22-48 settlements against 481 needed), not that they have no edge. The word 'killed' reads as the second.","'Killed on recurrence' means it can never be measured, not that there is no edge. Two different sentences.",minutes
K013,EVIDENCE,,,SETTLED,kalshi-market-scan,LEDGER.md,"KXBTC15M is minted at-the-money every 15 minutes, pinning entry to the peak of the fee curve.","structural: minted at the money on 99.86% of 6,261 markets",,
K014,NOT-A-CLOSURE,,,SETTLED,kalshi-market-scan,LEDGER.md,"The power bar is 481 settlements for a 5pp edge, 2,084 to clear the 2.4¢ tennis cost bar.",power arithmetic,,
K016,NOT-A-CLOSURE,,,SETTLED,kalshi-market-scan,LEDGER.md,Deflated Sharpe was deliberately not computed.,a declared decision,,
B001,EVIDENCE,,,SETTLED,bot-forensics,LEDGER.md,The bot lost money over its whole life. −$6.92 across 108 matches.,,,
B002,EVIDENCE,,,SETTLED,bot-forensics,LEDGER.md,"The hand-trading made the money; the bot did not. Manual +$98.94, bot −$6.92.",,,
B003,EVIDENCE,,,SETTLED,bot-forensics,LEDGER.md,"The ""profitable night"" is a cut at the maximum of the equity curve, and the argmax is not a finding.","200,000 reorderings",,
B004,NOT-A-CLOSURE,,,SUGGESTIVE,bot-forensics,LEDGER.md,Splitting on the clock instead of the curve: night beats day in sign only.,"SUGGESTIVE at best, said so",,
B005,EVIDENCE,,,SETTLED,bot-forensics,LEDGER.md,0 of 13 permutation-tested buckets clear BH-FDR at 5%.,,,
B005a,NOT-A-CLOSURE,,,BROKEN,bot-forensics,LEDGER.md,"⚠ The parametric arm of the same test reports 3 discoveries, not 0, and it propagated to only one of four documents.","propagation gap, the 0 is right",,
B006,NOT-A-CLOSURE,,,SETTLED,bot-forensics,LEDGER.md,The night/day comparison is confounded against the night at source.,confound measurement,,
B007,EVIDENCE,,,SETTLED,bot-forensics,LEDGER.md,"The martingale is present in the profitable stretch, and it went 7 for 7.",,,
B008,EVIDENCE,,,SETTLED,bot-forensics,LEDGER.md,The score feed arrived after the market had already repriced. Puts a magnitude on CH031.,,,
B009,EVIDENCE,,,SETTLED,bot-forensics,LEDGER.md,"The night's actual configuration, replayed over the backtest corpus, loses on every tier — worst on ITF, where it actually traded.","13,658 market views, train/holdout, t=-26",,
B010,EVIDENCE,,,SETTLED,bot-forensics,LEDGER.md,The night's config was not badly chosen — it is just in a losing family.,0 of 481 configurations,,
B011,NOT-A-CLOSURE,,,SETTLED,bot-forensics,LEDGER.md,"The live 39 hours are consistent with the backtest, not in tension with it.",consistency check,,
B012,EVIDENCE,,,SETTLED,bot-forensics,LEDGER.md,"The stop loss is the single most expensive component, and four independent files now agree.",four files agree,,
B013,NOT-A-CLOSURE,,,SETTLED,bot-forensics,LEDGER.md,"Kalshi tennis settles strictly binary; a retirement does *not* settle ""at the number"".",settlement fact,,
B014,NOT-A-CLOSURE,,,SETTLED,bot-forensics,LEDGER.md,Roughly thirty people independently built this same bot in six months and none publishes a settled P&L.,observational,,
B015,NARROW,RELABEL,signal,SETTLED,bot-forensics,LEDGER.md,Nobody documents the overnight-vs-daytime pattern in prediction-market sports books.,'nobody documents the overnight pattern' from two video corpora and four GitHub queries. It gates nothing.,"An absence from two corpora. It gates nothing, so the only cost is someone quoting it as a census.",minutes
B016,NOT-A-CLOSURE,,,SETTLED,bot-forensics,LEDGER.md,"⚠ A free ITF data source may exist, reopening a thread closed on data availability.",superseded by B021,,
B017,NOT-A-CLOSURE,,,SETTLED,bot-forensics,LEDGER.md,"The SAGLEV re-entry legs were 749 s apart, not 24 s.",correction,,
B018,NOT-A-CLOSURE,,,SETTLED,bot-forensics,LEDGER.md,The bankroll was stepped up by hand during the winning run.,sizing fact,,
B019,NOT-A-CLOSURE,,,BROKEN,bot-forensics,LEDGER.md,A notional-only bot/manual classifier misclassified the single largest winner.,classifier caught and replaced,,
B020,NOT-A-CLOSURE,,,SETTLED,bot-forensics,LEDGER.md,"""Sackmann upstream is 404"" is too strong — a live mirror exists.",corrects T003 / M015,,
B021,NOT-A-CLOSURE,,,SETTLED,bot-forensics,LEDGER.md,"A free ITF data source DOES exist. The thread that was closed on ""no free ITF source"" was closed on a false premise.","THE worked reopen -- a thread closed on a false premise, reopened by checking the premise",,
B022,NOT-A-CLOSURE,,,SETTLED,bot-forensics,LEDGER.md,⚠ The vendor's advertised free-tier rate limit is wrong by 10×.,vendor rate-limit fact,,
B023,FLOOR,RELABEL,tennis,SETTLED,bot-forensics,LEDGER.md,Pre-match player features add nothing to Kalshi's opening price.,"LEDGER says SETTLED (null). The project itself writes 'read as not demonstrated on 29 days of form data, not player features cannot work'. The median player appears ~3 times.",The project's own wording is right and the ledger's is not. Copy the project's sentence into the row.,minutes
B024,EVIDENCE,,,SETTLED,bot-forensics,LEDGER.md,"The one surviving signal — ""buy the heavy favourite"" — is a wide-book quoting artifact, not a mispricing.","reports its own detection floor (5.15pp on tight books) and says a real effect is not excluded, only unevidenced. The model.",,
B025,NOT-A-CLOSURE,,,BROKEN,bot-forensics,LEDGER.md,"⚠ Two bugs in this session's own analysis code, caught before publication.","own bugs, caught pre-publication",,
B026,NOT-A-CLOSURE,,,UNVERIFIED,bot-forensics,LEDGER.md,"⚠ Possible tension with K009, unresolved.",resolved by B027,,
B027,EVIDENCE,,,SETTLED,bot-forensics,LEDGER.md,"Where Kalshi tennis is liquid, its opening price is calibrated across the entire price range. Where it is wide, it is not — and that is where every apparent edg","6,519 events, both arms pre-declared",,
M011,FLOOR,RELABEL,devig,SUGGESTIVE,,LEDGER.md,"""Kalshi's MLB moneyline already tracks the free DraftKings line."" median |Kalshi mid − de-vigged DK| 0.37¢, p90 0.75¢, max 1.94¢, 0 of 26 exceed the cost bar","13 games, one snapshot, a retail book. Corrected in PREREGISTRATION_DEVIG but PREREGISTRATION.md still calls MLB 'known efficient' on it with no caveat.","PREREGISTRATION.md still calls MLB 'known efficient' on 13 games against a retail book, with no caveat. Its sibling file was corrected on 2026-08-06; this one was not.",minutes
M001,NOT-A-CLOSURE,,,-,,LEDGER.md,"*""Kalshi's /orderbook returns empty; order-book depth is not public.""* Held by a prior session and independently reproduced on 85 markets.",retraction -- and the worked example of a bug closure,,
BH001,NOT-A-CLOSURE,,,SETTLED,,LEDGER.md,"Pinnacle's guest API returns live priced markets unauthenticated and free — 27,582 soccer, 3,728 tennis, 1,920 baseball, 643 esports, each with maxRiskStake.",API fact,,
BH002,EVIDENCE,,,SETTLED,,LEDGER.md,"Nothing survives the structural grid on esports, and nothing survives on the MLB control.","2,779 esports events, 0 cells above zero, 120 survive correction and every one is negative",,
BH003,NOT-A-CLOSURE,,,SETTLED,,LEDGER.md,"close_time is when the market SETTLES, not when play starts — the pre-registered −60 min anchor was VOID at 13.96% extreme quotes, 99.7% correct.",the pre-registered gate firing,,
BH004,NOT-A-CLOSURE,,,SETTLED,,LEDGER.md,Esports' real pre-match cost is 3–6× the figure the shortlist ranked it on.,"cost finding, corrected by BH013",,
BH005,NOT-A-CLOSURE,,,SETTLED,,LEDGER.md,"Resting orders do get filled: 29–36% strict (trade-through), 63–69% permissive.",fill-rate finding -- a falsification that failed,,
BH006,NOT-A-CLOSURE,,,BROKEN,,LEDGER.md,H10's net P&L and adverse selection.,BROKEN as evidence; the thread has no verdict,,
BH007,NOT-A-CLOSURE,,,SUGGESTIVE,,LEDGER.md,De-vigged Pinnacle vs the Kalshi ask on esports: the median buy edge is negative under every method.,"SUGGESTIVE on 13 events, says so itself",,
BH008,NOT-A-CLOSURE,,,SETTLED,,LEDGER.md,Polymarket esports is ~96% derivative markets.,market-composition fact,,
BH009,NOT-A-CLOSURE,,,SETTLED,,LEDGER.md,"Kalshi's retention is a fixed calendar boundary at 2026-05-25, not a rolling window — and it is the same boundary on the market listing AND the trade tape.",retention fact; refutes M009,,
BH010,NARROW,RELABEL,devig,SETTLED,,LEDGER.md,"⚠ WORDING NARROWED 2026-08-09. This measures what Kalshi's retrievable tape holds, not how much soccer exists or how good it is. The 152-event count killed the ","kills the South American soccer families on RETRIEVABLE KALSHI EVENTS (152 against a 481 bar). That is a statement about Kalshi's tape, not about soccer, and free historical soccer data goes back a decade.",Scope it to Kalshi's retrievable tape. Free historical soccer results go back a decade and the soccer chat is using them now.,minutes
BH011,EVIDENCE,,,SETTLED,,LEDGER.md,The de-vig test's cost bar is larger than the entire vig it removes.,"closed on a measurement -- 1,460 paired observations on 30 games, largest venue disagreement 2.77c against a 2.75c cost. NOT on the vig-bound argument, which devig retracted 2026-08-07 and which this audit wrongly repeated.",,
BH012,NOT-A-CLOSURE,,,SETTLED,,LEDGER.md,close_time on a LIVE Kalshi MLB market is the game start plus exactly 72 h. On settled markets Kalshi rewrites it to the true settlement instant (2.4–3.2 h afte,time-field fact,,
BH013,NOT-A-CLOSURE,,,?,,LEDGER.md,"RESULTS.md §3's ""KXMLBGAME is 1.0¢ at every lead"" is wrong because the recorded touch is 2.0¢ ⚠⚠ MY CORRECTION WAS ITSELF WRONG. WITHDRAWN 2026-08-09.",correction,,
BH014,BUG,REOPEN,devig,BROKEN,,LEDGER.md,record.py probed mkts[:60] in Kalshi's undocumented listing order.,the recorder probed the first 60 tickers in Kalshi's undocumented listing order while the family listed 85-104. Fixed 2026-08-06. Which earlier conclusions read that truncated output has not been stated anywhere.,State which earlier bot-hunt conclusions read the truncated 60-ticker recorder output before it was fixed on 2026-08-06.,a reading pass
CH001,NOT-A-CLOSURE,,,RETRACTED,Tennis player model,kalshi-chat-audit/LEDGER_CHATS.md,"""Backtest shows +14.4% to +24.6% ROI on selective betting.""",retraction,,
CH002,NOT-A-CLOSURE,,,RETRACTED,Tennis player model,kalshi-chat-audit/LEDGER_CHATS.md,"""Kalshi beats the Betfair Exchange closing line by 0.022 Brier.""",retraction,,
CH003,NOT-A-CLOSURE,,,RETRACTED,Tennis player model,kalshi-chat-audit/LEDGER_CHATS.md,"""Model vs Kalshi is indistinguishable (+0.00714, CI crosses zero).""",retraction,,
CH004,NOT-A-CLOSURE,,,RETRACTED,Tennis player model,kalshi-chat-audit/LEDGER_CHATS.md,"""Stage 0 coverage is 74.5%; there is no ITF tier on Kalshi.""",retraction,,
CH005,NOT-A-CLOSURE,,,RETRACTED,Copy trading,kalshi-chat-audit/LEDGER_CHATS.md,"""Wallet copy trading shows a +7.23pp skill edge.""",retraction,,
CH006,NOT-A-CLOSURE,,,RETRACTED,Copy trading,kalshi-chat-audit/LEDGER_CHATS.md,"""A wallet returned +95pp.""",retraction,,
CH007,NOT-A-CLOSURE,,,RETRACTED,Copy trading,kalshi-chat-audit/LEDGER_CHATS.md,"""Longshot buying returns −20.9pp.""",retraction,,
CH008,NOT-A-CLOSURE,,,RETRACTED,Tennis bot,kalshi-chat-audit/LEDGER_CHATS.md,"""A fixed-cent stop in a mean-reverting band is a machine for selling local lows — six stops, six bounces, average bounce +30c against a 15c stop.""",retraction,,
CH009,NOT-A-CLOSURE,,,RETRACTED,Tennis bot,kalshi-chat-audit/LEDGER_CHATS.md,"""The COULD NOT CANCEL … 404 warnings left dangling live sell orders — naked short risk, cancel them on Kalshi yourself.""",retraction,,
CH010,NOT-A-CLOSURE,,,RETRACTED,Exchange-wide scan,kalshi-chat-audit/LEDGER_CHATS.md,"""S&P/Nasdaq markets carry a halved fee multiplier.""",retraction,,
CH011,NOT-A-CLOSURE,,,RETRACTED,Exchange-wide scan,kalshi-chat-audit/LEDGER_CHATS.md,"""Internal no-arbitrage violations are the highest-quality opportunity on the exchange.""",retraction,,
CH012,NOT-A-CLOSURE,,,RETRACTED,Exchange-wide scan,kalshi-chat-audit/LEDGER_CHATS.md,"""Combo-generated legs dominate the raw Kalshi trade feed, so flow signals are garbage.""",retraction,,
CH013,NOT-A-CLOSURE,,,RETRACTED,Tennis bot,kalshi-chat-audit/LEDGER_CHATS.md,"""The threshold-optimizer bot found every threshold was negative.""",retraction,,
CH014,NOT-A-CLOSURE,,,RETRACTED,Skill accuracy,kalshi-chat-audit/LEDGER_CHATS.md,"""The tennis-live-predictor skill is going 7/7 on live calls.""",retraction,,
CH015,NOT-A-CLOSURE,,,RETRACTED,Manual trading,kalshi-chat-audit/LEDGER_CHATS.md,"""Webb is at 27% against a fair value of ~51% — a 24-point edge.""",retraction,,
CH016,NOT-A-CLOSURE,,,RETRACTED,Signal bot,kalshi-chat-audit/LEDGER_CHATS.md,"""Win posts in the Discord get far more engagement than loss posts.""",retraction,,
CH017,NOT-A-CLOSURE,,,RETRACTED,Signal bot,kalshi-chat-audit/LEDGER_CHATS.md,"""The 26 silent calls are weighted toward losses.""",retraction,,
CH018,NOT-A-CLOSURE,,,RETRACTED,Signal bot,kalshi-chat-audit/LEDGER_CHATS.md,"""The screen-reader bot should require the read price to match rot's card price.""",retraction,,
CH019,NOT-A-CLOSURE,,,RETRACTED,Tennis backtest,kalshi-chat-audit/LEDGER_CHATS.md,"""The mirrored Kalshi markets are not exact inverses.""",retraction,,
CH020,NOT-A-CLOSURE,,,RETRACTED,Tennis bot,kalshi-chat-audit/LEDGER_CHATS.md,"""The serving signal is worth +3.09c per trade.""",retraction,,
CH021,NOT-A-CLOSURE,,,BROKEN,Tennis bot,kalshi-chat-audit/LEDGER_CHATS.md,Overnight bot session netted +$0.60 across 10 fills.,"BROKEN, unresolved",,
CH023,NOT-A-CLOSURE,,,SUGGESTIVE,Tennis bot,kalshi-chat-audit/LEDGER_CHATS.md,"Exit machinery converted a −$26.48 hold-to-resolution outcome into break-even — ""stops saved ~$27"".",SUGGESTIVE,,
CH024,NOT-A-CLOSURE,,,SUGGESTIVE,Tennis bot,kalshi-chat-audit/LEDGER_CHATS.md,Average entry price 69.5c; only 4 of 10 players actually won. ~4.7% chance of being pure bad luck.,SUGGESTIVE,,
CH025,NOT-A-CLOSURE,,,UNVERIFIED,Tennis bot,kalshi-chat-audit/LEDGER_CHATS.md,"The 80c+ entry bucket is where all the losses came from (4 trades, 1 winner, −$2.14). Basis for the proposed 75c entry cap.","UNVERIFIED, n=4, self-flagged",,
CH026,NOT-A-CLOSURE,,,UNVERIFIED,Tennis bot,kalshi-chat-audit/LEDGER_CHATS.md,"Blind price-gated re-entry after a stop is roughly a wash and worse after costs (2 wins, 4 losses); re-entry must be score-gated.","UNVERIFIED, n=6",,
CH027,NOT-A-CLOSURE,,,UNVERIFIED,Tennis bot,kalshi-chat-audit/LEDGER_CHATS.md,"Live tennis markets follow a three-act shape (drift band → volatility explosion → terminal ramp), and all six stop-outs came from Act II.","UNVERIFIED, eyeballed",,
CH028,NOT-A-CLOSURE,,,BROKEN,Tennis bot,kalshi-chat-audit/LEDGER_CHATS.md,Re-running the 10 trades under the proposed v2 rules gives ≈ +$7 instead of +$0.60.,"BROKEN by construction, self-flagged",,
CH029,NOT-A-CLOSURE,,,BROKEN,Tennis bot,kalshi-chat-audit/LEDGER_CHATS.md,"Fees ate ~80% of gross profit (gross ≈ +$2.85, ~$2.20–2.30 fees on 91 contracts, ≈2.5c/share round trip).","BROKEN, rests on CH022",,
CH030,NOT-A-CLOSURE,,,SETTLED,Tennis bot,kalshi-chat-audit/LEDGER_CHATS.md,The app was closed for 4h13m with five open positions. Take-profits rest server-side on Kalshi and fill regardless; stops are app-side and do nothing while clos,structural fact,,
CH032,NOT-A-CLOSURE,,,SETTLED,Tennis bot,kalshi-chat-audit/LEDGER_CHATS.md,"The Apify outage was a free-tier monthly hard limit (594 scans at 20s intervals × up to 2 actor runs), not a code fault.",root cause,,
CH033,NOT-A-CLOSURE,,,SETTLED,Tennis bot,kalshi-chat-audit/LEDGER_CHATS.md,"The outage did not cause bad trades — the design fails closed (no feed ⇒ no candidates), and stops read Kalshi prices, not Apify.",reconciliation,,
CH034,NOT-A-CLOSURE,,,SETTLED,Tennis bot / all,kalshi-chat-audit/LEDGER_CHATS.md,Kalshi taker fee = round_up(0.07 × C × P × (1−P)); peak 1.75c/contract at 50c; maker fee 0.0175 × C × P × (1−P) = 25% of taker.,fee fact,,
CH036,NOT-A-CLOSURE,,,SUGGESTIVE,Tennis bot,kalshi-chat-audit/LEDGER_CHATS.md,"Trade A (mean-reversion scalp) needs a 70% hit rate; Trade B (terminal ramp) needs 46%. Therefore ""Trade B is the strategy, Trade A is a hypothesis.""",arithmetic on assumed inputs,,
CH037,NOT-A-CLOSURE,,,UNVERIFIED,Tennis bot,kalshi-chat-audit/LEDGER_CHATS.md,"Live bot results, 94 bot-placed trades: men +$27.79 (n=66, 64% win) vs women −$20.14 (n=28, 39% win).","UNVERIFIED, flagged twice",,
CH038,NOT-A-CLOSURE,,,SUGGESTIVE,Tennis bot,kalshi-chat-audit/LEDGER_CHATS.md,"Baseline ""buy at ask, hold to settlement, all prices"" is −2.58c average — every price band negative.","SUGGESTIVE, unit-of-observation caveat",,
CH039,NOT-A-CLOSURE,,,SUGGESTIVE,Tennis bot,kalshi-chat-audit/LEDGER_CHATS.md,"The deployed live entry rule (set resolved + ahead on sets + 60–75c) returns −6.69c, i.e. 2.6× worse than entering at random.",SUGGESTIVE,,
CH040,NOT-A-CLOSURE,,,UNVERIFIED,Tennis bot,kalshi-chat-audit/LEDGER_CHATS.md,Exits vs hold-to-settle were worth +$203 across 114 live markets.,UNVERIFIED,,
CH041,NOT-A-CLOSURE,,,SUGGESTIVE,Tennis bot,kalshi-chat-audit/LEDGER_CHATS.md,"Of 27 live stop-outs, only 26% recovered to a win ⇒ stopping was correct in 3 of 4 cases; widening the stop to 40c was right.","SUGGESTIVE, n=27",,
CH042,EVIDENCE,,,SETTLED,Tennis bot,kalshi-chat-audit/LEDGER_CHATS.md,"Breakeven win rate for the deployed rule (enter 70c, exit 95c, stop 40c, ~2–3c fees) is ≈59%; the bot runs ≈55%.",break-even arithmetic,,
CH043,NOT-A-CLOSURE,,,SUGGESTIVE,Tennis bot,kalshi-chat-audit/LEDGER_CHATS.md,"Account arithmetic: $127 → $117 = net −$10 against a $57.52 fee bill ⇒ gross trading P&L ≈ +$47, fees ≈150% of gross. This is a turnover problem, not a strategy",SUGGESTIVE,,
CH045,NOT-A-CLOSURE,,,SUGGESTIVE,Tennis bot,kalshi-chat-audit/LEDGER_CHATS.md,The integrated tennis feed runs 30–60 seconds behind live play; Kalshi's API does not expose live scores.,SUGGESTIVE,,
CH046,NOT-A-CLOSURE,,,UNVERIFIED,Tennis bot,kalshi-chat-audit/LEDGER_CHATS.md,"Kalshi Pro is free during beta; it provides screener/Canvas/trade-tape (flow), not fair value.",UNVERIFIED assertion,,
CH047,NOT-A-CLOSURE,,,SETTLED,Tennis backtest,kalshi-chat-audit/LEDGER_CHATS.md,"Kalshi candlestick period_interval accepts exactly 1, 60, 1440 minutes; 5,000-candle cap per request. 1 minute is the floor.",API fact,,
CH048,NOT-A-CLOSURE,,,SETTLED,Tennis backtest,kalshi-chat-audit/LEDGER_CHATS.md,Settled tennis markets are returned back to 2026-05-22 (~9 weeks).,API fact,,
CH049,NOT-A-CLOSURE,,,SETTLED,Tennis backtest,kalshi-chat-audit/LEDGER_CHATS.md,"14,162 settled markets = 7,081 matches, exactly 2 mirrored markets per match. Backtesting both double-counts the sample.",dedupe fact,,
CH050,NOT-A-CLOSURE,,,SETTLED,Tennis backtest,kalshi-chat-audit/LEDGER_CHATS.md,"Median Kalshi tennis spread 1c, p90 2c, p99 71c; a 15c spread filter drops ~1.4% of candles.",spread fact,,
CH051,NOT-A-CLOSURE,,,SETTLED,Tennis backtest,kalshi-chat-audit/LEDGER_CHATS.md,"968/1000 markets settle cleanly to 0 or 1; ~3.2% settle scalar (retirements/walkovers), and mirrored pairs sum to exactly 1.00.",settlement fact,,
CH052,NOT-A-CLOSURE,,,SETTLED,Tennis backtest / BTC,kalshi-chat-audit/LEDGER_CHATS.md,"Floating-point fee bug: 0.07*100*0.5*0.5*100 evaluates to 175.00000000000003, so ceil adds a spurious cent, inflating fees across the board.","fee bug, fixed",,
CH053,NOT-A-CLOSURE,,,SETTLED,Tennis backtest,kalshi-chat-audit/LEDGER_CHATS.md,"Look-ahead bug in the backtest engine: the walk evaluated the entry candle's own high/low, which happened *before* the simulated purchase.",look-ahead bug caught during construction,,
CH054,NOT-A-CLOSURE,,,SUGGESTIVE,Tennis backtest,kalshi-chat-audit/LEDGER_CHATS.md,"ATP smoke test: every strategy loses money including buy-and-hold; entries at ~65c won only 57%, i.e. the structural-event signal is *anti*-predictive relative ","SUGGESTIVE, n~100, caveated",,
CH055,NOT-A-CLOSURE,,,SETTLED,Tennis backtest,kalshi-chat-audit/LEDGER_CHATS.md,"The train/test split (oldest 60% / newest 40% of 2026-06-29→07-27) straddles the grass→hardcourt transition, so the holdout tests surface transfer confounded wi",structural confound,,
CH056,NOT-A-CLOSURE,,,SETTLED,Tennis backtest,kalshi-chat-audit/LEDGER_CHATS.md,"The backtest's 60-second structural-event window is a strict superset of the live bot's 45-second window, so the backtest validates a signal the live bot never ",logical,,
CH058,NOT-A-CLOSURE,,,SETTLED,Tennis backtest,kalshi-chat-audit/LEDGER_CHATS.md,Strategy families to test include a random-entry control; anything that can't beat random isn't a strategy. Random entries measured −6.96c/trade ≈ pure round-tr,random-entry control,,
CH059,NOT-A-CLOSURE,,,SETTLED,Player model,kalshi-chat-audit/LEDGER_CHATS.md,"Corrected Stage 0 coverage: of 20,922 Kalshi markets, 86.6% have both players present in Sackmann, but only 36.9% clear all three thresholds. ATP-ITF: 20.9%.",coverage fact,,
CH060,NOT-A-CLOSURE,,,SETTLED,Player model,kalshi-chat-audit/LEDGER_CHATS.md,"Sackmann feature history ends 2026-06-02; 85.0% of pulled markets were played after that. Only 3,145 markets are both settled and inside the history window.",= T002,,
CH061,NOT-A-CLOSURE,,,SETTLED,Player model,kalshi-chat-audit/LEDGER_CHATS.md,Sackmann's tennis_atp / tennis_wta repos are gone (404); the project runs on a frozen third-party mirror (last commit 2026-06-25).,= T003,,
CH062,NOT-A-CLOSURE,,,SETTLED,Player model,kalshi-chat-audit/LEDGER_CHATS.md,Shrinkage works as intended — raw sd collapses toward population sd across all 8 statistics × 2 buckets.,sanity check,,
CH063,NOT-A-CLOSURE,,,SETTLED,Player model,kalshi-chat-audit/LEDGER_CHATS.md,"""Comeback ability"" is ~75% just overall skill. Raw split-half r = +0.439, residualised against the player's own win rate r = +0.125. Tiebreak win rate is noise ",= T004,,
CH064,NOT-A-CLOSURE,,,SETTLED,Player model,kalshi-chat-audit/LEDGER_CHATS.md,"Held-out model performance: Brier 0.19884, LogLoss 0.58007, AUC 0.75984, Accuracy 0.68707, with every calibration bucket within ~0.021 of truth.",= T005,,
CH065,NOT-A-CLOSURE,,,SETTLED,Player model,kalshi-chat-audit/LEDGER_CHATS.md,"The model loses to the bookmakers. Average closing: model 0.22490 vs market 0.20568, diff +0.01922 CI [+0.01438, +0.02417], n=2,645. Pinnacle closing: +0.01816 ",= T006,,
CH066,NOT-A-CLOSURE,,,SETTLED,Player model,kalshi-chat-audit/LEDGER_CHATS.md,"The market beats the model on tradeable Kalshi quotes: spread ≤10c n=302, diff +0.03711 CI [+0.0165, +0.0569]; ≤5c +0.03838; ≤2c +0.03855.","= T007, retracted",,
CH067,NOT-A-CLOSURE,,,SETTLED,Player model,kalshi-chat-audit/LEDGER_CHATS.md,"39.8% of the 502 held-out Kalshi markets quote wider than 10c (median spread 3.0c). A 1c/99c quote has a 50c ""mid"" nobody will trade at.",= T015,,
CH068,NOT-A-CLOSURE,,,SETTLED,Player model,kalshi-chat-audit/LEDGER_CHATS.md,Stage 5 selective search: 43 segments tested with Benjamini-Hochberg at α=0.05; 19 survive and every one of them is negative. No positive segment survives corre,= T009,,
CH069,NOT-A-CLOSURE,,,SETTLED,Player model,kalshi-chat-audit/LEDGER_CHATS.md,tennis-data.co.uk stopped carrying Pinnacle in 2026 — coverage collapsed to 5.1%; the benchmark actually used is the Betfair Exchange closing price (93.6% cover,= T014,,
CH070,NOT-A-CLOSURE,,,SETTLED,Player model,kalshi-chat-audit/LEDGER_CHATS.md,"Anchor sweep proves which Kalshi anchor is leak-free: at −0h, 4.1% of quotes are outside 2c–98c and 100% correct, corr with books 0.824. At −6h: 0.1% extreme, c",= T011,,
CH071,NOT-A-CLOSURE,,,SETTLED,Player model,kalshi-chat-audit/LEDGER_CHATS.md,"Kalshi is the sharp line. At −6h vs Betfair: r=0.9878, MAD 1.95c against a 2.44c round-trip cost. Brier diff −0.00053 CI [−0.00312, +0.00157] ⇒ *indistinguishab",= T012,,
CH072,NOT-A-CLOSURE,,,SETTLED,Player model,kalshi-chat-audit/LEDGER_CHATS.md,"Where the two venues disagree by more than it costs to act (230 of 809, 28.4%), Kalshi is closer 49.1% of the time, CI [42.7%, 55.6%] — a coin flip measured pre",= T013,,
CH073,NOT-A-CLOSURE,,,SETTLED,Player model,kalshi-chat-audit/LEDGER_CHATS.md,Sackmann futures files carry serve stats on only 4.6% of rows — the ITF tier cannot be modelled from this source.,= T018,,
CH074,NARROW,REOPEN,tennis,SUGGESTIVE,Player model,kalshi-chat-audit/LEDGER_CHATS.md,"Set-score / parlay markets cannot be less efficient than the match market they decompose from: P(2-0) + P(2-1) = P(match), and a parlay's edge is the product of",set-score and parlay markets were closed by an arithmetic argument on one worked example. The residual test it proposed at executable prices was never run.,"⚠ MY 'blocked, zero markets' CALL WAS WRONG. I probed KXATPTOTALSETS (genuinely empty) and generalised to the whole idea -- an absence claim from one query, in an audit about absence claims from too few sources. KXATPSETWINNER has 112 open and 200+ settled; KXWTASETWINNER 104 and 200+. Runnable historically AND forward on tennis's live recorder.",one analysis run; forward version needs the user's OK because it widens a running pre-registered test
CH075,EVIDENCE,,,SETTLED,Skill accuracy,kalshi-chat-audit/LEDGER_CHATS.md,The skill is not predicting — it is reading the scoreboard. Six of eight picks were the player already winning; the two it declined to call were the close ones.,"benchmark inflation, demonstrated",,
CH076,NOT-A-CLOSURE,,,SUGGESTIVE,Skill accuracy,kalshi-chat-audit/LEDGER_CHATS.md,"The skill's picks are expensive favourites; the user's actual winning trades (Yagan 16c, Chavez 30c, Shibahara 60c) were players the market had underrated. The ","SUGGESTIVE, test proposed and never run",,
CH077,NOT-A-CLOSURE,,,UNVERIFIED,Skill accuracy,kalshi-chat-audit/LEDGER_CHATS.md,"Individual live win-probability calls (e.g. ""Echargui 96%"", ""Draxl 93%"", ""Samuel 91%"", ""Ma 76%"") are largely scoreline arithmetic plus a confidence label, sever","UNVERIFIED, self-scored",,
CH078,NOT-A-CLOSURE,,,SETTLED,Exchange scan,kalshi-chat-audit/LEDGER_CHATS.md,"Kalshi unauthenticated rate limit: 15 req/s sustained = 0% rejection; 25 req/s = 56% rejection. Earlier 44–69 req/s readings were CloudFront cache hits, not the",API fact,,
CH079,NOT-A-CLOSURE,,,SETTLED,Exchange scan,kalshi-chat-audit/LEDGER_CHATS.md,"551,366 open markets on Kalshi; combo/multivariate markets identifiable via mve_collection_ticker.",universe fact,,
CH080,NOT-A-CLOSURE,,,SETTLED,BTC 15-min,kalshi-chat-audit/LEDGER_CHATS.md,"KXBTC15M is structurally dead. floor_strike equals the previous window's expiration_value in 99.86% of 6,261 markets, so every contract is minted at-the-money —",= K013,,
CH081,NOT-A-CLOSURE,,,SETTLED,BTC 15-min,kalshi-chat-audit/LEDGER_CHATS.md,Measured cost bar 4.1–4.5c (fee + spread) against measured direction effects of only 1.43–2.11pp.,cost fact,,
CH082,NOT-A-CLOSURE,,,SETTLED,BTC 15-min,kalshi-chat-audit/LEDGER_CHATS.md,ETH does not lead BTC: 0.845 contemporaneous correlation vs 0.037 at the best lead.,= C020,,
CH083,NOT-A-CLOSURE,,,SETTLED,Exchange scan,kalshi-chat-audit/LEDGER_CHATS.md,Economics markets fail on recurrence: KXFED has 22 settlements against the ~481 needed for the intended test.,= K012,,
CH084,NOT-A-CLOSURE,,,SETTLED,Exchange scan,kalshi-chat-audit/LEDGER_CHATS.md,"Weather is the only survivor, and it is narrower than expected. Recurrence and liquidity are anti-correlated: hourly ladders have ~5,200 settlements but ~1 cont",screen finding,,
CH085,NOT-A-CLOSURE,,,UNVERIFIED,Weather,kalshi-chat-audit/LEDGER_CHATS.md,Weather forecasting hits Brier 0.058–0.093 vs climatology's 0.163–0.294.,openly UNVERIFIED as an edge claim -- this is the weather gate that is still unmeasured,,
CH086,NOT-A-CLOSURE,,,UNVERIFIED,Exchange scan,kalshi-chat-audit/LEDGER_CHATS.md,"""Does any model beat the Kalshi mid?"" — the deciding test for the whole scan.","machinery built, never run at real n. Still true for weather.",,
CH087,NOT-A-CLOSURE,,,SETTLED,Exchange scan,kalshi-chat-audit/LEDGER_CHATS.md,"Silent data corruption: an orderbook parse bug wrote real row counts with empty content for 1h45m, and was caught by accident.",= C024,,
CH088,NOT-A-CLOSURE,,,SUGGESTIVE,Exchange scan,kalshi-chat-audit/LEDGER_CHATS.md,"First overnight run recorded ~1.77M trades and ~190k+ book rows, 13+ commits, recorders still live.",self-report,,
CH089,NOT-A-CLOSURE,,,SETTLED,BTC 15-min,kalshi-chat-audit/LEDGER_CHATS.md,A 15-minute BTC contract at 50c requires a ~3.5pp probability edge just to break even on a round trip.,fee arithmetic,,
CH090,EVIDENCE,,,SETTLED,BTC 15-min,kalshi-chat-audit/LEDGER_CHATS.md,"Martingale on BTC up/down: EV is −1.75% of every dollar staked on a true coin flip; 10 doublings risks $10,230 to net $10, and fees mean straight doubling doesn",martingale killed by arithmetic,,
CH091,NOT-A-CLOSURE,,,SETTLED,Exchange scan,kalshi-chat-audit/LEDGER_CHATS.md,"The agent overrode an explicit stop instruction: told ""if you can't find working credentials, stop and tell me before doing anything else"", it found none, reaso",process incident,,
CH092,NOT-A-CLOSURE,,,UNVERIFIED,Copy trading,kalshi-chat-audit/LEDGER_CHATS.md,Naive buying of everything priced 0.60–0.95 on Polymarket earns +7.05pp.,UNVERIFIED clustering concern; superseded by W011,,
CH093,NOT-A-CLOSURE,,,SETTLED,Copy trading,kalshi-chat-audit/LEDGER_CHATS.md,"won in the copy-trading analysis meant market resolution, not the wallet's own outcome. Only 31% of positions were held to settlement; 36% were hedged.",definition error found,,
CH094,EVIDENCE,,,SETTLED,Copy trading,kalshi-chat-audit/LEDGER_CHATS.md,"Kalshi has no favourite-longshot bias. Binomial tests across every pre-match bucket: p = 0.840, 0.499, 1.000, 1.000. Takers lose roughly the 2.72% overround and","direction settled, magnitude correctly left SUGGESTIVE",,
CH095,NOT-A-CLOSURE,,,UNVERIFIED,Copy trading,kalshi-chat-audit/LEDGER_CHATS.md,Only 40% of top-20 Polymarket traders by ROI hold their ranking 90 days later.,UNVERIFIED vendor figure,,
CH096,NOT-A-CLOSURE,,,SETTLED,Copy trading,kalshi-chat-audit/LEDGER_CHATS.md,"Ranking 500,000+ wallets by past P&L guarantees spectacular records at the top by construction — the multiple-comparisons trap applied to people instead of para",sound argument; the test it proposed became W001-W005,,
CH097,EVIDENCE,,,SETTLED,Copy trading,kalshi-chat-audit/LEDGER_CHATS.md,"Copy trading is NO-GO: the Polymarket edge lives in the Polymarket *price*, and Kalshi is calibrated, so the Polymarket→Kalshi transfer fails at exactly the ste",follows from CH005 + CH094 and is corroborated by W003-W005,,
CH098,NOT-A-CLOSURE,,,SETTLED,Signal bot,kalshi-chat-audit/LEDGER_CHATS.md,The claimed 49-7 record does not appear anywhere in 29 days of channel history. No documented ledger exists.,export fact,,
CH099,NOT-A-CLOSURE,,,SETTLED,Signal bot,kalshi-chat-audit/LEDGER_CHATS.md,"A 49-7 record is not self-evidently good: at −110 it's +67% ROI (implausible), at −500 it's +5%, and at −800 it is a losing record (−$8.75). Without prices atta",arithmetic,,
CH100,NOT-A-CLOSURE,,,SETTLED,Signal bot,kalshi-chat-audit/LEDGER_CHATS.md,"Export composition: 174 messages, only 8 containing any price, 84 image attachments, 31 edited messages — one edited 7 days after posting, others at +194/+154/+",export fact,,
CH101,EVIDENCE,,,SETTLED,Signal bot,kalshi-chat-audit/LEDGER_CHATS.md,"Of 41 identifiable entry calls: 13 confirmed wins (32%), 2 admitted losses (5%), 26 never mentioned again (63%). True hit rate lies somewhere in [32%, 95%].",the width of the interval IS the finding -- structurally unauditable,,
CH102,NOT-A-CLOSURE,,,UNVERIFIED,Signal bot,kalshi-chat-audit/LEDGER_CHATS.md,"Four verified trades (entry slip + resolved match): Virtanen +53.7%, Rowinska +45.0%, Jasika +94.2%, Putintseva −100%. $10 each → $40 becomes $49.29, +23.2%.","UNVERIFIED, n=4",,
CH103,NOT-A-CLOSURE,,,SUGGESTIVE,Signal bot,kalshi-chat-audit/LEDGER_CHATS.md,"On the same four trades held to resolution, the net is −2.9%. The entire +23.2% is manufactured by the discretionary exit — his picks alone are roughly break-ev","SUGGESTIVE, n=4",,
CH104,NOT-A-CLOSURE,,,SUGGESTIVE,Signal bot,kalshi-chat-audit/LEDGER_CHATS.md,"The strategy underneath is mean reversion on a favourite who just dropped a set — entries at 41–50% on players the market overreacted to, exits at 65–67%.",SUGGESTIVE mechanism,,
CH105,NOT-A-CLOSURE,,,SETTLED,Signal bot,kalshi-chat-audit/LEDGER_CHATS.md,"The ""$10 → $400"" member story is ~2.5% likely by pure chance (≈8 straight wins at the 1.6x multiplier). At 200 active members ≈ 5 such people exist automaticall",arithmetic,,
CH106,NOT-A-CLOSURE,,,SUGGESTIVE,Signal bot,kalshi-chat-audit/LEDGER_CHATS.md,"Market speed measured from his own timestamps: 3.0pp in 25 seconds (Putintseva), 24.2pp in 7 minutes (Virtanen). A 20-second tail costs ≈10pp of return on a tra","SUGGESTIVE, n=2",,
CH107,NOT-A-CLOSURE,,,SUGGESTIVE,Signal bot,kalshi-chat-audit/LEDGER_CHATS.md,"Vision-validator injection test: 54/56 = 96% caught. All catastrophic modes (sign flip, side swap, hallucinated price, large digit transposition, name misread) ",SUGGESTIVE,,
CH108,NOT-A-CLOSURE,,,SETTLED,Signal bot,kalshi-chat-audit/LEDGER_CHATS.md,"Polymarket cards are self-verifying: two-sided implied probabilities sum to 100.9%–102.0% across the six legible cards, tight enough that a sign flip drops the ",measured on real cards,,
CH109,NOT-A-CLOSURE,,,SUGGESTIVE,Signal bot,kalshi-chat-audit/LEDGER_CHATS.md,Thesis classification (dip call vs conviction call vs other) hits 10/10 on real export messages.,"SUGGESTIVE, n=10",,
CH110,NOT-A-CLOSURE,,,SETTLED,Signal bot,kalshi-chat-audit/LEDGER_CHATS.md,"Message #112 instructs members to screenshot losses and tell Polymarket support they couldn't cash out, to extract refunds.",content fact,,
CH111,NOT-A-CLOSURE,,,UNVERIFIED,Signal bot,kalshi-chat-audit/LEDGER_CHATS.md,The signal-bot thread has never been tested for edge — the user rates it their most promising thread and had built toward it without measuring the source.,never tested for edge at all -- the thread stopped without a verdict rather than with a wrong one,,
CH112,NOT-A-CLOSURE,,,SUGGESTIVE,Manual,kalshi-chat-audit/LEDGER_CHATS.md,Day session 2026-07-26: account went $96 → $115.,SUGGESTIVE,,
CH113,NOT-A-CLOSURE,,,UNVERIFIED,Manual,kalshi-chat-audit/LEDGER_CHATS.md,"Three ""reversal"" trades (Chavez ~30c, Shibahara 60c, the Argentinian ~60c) all won, average return on capital 138% — while the trade the user describes as their","UNVERIFIED, n=3",,
CH114,NOT-A-CLOSURE,,,SETTLED,Manual,kalshi-chat-audit/LEDGER_CHATS.md,"The three BTC 15-minute trades lost $32.74 of a $96 account — more than everything else made, combined.",trade fact,,
CH115,NOT-A-CLOSURE,,,SETTLED,Manual,kalshi-chat-audit/LEDGER_CHATS.md,"Hedging (buying the other side of a match already won) cost $2.90 across Mbithi, Lu and Malkin ≈ 8% of tennis profit. Buying both sides of 5 of ~17 matches is a",arithmetic,,
CH116,EVIDENCE,,,SETTLED,Manual,kalshi-chat-audit/LEDGER_CHATS.md,"Exit discipline is the whole trade: buy 75c → sell 90c holding to zero when wrong needs an 83% win rate; with a 60c exit it needs 50%. Same entry, same target.",exit arithmetic,,
CH117,NOT-A-CLOSURE,,,SETTLED,Manual,kalshi-chat-audit/LEDGER_CHATS.md,The tail is untested. Across ~10 matches there was one loss and it was $1.36. There is no $50 loss anywhere in the data; two would erase the entire run.,the tail is untested,,
CH118,NOT-A-CLOSURE,,,SETTLED,Manual,kalshi-chat-audit/LEDGER_CHATS.md,"Kalshi's History tab shows payouts, not profit, so P&L cannot be reconstructed from it.",platform fact,,
CH119,NOT-A-CLOSURE,,,SUGGESTIVE,Manual / bot,kalshi-chat-audit/LEDGER_CHATS.md,"On ITF books a stop does not fill where you set it: a break of serve gaps the price (75c → 63c with nothing traded between), so a market-order stop sells the bo","SUGGESTIVE, n=3",,
CH120,NOT-A-CLOSURE,,,UNVERIFIED,Manual,kalshi-chat-audit/LEDGER_CHATS.md,"The pattern the user identified themselves — pre-match favourite (70–80%) loses set 1, price overshoots down, recovers in set 2, sell before the decider — produ","UNVERIFIED, self-reported one day",,
CH121,NOT-A-CLOSURE,,,UNVERIFIED,Manual / bot,kalshi-chat-audit/LEDGER_CHATS.md,The v3 spec buys the first-set winner at ≤70c; the FAV-DIP pattern buys the first-set loser. Both cannot be an edge.,two live patterns that cannot both be an edge; the test was never run,,
CH122,NOT-A-CLOSURE,,,UNVERIFIED,Manual,kalshi-chat-audit/LEDGER_CHATS.md,"A 10%-gain-and-sell strategy (""when the favourite hits 60c, how often does it reach 70c?"") was raised.",the question was asked and the answer is literally missing from the export. Never opened rather than wrongly closed.,,
CH123,NOT-A-CLOSURE,,,SETTLED,Manual,kalshi-chat-audit/LEDGER_CHATS.md,"Player-level tendency stats quoted in live reads (e.g. ""Mildren wins 67% of deciding sets"") are noise dressed as a stat — that figure is likely 6-of-9 matches.","caution, consistent with T004",,
CH124,NOT-A-CLOSURE,,,SETTLED,All,kalshi-chat-audit/LEDGER_CHATS.md,"Three analyses in the tennis project were wrong in a direction that flattered results — survivorship bias in P&L, selection bias in the set-2 rates, and the loo",process finding,,
CH125,NOT-A-CLOSURE,,,SETTLED,Process,kalshi-chat-audit/LEDGER_CHATS.md,Chat exports contain claude.ai conversations only — Claude Code sessions run locally and are not included.,process fact,,
CH126,NOT-A-CLOSURE,,,SETTLED,Process,kalshi-chat-audit/LEDGER_CHATS.md,"The trading work is spread across three separate desktop project folders — kalshi (main), kalshi markets, tennis copy trade — plus two machines and two Claude a",process fact,,
CH127,NOT-A-CLOSURE,,,SETTLED,All,kalshi-chat-audit/LEDGER_CHATS.md,"To distinguish a real 3% edge from zero needs ~1,000+ trades (and ~400 to separate 55% from 50%); the account cannot fund that sample at current sizing.",power arithmetic,,
CH128,NOT-A-CLOSURE,,,SETTLED,All,kalshi-chat-audit/LEDGER_CHATS.md,"Adaptive strategy rotation cannot work here: detection needs 400–2,500 trades per regime while regimes turn over in ~90 days at ~100 trades. Underpowered detect",power arithmetic,,
M002,NOT-A-CLOSURE,,,-,,market-selection/LEDGER_ADDITIONS.md,"*(this session, earlier)* ""Kalshi's MLB mid deviates from the free DraftKings line by a median 3.74¢, and 6 of 8 game sides exceed the cost bar.""",retraction,,
M003,NOT-A-CLOSURE,,,-,,market-selection/LEDGER_ADDITIONS.md,"*(the tasking's premise)* ""archive.pmxt.dev has rolling 30-day retention and deletes itself continuously.""",retraction,,
M004,NOT-A-CLOSURE,,,-,,market-selection/LEDGER_ADDITIONS.md,"*(a memory)* ""pmxt covers 2026-05-15 00:00 → 06-10 23:00, 648 files.""",retraction,,
M005r,NOT-A-CLOSURE,,,-,,market-selection/LEDGER_ADDITIONS.md,"*(this session, in a draft of SHORTLIST.md)* ""No free public reference price exists for MLB player props"" — offered as the whole mechanism for the top-ranked fa",retraction,,
M006r,NOT-A-CLOSURE,,,-,,market-selection/LEDGER_ADDITIONS.md,"*(this session)* ""Kalshi props deviate from DraftKings by a median 4.55¢ with 79% exceeding the cost bar.""",retraction,,
M005,NOT-A-CLOSURE,,,SETTLED,,market-selection/LEDGER_ADDITIONS.md,"Kalshi order-book depth is free, public, unauthenticated, 20 levels a side, via orderbook_fp.{yes,no}_dollars.",API fact -- depth is public,,
M006,NOT-A-CLOSURE,,,SETTLED,,market-selection/LEDGER_ADDITIONS.md,Kalshi's legacy integer-cent price fields are null on every market.,API fact,,
M007,NOT-A-CLOSURE,,,SETTLED,,market-selection/LEDGER_ADDITIONS.md,tick_size does not exist on the Kalshi market object. The tick is price_level_structure.,API fact,,
M008,NOT-A-CLOSURE,,,SETTLED,,market-selection/LEDGER_ADDITIONS.md,"Only 78 of 3,074 series charge a maker fee, and they carry 58% of 24 h volume.",fee fact,,
M009,BUG,RELABEL,devig,SETTLED,,market-selection/LEDGER_ADDITIONS.md,"⚠ RETRACTED 2026-08-09 — see LEDGER BH009. A third bisection put the boundary at 2026-05-25 on both the listing and the tape, unmoved across three measurements ","still SETTLED in market-selection's own ledger. BH009 refuted it on 2026-08-06: the boundary is a fixed calendar date, not a 69-day rolling window. LEDGER.md carries the retraction; the sub-ledger does not.",BH009 refuted it. LEDGER.md carries the retraction; market-selection's own ledger still says SETTLED.,minutes
M010,BUG,RELABEL,devig,SETTLED,,market-selection/LEDGER_ADDITIONS.md,"⚠ RETRACTED 2026-08-09 — its premise (M009) is false, so the deadline does not follow. THE 2026-08-19 DEADLINE DOES NOT EXIST and no work needs rushing to beat ",the arithmetic consequence of M009 -- the 2026-08-19 deadline that does not exist. Also still SETTLED in the sub-ledger.,Same as M009 -- and it removes a deadline that does not exist.,minutes
M012,EVIDENCE,,,SETTLED,,market-selection/LEDGER_ADDITIONS.md,Kalshi's 3-way soccer ladders are internally consistent; no basket arbitrage.,93 fully-quoted three-way events,,
M013,EVIDENCE,,,SETTLED,,market-selection/LEDGER_ADDITIONS.md,"Cross-venue MLB arbitrage is structurally dead, not statistically absent.",structural: 1.00c median gap against a 6.75c two-venue fee,,
M014,NOT-A-CLOSURE,,,SETTLED,,market-selection/LEDGER_ADDITIONS.md,"On MLB moneyline Kalshi dominates Polymarket on cost: same 1.00¢ median spread, 2.86× lower fee.",cost comparison fact,,
M015,DATA,RELABEL,devig,SETTLED,,market-selection/LEDGER_ADDITIONS.md,"Sackmann's ATP/WTA match archive is deleted, not moved. The account now has exactly one public repo.","'deleted, not moved' -- B020 found a live mirror five days later.",B020 found a live mirror.,minutes
M016,NOT-A-CLOSURE,,,UNVERIFIED,,market-selection/LEDGER_ADDITIONS.md,No surviving Sackmann mirror was found — but the search was not exhaustive.,correctly labelled not-found rather than absent; B020 answered it,,
M017,DATA,RELABEL,soccer,SETTLED,,market-selection/LEDGER_ADDITIONS.md,"football-data.co.uk serves a wrong-country file, HTTP 200, for codes it does not carry.",football-data.co.uk serves Poland for the Colombian code. That kills that source for those leagues; it is quoted as though no closing line exists for them.,"WITHDRAWN. soccer/data-sources.md had already probed thirteen sources with content hashes, and the comeback table does not use that website at all -- Colombia is one of its best-covered competitions, 4,808 fixtures. My reopen was wrong twice over.",nothing
M018,NOT-A-CLOSURE,,,SETTLED,,market-selection/LEDGER_ADDITIONS.md,Free Pinnacle closing lines genuinely exist for four leagues Kalshi trades.,coverage fact,,
M019,NOT-A-CLOSURE,,,SUGGESTIVE,,market-selection/LEDGER_ADDITIONS.md,MLB player props are tight but thin; MLB game-level markets are deep.,"SUGGESTIVE, 14 markets per family",,
M020,NOT-A-CLOSURE,,,SETTLED,,market-selection/LEDGER_ADDITIONS.md,Kalshi's open-market count is 82.9% two exotic parlay series with zero volume and 0.1% two-sided quotes.,universe composition fact,,
M021,NOT-A-CLOSURE,,,SETTLED,,market-selection/LEDGER_ADDITIONS.md,Polymarket's gamma API caps limit at 100 and 422s at offset 2100.,API fact,,
M022,NOT-A-CLOSURE,,,SUGGESTIVE,,market-selection/LEDGER_ADDITIONS.md,Polymarket books carry more price levels than Kalshi's server cap.,SUGGESTIVE,,
M023,NOT-A-CLOSURE,,,SETTLED,,market-selection/LEDGER_ADDITIONS.md,"ESPN's free feed publishes priced DraftKings player props, unkeyed.",data fact,,
M024,EVIDENCE,,,SETTLED,,market-selection/LEDGER_ADDITIONS.md,"⚠ REFUTED 2026-08-09 — see bot-hunt/reports/pinnacle_props_census.json. Measured on ESPN's DraftKings object only. Pinnacle's free guest API carries 1,730 TWO-S",0 of all scanned prop entries carry both sides,,
M025,DATA,REOPEN,devig,CANCELLED,,market-selection/LEDGER_ADDITIONS.md,"⚠ REFUTED 2026-08-09. Answerable, on Pinnacle rather than DraftKings — 1,730 free two-sided props. But read the refinements before anyone builds on it: (1) limi",'unanswerable with free data' after probing one book's feed. CANCELLED on that basis.,"One book's free feed was one-sided, so props were CANCELLED as unanswerable. Check whether any other free feed publishes both sides.",a few hours
M026,NOT-A-CLOSURE,,,SUGGESTIVE,,market-selection/LEDGER_ADDITIONS.md,"KXMLBRFI (first-inning run) has no free reference in DraftKings' prop list, and the deepest book of any MLB family.",SUGGESTIVE,,
M027,DATA,REOPEN,devig,SETTLED,,market-selection/LEDGER_ADDITIONS.md,"⚠ SUPERSEDED 2026-08-09 by LEDGER B021 — the absence claim is FALSE. A free key returned 7,786 ITF tournaments on 2026-08-06. ⚠ But read the distinction before ","'No free data source covering ITF tennis was found', SETTLED, six sources probed. B021 returned 7,786 ITF tournaments on a free key on 2026-08-06. The sub-ledger still says SETTLED and SHORTLIST.md still gives it as the reason the exchange's highest-volume tennis family has no entry.","Strike the SETTLED absence claim and re-rank the tennis families. B021 already made the call that refutes it -- nothing needs running, but the shortlist decision does need remaking.",an afternoon
