phase,factor,level,n,mis_pp,ci_lo,ci_hi,p_one,p_two,net_c,note,p_bh,bh_reject
2,headline,deep:12 (pre-committed primary),5390,-0.836,-2.097,0.422,0.90202,0.2058,-4.7915,,0.2058,False
2,headline,deep:30@38 (best-targeted),3436,-2.415,-3.905,-0.93,0.99922,0.00185,-6.1144,,0.00185,True
2,headline,label-verified subsample,223,-5.937,-11.657,-0.231,0.97625,0.06645,-9.5477,,0.06645,False
2-grid,entry definition,deep:8+0,5542,-0.91,-2.172,0.319,0.925,0.15845,-4.8467,,0.15845,False
2-grid,entry definition,deep:12+0,5390,-0.836,-2.124,0.4,0.90425,0.2021,-4.7915,,0.2021,False
2-grid,entry definition,deep:16+0,4973,-1.548,-2.866,-0.207,0.98882,0.0242,-5.4827,,0.0242,True
2-grid,entry definition,deep:20+0,4551,-1.838,-3.227,-0.427,0.99545,0.0098,-5.7413,,0.0098,True
2-grid,entry definition,deep:25+0,4052,-2.521,-4.008,-1.083,0.99968,0.00075,-6.361,,0.00075,True
2-grid,entry definition,deep:30+0,3611,-2.405,-3.896,-0.926,0.999,0.00225,-6.1701,,0.00225,True
2-grid,entry definition,deep:12@38+0,4827,-1.366,-2.687,-0.051,0.9782,0.04685,-5.2386,,0.04685,False
2-grid,entry definition,deep:20@38+0,4188,-2.185,-3.517,-0.765,0.99878,0.00305,-6.0077,,0.00305,True
2-grid,entry definition,deep:30@38+0,3436,-2.415,-3.914,-0.894,0.9993,0.00185,-6.1144,,0.00185,True
2-grid,entry definition,deep:12+5,4781,-1.522,-2.857,-0.198,0.9867,0.0291,-5.3976,,0.0291,True
2-grid,entry definition,deep:12+10,4358,-1.928,-3.28,-0.556,0.99638,0.0079,-5.7517,,0.0079,True
2-grid,entry definition,cp+0,3524,0.142,-1.279,1.619,0.43062,0.86125,-3.4834,,0.86125,False
2-grid,entry definition,cp+5,3285,0.237,-1.192,1.671,0.39165,0.7833,-3.3607,,0.7833,False
2-grid,entry definition,cp+10,3115,-0.068,-1.595,1.478,0.5409,0.949,-3.6795,,0.949,False
2-grid,entry definition,cp+15,2934,0.199,-1.364,1.695,0.40982,0.81965,-3.3301,,0.81965,False
2-grid,entry definition,cp+20,2733,-0.058,-1.664,1.492,0.53505,0.9642,-3.6127,,0.9642,False
2-grid,entry definition,causal:5+0,3846,-1.339,-2.792,0.194,0.96222,0.08145,-5.2456,,0.08145,False
2-grid,entry definition,causal:8+0,3940,-1.411,-2.906,0.04,0.97045,0.06395,-5.3155,,0.06395,False
2-grid,entry definition,causal:12+0,3866,-1.969,-3.413,-0.497,0.99495,0.0114,-5.819,,0.0114,True
2-grid,entry definition,causal:16+0,3434,-1.99,-3.594,-0.393,0.9935,0.0142,-5.8006,,0.0142,True
2-grid,entry definition,fixed+25,3094,-1.815,-3.439,-0.154,0.9854,0.033,-5.8458,,0.033,True
2-grid,entry definition,fixed+30,3296,-1.164,-2.737,0.432,0.92605,0.15795,-5.1207,,0.15795,False
2-grid,entry definition,fixed+35,3326,-1.156,-2.694,0.45,0.9248,0.1609,-5.0593,,0.1609,False
2-grid,entry definition,fixed+40,3341,-2.091,-3.659,-0.524,0.99502,0.0108,-5.9817,,0.0108,True
2-grid,entry definition,fixed+45,3335,-1.587,-3.191,-0.018,0.9762,0.0516,-5.4614,,0.0516,False
2-grid,entry definition,fixed+50,3316,-1.686,-3.258,-0.115,0.9819,0.03955,-5.5767,,0.03955,False
2-grid,entry definition,fixed+60,3381,-1.326,-2.871,0.247,0.95558,0.096,-5.0919,,0.096,False
2-grid,entry definition,fixed+75,3279,-1.652,-3.132,-0.063,0.98348,0.0374,-5.3089,,0.0374,True
2-grid,entry definition,cpleak-10,4390,6.957,5.587,8.22,0.0,0.0,2.9899,"DELIBERATE LEAK, diagnostic only",0.0,True
2-grid,entry definition,cpleak+0,3898,-2.665,-4.019,-1.314,0.99985,0.0003,-6.401,"DELIBERATE LEAK, diagnostic only",0.0003,True
4-holdout,top config,f_strength=90+,153,3.719,-2.716,9.788,0.15898,,0.2683,"holdout, run once",0.31796,False
4-holdout,top config,f_drop=30c+,283,2.087,-3.251,7.465,0.2391,,-1.4899,"holdout, run once",0.4782,False
4-holdout,top config,f_drop=5-10c,333,1.505,-3.386,6.384,0.29228,,-2.2246,"holdout, run once",0.58456,False
4-holdout,"undershoot, deep:30@38",all,3436,-2.415,-3.93,-0.889,0.0009,,-1.1951,fade side; p is one-sided for UNDERSHOOT,0.0018,True
4-holdout,"undershoot, deep:30@38",train (oldest 60%),2062,-2.513,-4.452,-0.543,0.00582,,-1.2,fade side; p is one-sided for UNDERSHOOT,0.01164,True
4-holdout,"undershoot, deep:30@38",holdout (newest 40%),1374,-2.269,-4.665,0.17,0.03102,,-1.1876,fade side; p is one-sided for UNDERSHOOT,0.06204,False
5-1b,maker fill,improve/5min,2437,,,,,,-0.949,"fill 0.709; per-opportunity, 1/4 fee",,False
5-1b,maker fill,improve/10min,2738,,,,,,-0.8711,"fill 0.797; per-opportunity, 1/4 fee",,False
5-1b,maker fill,improve/20min,2897,,,,,,-0.8308,"fill 0.843; per-opportunity, 1/4 fee",,False
5-1b,maker fill,improve/30min,2971,,,,,,-0.9048,"fill 0.865; per-opportunity, 1/4 fee",,False
5-1b,maker fill,improve/endmin,3029,,,,,,-1.2198,"fill 0.882; per-opportunity, 1/4 fee",,False
5-1b,maker fill,join_ask/5min,2167,,,,,,-0.2055,"fill 0.631; per-opportunity, 1/4 fee",,False
5-1b,maker fill,join_ask/10min,2528,,,,,,-0.3041,"fill 0.736; per-opportunity, 1/4 fee",,False
5-1b,maker fill,join_ask/20min,2749,,,,,,-0.4562,"fill 0.800; per-opportunity, 1/4 fee",,False
5-1b,maker fill,join_ask/30min,2849,,,,,,-0.5924,"fill 0.829; per-opportunity, 1/4 fee",,False
5-1b,maker fill,join_ask/endmin,2940,,,,,,-0.8713,"fill 0.856; per-opportunity, 1/4 fee",,False
5-1b,maker fill,passive/5min,1889,,,,,,-0.3142,"fill 0.550; per-opportunity, 1/4 fee",,False
5-1b,maker fill,passive/10min,2312,,,,,,-0.4206,"fill 0.673; per-opportunity, 1/4 fee",,False
5-1b,maker fill,passive/20min,2593,,,,,,-0.5847,"fill 0.755; per-opportunity, 1/4 fee",,False
5-1b,maker fill,passive/30min,2725,,,,,,-0.6544,"fill 0.793; per-opportunity, 1/4 fee",,False
5-1b,maker fill,passive/endmin,2844,,,,,,-0.9756,"fill 0.828; per-opportunity, 1/4 fee",,False
2,headline,deep:12 (pre-committed primary),1609,-0.593,-2.924,1.714,0.70022,0.63765,-3.7903,,0.63765,False
2,headline,deep:30@38 (best-targeted),846,-2.072,-5.134,0.975,0.91295,0.20025,-5.1905,,0.20025,False
2,headline,deep:12 (pre-committed primary),1632,4.042,1.801,6.251,0.00018,0.00035,0.8469,,0.00035,True
2,headline,deep:30@38 (best-targeted),873,3.369,0.311,6.416,0.01512,0.03025,0.2626,,0.03025,True
5-seg,pooled,ALL,3436,2.415,-2.675,0.316,,0.00185,-1.1951,bar +3.61pp; MDE 2.15c,0.00185,True
5-seg,T1 hour UTC,00:00–04:00 UTC,195,4.11,-5.284,6.958,,0.24755,0.8065,bar +3.30pp; MDE 9.03c,0.24755,False
5-seg,T1 hour UTC,04:00–08:00 UTC,221,4.629,-4.511,7.116,,0.16285,1.1403,bar +3.49pp; MDE 8.48c,0.16285,False
5-seg,T1 hour UTC,08:00–12:00 UTC,1161,2.931,-3.54,1.639,,0.0338,-0.9234,bar +3.85pp; MDE 3.70c,0.0338,True
5-seg,T1 hour UTC,12:00–16:00 UTC,988,1.151,-5.329,0.359,,0.46105,-2.4421,bar +3.59pp; MDE 4.01c,0.46105,False
5-seg,T1 hour UTC,16:00–20:00 UTC,671,2.665,-4.091,2.542,,0.1415,-0.7447,bar +3.41pp; MDE 4.87c,0.1415,False
5-seg,T1 hour UTC,20:00–24:00 UTC,200,0.728,-8.528,3.318,,0.8794,-2.6549,bar +3.38pp; MDE 8.91c,0.8794,False
5-seg,T2 hour ET,00:00–04:00 ET,221,4.629,-4.991,6.803,,0.15885,1.1403,bar +3.49pp; MDE 8.48c,0.15885,False
5-seg,T2 hour ET,04:00–08:00 ET,1161,2.931,-3.449,1.707,,0.0332,-0.9234,bar +3.85pp; MDE 3.70c,0.0332,True
5-seg,T2 hour ET,08:00–12:00 ET,988,1.151,-5.278,0.348,,0.4575,-2.4421,bar +3.59pp; MDE 4.01c,0.4575,False
5-seg,T2 hour ET,12:00–16:00 ET,671,2.665,-4.233,2.671,,0.13955,-0.7447,bar +3.41pp; MDE 4.87c,0.13955,False
5-seg,T2 hour ET,16:00–20:00 ET,200,0.728,-9.025,3.255,,0.8959,-2.6549,bar +3.38pp; MDE 8.91c,0.8959,False
5-seg,T2 hour ET,20:00–24:00 ET,195,4.11,-5.591,6.928,,0.25235,0.8065,bar +3.30pp; MDE 9.03c,0.25235,False
5-seg,T3 tier,ATP,192,7.971,-1.437,10.631,,0.01745,4.7948,bar +3.18pp; MDE 9.10c,0.01745,True
5-seg,T3 tier,CHALL,556,1.871,-5.135,2.283,,0.35735,-1.5334,bar +3.40pp; MDE 5.35c,0.35735,False
5-seg,T3 tier,ITF-M,1275,1.802,-4.441,0.631,,0.1765,-1.9141,bar +3.72pp; MDE 3.53c,0.1765,False
5-seg,T3 tier,ITF-W,1204,2.521,-3.591,1.223,,0.06055,-1.2155,bar +3.74pp; MDE 3.63c,0.06055,False
5-seg,T3 tier,WTA,209,1.892,-7.488,4.654,,0.6058,-1.2931,bar +3.19pp; MDE 8.72c,0.6058,False
5-seg,T4 hour x tier,CHALL @ 04:00–08:00 ET,162,3.827,-6.406,7.231,,0.32385,0.3865,bar +3.44pp; MDE 9.91c,0.32385,False
5-seg,T4 hour x tier,CHALL @ 08:00–12:00 ET,179,3.402,-6.9,6.396,,0.36155,-0.0644,bar +3.47pp; MDE 9.42c,0.36155,False
5-seg,T4 hour x tier,ITF-M @ 04:00–08:00 ET,453,0.587,-7.647,0.681,,0.82085,-3.4029,bar +3.99pp; MDE 5.92c,0.82085,False
5-seg,T4 hour x tier,ITF-M @ 08:00–12:00 ET,357,0.482,-8.042,1.61,,0.8874,-3.2517,bar +3.73pp; MDE 6.67c,0.8874,False
5-seg,T4 hour x tier,ITF-M @ 12:00–16:00 ET,205,1.049,-8.863,3.777,,0.80625,-2.4289,bar +3.48pp; MDE 8.81c,0.80625,False
5-seg,T4 hour x tier,ITF-W @ 04:00–08:00 ET,450,3.463,-4.607,3.482,,0.1198,-0.5268,bar +3.99pp; MDE 5.94c,0.1198,False
5-seg,T4 hour x tier,ITF-W @ 08:00–12:00 ET,285,-0.7,-10.008,0.953,,0.8481,-4.4319,bar +3.73pp; MDE 7.47c,0.8481,False
5-seg,T4 hour x tier,ITF-W @ 12:00–16:00 ET,217,7.348,-1.815,9.552,,0.0237,3.7914,bar +3.56pp; MDE 8.56c,0.0237,True
6-margin,reference,all label-verified,479,5.747,-1.894,6.048,,0.0067,2.141,bar +3.61pp MDE 5.71c,0.0067,True
6-margin,set-1 margin,6-0 / 6-1,36,,,,,,,skipped n<40,,False
6-margin,set-1 margin,6-2 / 6-3,160,8.147,-2.033,11.115,,0.03165,4.5641,bar +3.58pp MDE 9.47c,0.03165,True
6-margin,set-1 margin,6-4 / 7-5,190,4.124,-6.392,6.997,,0.2552,0.4661,bar +3.66pp MDE 9.51c,0.2552,False
6-margin,set-1 margin,7-6 tiebreak,93,1.839,-10.946,7.216,,0.7889,-1.6321,bar +3.47pp MDE 13.15c,0.7889,False
6-margin,tiebreak,set 1 went to a tiebreak,93,1.839,-11.04,7.285,,0.7952,-1.6321,bar +3.47pp MDE 13.15c,0.7952,False
6-margin,tiebreak,set 1 did not,386,6.689,-1.428,7.447,,0.00545,3.05,bar +3.64pp MDE 6.33c,0.00545,True
6-margin,games in set 1,6–8 games (blowout),99,10.859,-1.181,14.785,,0.0202,7.1955,bar +3.66pp MDE 11.31c,0.0202,True
6-margin,games in set 1,9–10 games,223,5.576,-3.949,7.952,,0.0868,1.9922,bar +3.58pp MDE 8.46c,0.0868,False
6-margin,games in set 1,11+ games (long set),157,2.768,-8.178,6.246,,0.5142,-0.8349,bar +3.60pp MDE 10.33c,0.5142,False
6-margin,best-of,best-of-5 (Slam men's main draw),73,6.219,-7.283,13.02,,0.31225,3.0327,bar +3.19pp MDE 14.75c,0.31225,False
6-margin,best-of,best-of-3 (everything else),406,5.663,-2.306,6.342,,0.01445,1.9806,bar +3.68pp MDE 6.19c,0.01445,True
6-margin,join canary,labelled join,3436,,,,,,,UNTESTABLE,,False
