bin_lo,bin_hi,n,mean_pred,observed_freq,gap,offset_s,model
0.0,0.1,1149,0.006345691504868409,0.02610966057441253,-0.019763969069544123,60,flat_sigma
0.1,0.2,62,0.1546230384532249,0.22580645161290322,-0.07118341315967833,60,flat_sigma
0.2,0.30000000000000004,56,0.24705623442242455,0.42857142857142855,-0.181515194149004,60,flat_sigma
0.30000000000000004,0.4,28,0.3548803202893949,0.6071428571428571,-0.25226253685346217,60,flat_sigma
0.4,0.5,43,0.45511859251903664,0.6046511627906976,-0.149532570271661,60,flat_sigma
0.5,0.6000000000000001,37,0.5598470031164318,0.9459459459459459,-0.3860989428295142,60,flat_sigma
0.6000000000000001,0.7000000000000001,39,0.6592317866314645,0.8461538461538461,-0.1869220595223816,60,flat_sigma
0.7000000000000001,0.8,47,0.7539120462923312,0.9361702127659575,-0.18225816647362625,60,flat_sigma
0.8,0.9,59,0.8548854917181642,0.9830508474576272,-0.12816535573946297,60,flat_sigma
0.9,1.0,985,0.9936734728661246,0.9989847715736041,-0.005311298707479484,60,flat_sigma
0.0,0.1,1161,0.004807393050590952,0.02756244616709733,-0.022755053116506378,60,seasonal_sigma
0.1,0.2,69,0.14838881250664504,0.30434782608695654,-0.1559590135803115,60,seasonal_sigma
0.2,0.30000000000000004,41,0.24446106981817295,0.4146341463414634,-0.17017307652329045,60,seasonal_sigma
0.30000000000000004,0.4,26,0.34861800431499457,0.6153846153846154,-0.26676661106962085,60,seasonal_sigma
0.4,0.5,41,0.4520758901322091,0.6097560975609756,-0.15768020742876648,60,seasonal_sigma
0.5,0.6000000000000001,33,0.5629341494157375,0.9393939393939394,-0.37645978997820195,60,seasonal_sigma
0.6000000000000001,0.7000000000000001,34,0.6606395408622153,0.8529411764705882,-0.19230163560837288,60,seasonal_sigma
0.7000000000000001,0.8,41,0.7547892757643624,0.926829268292683,-0.17203999252832058,60,seasonal_sigma
0.8,0.9,52,0.8504712778476035,0.9807692307692307,-0.13029795292162727,60,seasonal_sigma
0.9,1.0,1007,0.9942639308072109,0.9980139026812314,-0.0037499718740204857,60,seasonal_sigma
0.0,0.1,947,0.013606051382084757,0.027455121436114043,-0.013849070054029286,120,flat_sigma
0.1,0.2,146,0.14802225623159848,0.1643835616438356,-0.016361305412237126,120,flat_sigma
0.2,0.30000000000000004,111,0.24619447946496326,0.3333333333333333,-0.08713885386837006,120,flat_sigma
0.30000000000000004,0.4,80,0.35479337475956635,0.45,-0.09520662524043366,120,flat_sigma
0.4,0.5,77,0.4496318255983561,0.5844155844155844,-0.13478375881722826,120,flat_sigma
0.5,0.6000000000000001,67,0.547819702932566,0.7164179104477612,-0.16859820751519516,120,flat_sigma
0.6000000000000001,0.7000000000000001,79,0.6507446820718167,0.8734177215189873,-0.22267303944717065,120,flat_sigma
0.7000000000000001,0.8,87,0.7508695032592325,0.8850574712643678,-0.13418796800513533,120,flat_sigma
0.8,0.9,133,0.8510004493081804,0.9624060150375939,-0.11140556572941351,120,flat_sigma
0.9,1.0,778,0.9840535157455949,0.9961439588688946,-0.012090443123299766,120,flat_sigma
0.0,0.1,988,0.011881214281602477,0.030364372469635626,-0.01848315818803315,120,seasonal_sigma
0.1,0.2,139,0.1474736016082972,0.2158273381294964,-0.0683537365211992,120,seasonal_sigma
0.2,0.30000000000000004,88,0.24191513800590034,0.3522727272727273,-0.11035758926682696,120,seasonal_sigma
0.30000000000000004,0.4,74,0.3489560057204114,0.4594594594594595,-0.11050345373904807,120,seasonal_sigma
0.4,0.5,72,0.44703317656372693,0.5972222222222222,-0.15018904565849528,120,seasonal_sigma
0.5,0.6000000000000001,59,0.54665335791341,0.711864406779661,-0.16521104886625104,120,seasonal_sigma
0.6000000000000001,0.7000000000000001,72,0.6522213254395963,0.8611111111111112,-0.20888978567151484,120,seasonal_sigma
0.7000000000000001,0.8,77,0.7502659123210864,0.9090909090909091,-0.15882499676982265,120,seasonal_sigma
0.8,0.9,122,0.855276342131545,0.9426229508196722,-0.08734660868812716,120,seasonal_sigma
0.9,1.0,814,0.9864159009406539,0.9926289926289926,-0.006213091688338723,120,seasonal_sigma
0.0,0.1,588,0.03346678780046122,0.047619047619047616,-0.014152259818586393,300,flat_sigma
0.1,0.2,249,0.1489765595043955,0.1686746987951807,-0.019698139290785205,300,flat_sigma
0.2,0.30000000000000004,195,0.25001277646206055,0.28205128205128205,-0.0320385055892215,300,flat_sigma
0.30000000000000004,0.4,157,0.3502699985721999,0.4267515923566879,-0.07648159378448799,300,flat_sigma
0.4,0.5,179,0.4478872857808319,0.5586592178770949,-0.11077193209626301,300,flat_sigma
0.5,0.6000000000000001,165,0.5509172018225383,0.593939393939394,-0.04302219211685565,300,flat_sigma
0.6000000000000001,0.7000000000000001,159,0.6475169801804287,0.7358490566037735,-0.08833207642334484,300,flat_sigma
0.7000000000000001,0.8,175,0.7460457680769014,0.8285714285714286,-0.08252566049452725,300,flat_sigma
0.8,0.9,236,0.8545973376878956,0.940677966101695,-0.08608062841379938,300,flat_sigma
0.9,1.0,402,0.9653414335740903,0.972636815920398,-0.007295382346307666,300,flat_sigma
0.0,0.1,642,0.029855728849912225,0.04984423676012461,-0.019988507910212384,300,seasonal_sigma
0.1,0.2,239,0.14722115899879668,0.20920502092050208,-0.06198386192170541,300,seasonal_sigma
0.2,0.30000000000000004,183,0.25160551086420496,0.2896174863387978,-0.03801197547459284,300,seasonal_sigma
0.30000000000000004,0.4,140,0.35383215374716276,0.4785714285714286,-0.12473927482426583,300,seasonal_sigma
0.4,0.5,164,0.44742809892759955,0.5487804878048781,-0.10135238887727854,300,seasonal_sigma
0.5,0.6000000000000001,150,0.5507690544085148,0.5866666666666667,-0.03589761225815191,300,seasonal_sigma
0.6000000000000001,0.7000000000000001,152,0.6481609229351898,0.7171052631578947,-0.0689443402227049,300,seasonal_sigma
0.7000000000000001,0.8,166,0.7494404554121351,0.8192771084337349,-0.0698366530215998,300,seasonal_sigma
0.8,0.9,204,0.855454721399689,0.9215686274509803,-0.0661139060512913,300,seasonal_sigma
0.9,1.0,465,0.9657227691900756,0.9720430107526882,-0.006320241562612572,300,seasonal_sigma
0.0,0.1,139,0.06455134513808881,0.1079136690647482,-0.04336232392665938,600,flat_sigma
0.1,0.2,258,0.15498824092023283,0.14728682170542637,0.007701419214806465,600,flat_sigma
0.2,0.30000000000000004,326,0.2488950432454457,0.3159509202453988,-0.06705587699995308,600,flat_sigma
0.30000000000000004,0.4,349,0.35079865722540154,0.40114613180515757,-0.050347474579756024,600,flat_sigma
0.4,0.5,350,0.4499935211093883,0.4685714285714286,-0.0185779074620403,600,flat_sigma
0.5,0.6000000000000001,318,0.5491906274646801,0.5817610062893082,-0.0325703788246281,600,flat_sigma
0.6000000000000001,0.7000000000000001,284,0.6484175722435483,0.7183098591549296,-0.06989228691138127,600,flat_sigma
0.7000000000000001,0.8,212,0.7472983946948306,0.7735849056603774,-0.026286510965546794,600,flat_sigma
0.8,0.9,185,0.8465199648550089,0.9297297297297298,-0.08320976487472087,600,flat_sigma
0.9,1.0,84,0.936440681279718,0.9523809523809523,-0.015940271101234305,600,flat_sigma
0.0,0.1,156,0.061610415279071726,0.10897435897435898,-0.04736394369528725,600,seasonal_sigma
0.1,0.2,278,0.15523502040227458,0.16546762589928057,-0.010232605497005998,600,seasonal_sigma
0.2,0.30000000000000004,311,0.2495849649244807,0.3311897106109325,-0.08160474568645179,600,seasonal_sigma
0.30000000000000004,0.4,347,0.35115742479569395,0.3919308357348703,-0.04077341093917636,600,seasonal_sigma
0.4,0.5,330,0.45100900710906744,0.47878787878787876,-0.027778871678811323,600,seasonal_sigma
0.5,0.6000000000000001,306,0.5492081778505925,0.5816993464052288,-0.032491168554636296,600,seasonal_sigma
0.6000000000000001,0.7000000000000001,276,0.6483000595973033,0.6992753623188406,-0.050975302721537274,600,seasonal_sigma
0.7000000000000001,0.8,218,0.7477831902347524,0.7752293577981652,-0.027446167563412782,600,seasonal_sigma
0.8,0.9,188,0.8493993546997927,0.9308510638297872,-0.08145170912999455,600,seasonal_sigma
0.9,1.0,95,0.9390372089048179,0.9473684210526315,-0.008331212147813627,600,seasonal_sigma
0.0,0.1,13,0.07210440864086912,0.3076923076923077,-0.2355878990514386,780,flat_sigma
0.1,0.2,86,0.15426155448645607,0.2441860465116279,-0.08992449202517183,780,flat_sigma
0.2,0.30000000000000004,284,0.25770903960651814,0.3415492957746479,-0.08384025616812973,780,flat_sigma
0.30000000000000004,0.4,484,0.3523844610745834,0.3677685950413223,-0.015384133966738933,780,flat_sigma
0.4,0.5,613,0.45115220723215793,0.4535073409461664,-0.0023551337140084727,780,flat_sigma
0.5,0.6000000000000001,502,0.5456105588872485,0.5896414342629482,-0.04403087537569972,780,flat_sigma
0.6000000000000001,0.7000000000000001,319,0.6435705139741932,0.7241379310344828,-0.08056741706028958,780,flat_sigma
0.7000000000000001,0.8,148,0.7407097560197389,0.777027027027027,-0.0363172710072881,780,flat_sigma
0.8,0.9,51,0.8342414189762631,0.7843137254901961,0.04992769348606707,780,flat_sigma
0.9,1.0,5,0.9187065241159361,1.0,-0.08129347588406388,780,flat_sigma
0.0,0.1,16,0.07387852687896974,0.375,-0.30112147312103027,780,seasonal_sigma
0.1,0.2,94,0.15650086797466647,0.23404255319148937,-0.07754168521682289,780,seasonal_sigma
0.2,0.30000000000000004,289,0.2579506105177656,0.3391003460207612,-0.08114973550299565,780,seasonal_sigma
0.30000000000000004,0.4,481,0.35249697486533077,0.367983367983368,-0.015486393118037234,780,seasonal_sigma
0.4,0.5,600,0.45124431956174077,0.4583333333333333,-0.007089013771592545,780,seasonal_sigma
0.5,0.6000000000000001,495,0.5457989378113296,0.5898989898989899,-0.044100052087660324,780,seasonal_sigma
0.6000000000000001,0.7000000000000001,315,0.6434792549795317,0.7174603174603175,-0.07398106248078573,780,seasonal_sigma
0.7000000000000001,0.8,155,0.740538174910055,0.7806451612903226,-0.04010698638026755,780,seasonal_sigma
0.8,0.9,54,0.835275189272636,0.7777777777777778,0.05749741149485821,780,seasonal_sigma
0.9,1.0,6,0.9196175180869796,1.0,-0.08038248191302044,780,seasonal_sigma
