family,n,brier_model,brier_mid,brier_skill_score,logloss_model,logloss_mid,paired_diff_mean,ci_lo,ci_hi,p_value,beats_mid,offset_s,model,n_rows,base_rate,q_value,survives_fdr,beats_coinflip_after_fdr
KXBTC15M@60s::always_50,6262,0.25,0.25,0.0,0.693147,0.693147,0.0,0.0,0.0,2.0,False,60,always_50,6262,0.49297349089747683,1.0,False,False
KXBTC15M@60s::gbm_ewma,6262,0.039276,0.25,0.842895,0.139686,0.693147,0.21072366,0.20791334,0.21334613,0.0,True,60,gbm_ewma,6262,0.49297349089747683,0.0,True,True
KXBTC15M@60s::gbm_rv60,6262,0.040442,0.25,0.838231,0.141318,0.693147,0.20955765,0.20690551,0.21210706,0.0,True,60,gbm_rv60,6262,0.49297349089747683,0.0,True,True
KXBTC15M@60s::settlement_aware_ewma,6262,0.036328,0.25,0.854688,0.135358,0.693147,0.21367197,0.21030869,0.21683622,0.0,True,60,settlement_aware_ewma,6262,0.49297349089747683,0.0,True,True
KXBTC15M@60s::student_t_ewma,6262,0.037415,0.25,0.850339,0.130989,0.693147,0.21258477,0.20957129,0.21537534,0.0,True,60,student_t_ewma,6262,0.49297349089747683,0.0,True,True
KXBTC15M@60s::momentum,6262,0.189427,0.25,0.242294,0.566733,0.693147,0.06057342,0.05922996,0.06191313,0.0,True,60,momentum,6262,0.49297349089747683,0.0,True,True
KXBTC15M@60s::reversal,6262,0.333459,0.25,-0.333834,0.88615,0.693147,-0.08345859,-0.08609893,-0.08086892,0.0,False,60,reversal,6262,0.49297349089747683,0.0,True,False
KXBTC15M@120s::always_50,6262,0.25,0.25,0.0,0.693147,0.693147,0.0,0.0,0.0,2.0,False,120,always_50,6262,0.49297349089747683,1.0,False,False
KXBTC15M@120s::gbm_ewma,6262,0.06245,0.25,0.7502,0.21356,0.693147,0.1875501,0.18402385,0.19083828,0.0,True,120,gbm_ewma,6262,0.49297349089747683,0.0,True,True
KXBTC15M@120s::gbm_rv60,6262,0.063652,0.25,0.745391,0.216367,0.693147,0.18634777,0.18285974,0.18967721,0.0,True,120,gbm_rv60,6262,0.49297349089747683,0.0,True,True
KXBTC15M@120s::settlement_aware_ewma,6262,0.060517,0.25,0.757933,0.208779,0.693147,0.18948332,0.18562556,0.19305954,0.0,True,120,settlement_aware_ewma,6262,0.49297349089747683,0.0,True,True
KXBTC15M@120s::student_t_ewma,6262,0.060503,0.25,0.757987,0.205082,0.693147,0.18949669,0.18554972,0.19308865,0.0,True,120,student_t_ewma,6262,0.49297349089747683,0.0,True,True
KXBTC15M@120s::momentum,6262,0.192265,0.25,0.230942,0.572779,0.693147,0.05773538,0.05635088,0.05903562,0.0,True,120,momentum,6262,0.49297349089747683,0.0,True,True
KXBTC15M@120s::reversal,6262,0.329533,0.25,-0.318131,0.875089,0.693147,-0.07953278,-0.08210335,-0.07708138,0.0,False,120,reversal,6262,0.49297349089747683,0.0,True,False
KXBTC15M@300s::always_50,6262,0.25,0.25,0.0,0.693147,0.693147,0.0,0.0,0.0,2.0,False,300,always_50,6262,0.49297349089747683,1.0,False,False
KXBTC15M@300s::gbm_ewma,6262,0.117184,0.25,0.531266,0.374634,0.693147,0.13281638,0.12817079,0.13729545,0.0,True,300,gbm_ewma,6262,0.49297349089747683,0.0,True,True
KXBTC15M@300s::gbm_rv60,6262,0.11802,0.25,0.527921,0.37656,0.693147,0.1319803,0.12740417,0.13638787,0.0,True,300,gbm_rv60,6262,0.49297349089747683,0.0,True,True
KXBTC15M@300s::settlement_aware_ewma,6262,0.11638,0.25,0.534481,0.372476,0.693147,0.13362015,0.12882748,0.1382805,0.0,True,300,settlement_aware_ewma,6262,0.49297349089747683,0.0,True,True
KXBTC15M@300s::student_t_ewma,6262,0.115509,0.25,0.537963,0.367627,0.693147,0.13449068,0.12938638,0.13947559,0.0,True,300,student_t_ewma,6262,0.49297349089747683,0.0,True,True
KXBTC15M@300s::momentum,6262,0.203482,0.25,0.186071,0.596507,0.693147,0.04651766,0.0450679,0.04792363,0.0,True,300,momentum,6262,0.49297349089747683,0.0,True,True
KXBTC15M@300s::reversal,6262,0.314278,0.25,-0.257114,0.837848,0.693147,-0.06427844,-0.06667674,-0.06194614,0.0,False,300,reversal,6262,0.49297349089747683,0.0,True,False
KXBTC15M@600s::always_50,6262,0.25,0.25,0.0,0.693147,0.693147,0.0,0.0,0.0,2.0,False,600,always_50,6262,0.49297349089747683,1.0,False,False
KXBTC15M@600s::gbm_ewma,6262,0.189307,0.25,0.242772,0.55862,0.693147,0.06069294,0.05636292,0.06509431,0.0,True,600,gbm_ewma,6262,0.49297349089747683,0.0,True,True
KXBTC15M@600s::gbm_rv60,6262,0.189244,0.25,0.243022,0.557886,0.693147,0.06075557,0.0564144,0.06510287,0.0,True,600,gbm_rv60,6262,0.49297349089747683,0.0,True,True
KXBTC15M@600s::settlement_aware_ewma,6262,0.189181,0.25,0.243274,0.558304,0.693147,0.06081858,0.05637666,0.0653598,0.0,True,600,settlement_aware_ewma,6262,0.49297349089747683,0.0,True,True
KXBTC15M@600s::student_t_ewma,6262,0.18967,0.25,0.241322,0.55965,0.693147,0.0603305,0.05527636,0.06548141,0.0,True,600,student_t_ewma,6262,0.49297349089747683,0.0,True,True
KXBTC15M@600s::momentum,6262,0.224787,0.25,0.100853,0.641605,0.693147,0.02521334,0.02387576,0.02655256,0.0,True,600,momentum,6262,0.49297349089747683,0.0,True,True
KXBTC15M@600s::reversal,6262,0.285115,0.25,-0.140458,0.769748,0.693147,-0.03511451,-0.03687677,-0.03329566,0.0,False,600,reversal,6262,0.49297349089747683,0.0,True,False
KXBTC15M@780s::always_50,6262,0.25,0.25,0.0,0.693147,0.693147,0.0,0.0,0.0,2.0,False,780,always_50,6262,0.49297349089747683,1.0,False,False
KXBTC15M@780s::gbm_ewma,6262,0.223754,0.25,0.104982,0.638661,0.693147,0.02624554,0.02282722,0.0297119,0.0,True,780,gbm_ewma,6262,0.49297349089747683,0.0,True,True
KXBTC15M@780s::gbm_rv60,6262,0.223734,0.25,0.105063,0.638801,0.693147,0.02626563,0.02280933,0.02981237,0.0,True,780,gbm_rv60,6262,0.49297349089747683,0.0,True,True
KXBTC15M@780s::settlement_aware_ewma,6262,0.223722,0.25,0.105112,0.638653,0.693147,0.02627792,0.02278593,0.02981371,0.0,True,780,settlement_aware_ewma,6262,0.49297349089747683,0.0,True,True
KXBTC15M@780s::student_t_ewma,6262,0.224355,0.25,0.102579,0.640885,0.693147,0.02564472,0.0214955,0.02983558,0.0,True,780,student_t_ewma,6262,0.49297349089747683,0.0,True,True
KXBTC15M@780s::momentum,6262,0.237913,0.25,0.048347,0.668482,0.693147,0.01208677,0.0110418,0.01319185,0.0,True,780,momentum,6262,0.49297349089747683,0.0,True,True
KXBTC15M@780s::reversal,6262,0.26692,0.25,-0.067681,0.728549,0.693147,-0.01692013,-0.01823878,-0.01564181,0.0,False,780,reversal,6262,0.49297349089747683,0.0,True,False
