before,after,tier
4.5,-3.0,Challenger
3.0,4.5,Challenger
5.0,-2.0,Challenger
2.0,-4.0,Challenger
4.0,-2.0,Challenger
2.0,10.0,Challenger
3.5,-3.0,Challenger
3.0,-3.0,Challenger
3.0,-4.0,Challenger
9.0,12.0,Challenger
13.0,-5.0,Challenger
5.0,15.0,Challenger
7.0,-4.0,Challenger
0.5,0.0,Challenger
4.5,-7.0,Challenger
0.0,-2.0,Challenger
4.5,20.5,Challenger
22.0,-0.5,Challenger
5.5,0.5,Challenger
0.0,-3.0,Challenger
5.0,3.0,Challenger
6.0,-0.0,Challenger
2.0,-6.5,Challenger
5.0,-2.0,Challenger
4.5,-1.0,Challenger
1.0,1.0,Challenger
6.0,19.0,Challenger
25.0,-0.0,Challenger
21.0,1.0,Challenger
-0.5,3.0,Challenger
3.5,-3.0,Challenger
3.0,4.0,Challenger
5.0,-2.0,Challenger
2.0,-4.0,Challenger
5.0,-3.0,Challenger
3.0,10.0,Challenger
2.5,-1.5,Challenger
1.5,-3.0,Challenger
3.0,-4.0,Challenger
6.0,12.0,Challenger
13.0,-5.0,Challenger
5.0,15.0,Challenger
6.0,-2.0,Challenger
1.0,-0.0,Challenger
4.5,-7.0,Challenger
-1.0,-1.0,Challenger
4.0,21.5,Challenger
22.0,-2.5,Challenger
5.0,1.0,Challenger
-0.0,-3.0,Challenger
5.0,3.0,Challenger
6.0,0.0,Challenger
2.0,-5.5,Challenger
6.0,-4.0,Challenger
3.5,-1.0,Challenger
2.0,-0.0,Challenger
6.0,19.0,Challenger
26.5,0.0,Challenger
21.0,1.0,Challenger
-0.5,3.0,Challenger
1.5,1.0,Challenger
0.0,0.5,Challenger
7.0,-1.0,Challenger
2.5,-3.0,Challenger
3.0,-1.0,Challenger
18.0,6.0,Challenger
6.0,-1.0,Challenger
6.0,-7.0,Challenger
8.0,-4.0,Challenger
-1.0,-2.0,Challenger
9.5,6.0,Challenger
2.5,5.5,Challenger
7.5,25.5,Challenger
25.5,4.0,Challenger
2.0,-3.0,Challenger
2.0,-3.0,Challenger
4.0,7.0,Challenger
1.0,1.0,Challenger
-0.0,1.0,Challenger
7.0,-1.0,Challenger
2.0,-3.0,Challenger
3.0,-0.5,Challenger
17.5,6.0,Challenger
6.0,-1.0,Challenger
6.0,-7.0,Challenger
8.0,-4.0,Challenger
-1.0,-2.0,Challenger
9.5,6.0,Challenger
1.5,5.5,Challenger
5.5,26.5,Challenger
26.5,4.0,Challenger
2.0,-2.0,Challenger
2.0,-3.0,Challenger
4.0,8.0,Challenger
4.0,5.0,Challenger
0.0,10.0,Challenger
10.0,2.0,Challenger
-1.0,0.0,Challenger
1.0,-2.0,Challenger
3.0,5.0,Challenger
3.0,1.0,Challenger
1.0,1.0,Challenger
4.0,0.0,Challenger
1.0,0.0,Challenger
-1.0,1.0,Challenger
0.0,0.0,Challenger
0.0,0.0,Challenger
4.0,3.5,Challenger
-0.0,10.0,Challenger
10.0,2.0,Challenger
-0.0,-1.0,Challenger
1.5,-2.0,Challenger
3.0,5.0,Challenger
2.0,1.0,Challenger
1.0,1.0,Challenger
4.0,-0.0,Challenger
1.0,-0.0,Challenger
1.0,-0.0,Challenger
-0.0,-0.0,Challenger
-0.0,-0.0,Challenger
2.0,6.0,Challenger
8.0,-1.0,Challenger
9.5,7.5,Challenger
1.0,3.0,Challenger
3.0,-1.0,Challenger
1.0,1.0,Challenger
0.0,-2.0,Challenger
2.0,1.0,Challenger
4.5,-5.0,Challenger
5.0,-1.0,Challenger
4.0,-4.0,Challenger
2.0,1.0,Challenger
2.0,2.0,Challenger
6.0,-2.0,Challenger
2.0,-0.5,Challenger
1.5,-1.0,Challenger
2.0,6.0,Challenger
8.0,-1.0,Challenger
10.0,7.0,Challenger
1.0,3.0,Challenger
3.0,-1.0,Challenger
1.0,1.0,Challenger
-0.0,-2.0,Challenger
2.0,1.0,Challenger
4.0,-5.0,Challenger
5.0,-1.0,Challenger
4.0,-4.0,Challenger
2.0,1.0,Challenger
2.0,1.0,Challenger
6.0,-2.0,Challenger
2.0,-0.0,Challenger
2.0,-1.0,Challenger
2.5,2.0,Challenger
4.0,-3.0,Challenger
-0.0,13.0,Challenger
17.0,-17.0,Challenger
16.0,1.0,Challenger
0.5,15.5,Challenger
15.5,-3.0,Challenger
6.0,1.0,Challenger
-1.0,-4.0,Challenger
1.0,0.0,Challenger
4.0,-3.0,Challenger
3.0,-3.0,Challenger
3.0,-2.0,Challenger
3.0,-3.0,Challenger
3.0,-1.0,Challenger
1.0,-3.0,Challenger
3.0,-1.0,Challenger
3.0,-4.0,Challenger
1.0,5.0,Challenger
6.0,2.5,Challenger
13.5,-1.0,Challenger
2.5,2.0,Challenger
2.5,-2.0,Challenger
0.0,13.0,Challenger
18.0,-17.0,Challenger
16.0,1.0,Challenger
1.0,15.0,Challenger
15.0,-4.0,Challenger
7.0,1.0,Challenger
-0.5,-3.5,Challenger
1.0,-0.0,Challenger
4.0,-3.0,Challenger
3.0,-3.0,Challenger
3.0,-2.0,Challenger
2.5,-3.5,Challenger
3.5,-2.0,Challenger
2.0,-3.0,Challenger
3.0,-1.0,Challenger
3.0,-4.0,Challenger
1.0,4.5,Challenger
6.0,1.0,Challenger
15.0,-1.0,Challenger
3.0,-3.0,Challenger
3.0,-2.0,Challenger
12.0,2.0,Challenger
-0.0,-0.0,Challenger
0.0,0.0,Challenger
2.0,-1.0,Challenger
0.5,12.0,Challenger
9.0,-5.0,Challenger
17.0,4.0,Challenger
4.0,2.0,Challenger
2.0,-3.0,Challenger
3.0,-3.0,Challenger
4.0,0.0,Challenger
-0.0,-2.0,Challenger
3.0,3.0,Challenger
13.0,-13.0,Challenger
4.0,-0.0,Challenger
1.0,3.0,Challenger
6.0,-0.5,Challenger
5.0,-4.0,Challenger
4.0,-1.0,Challenger
11.0,2.0,Challenger
0.0,1.0,Challenger
-1.0,1.5,Challenger
2.0,-1.0,Challenger
0.5,13.0,Challenger
9.0,-4.0,Challenger
17.0,4.0,Challenger
4.0,2.0,Challenger
2.0,-3.0,Challenger
3.0,-3.0,Challenger
4.0,1.0,Challenger
-1.0,-1.0,Challenger
3.0,3.5,Challenger
13.0,-13.0,Challenger
3.5,0.5,Challenger
1.0,3.0,Challenger
6.0,-0.5,Challenger
4.0,-4.0,Challenger
1.0,2.0,Challenger
5.5,8.5,Challenger
4.5,-4.5,Challenger
1.0,4.5,Challenger
5.0,9.0,Challenger
3.0,-4.5,Challenger
4.5,-2.5,Challenger
2.5,-3.0,Challenger
5.0,2.0,Challenger
8.5,13.5,Challenger
8.5,6.0,Challenger
10.0,-5.0,Challenger
5.0,16.0,Challenger
23.0,9.0,Challenger
32.0,-1.0,Challenger
6.0,-3.0,Challenger
16.0,-2.0,Challenger
17.0,-6.0,Challenger
9.0,-8.0,Challenger
8.0,14.0,Challenger
19.5,3.5,Challenger
10.0,-7.0,Challenger
11.5,-5.0,Challenger
7.0,-9.0,Challenger
9.0,18.0,Challenger
4.0,-5.0,Challenger
5.0,-3.0,Challenger
3.0,-3.0,Challenger
5.0,2.0,Challenger
7.5,13.5,Challenger
8.0,6.0,Challenger
10.0,-5.0,Challenger
5.0,16.0,Challenger
23.0,9.0,Challenger
32.0,0.0,Challenger
6.0,-3.0,Challenger
16.0,-2.0,Challenger
13.5,-6.0,Challenger
9.5,-9.5,Challenger
9.5,13.0,Challenger
19.0,4.0,Challenger
10.0,-7.0,Challenger
14.0,-4.5,Challenger
7.0,-9.0,Challenger
9.0,18.0,Challenger
19.5,-4.5,Challenger
4.5,-1.5,Challenger
4.5,5.0,Challenger
13.0,1.5,Challenger
15.5,3.0,Challenger
3.0,6.0,Challenger
8.0,-2.0,Challenger
-0.0,6.5,Challenger
2.5,-3.0,Challenger
4.5,-2.5,Challenger
2.5,2.0,Challenger
2.0,-0.0,Challenger
9.0,11.5,Challenger
17.5,0.0,Challenger
29.0,5.0,Challenger
8.0,-11.0,Challenger
11.0,3.5,Challenger
9.5,-12.0,Challenger
12.0,13.0,Challenger
30.0,-9.0,Challenger
23.0,-0.0,Challenger
9.5,-13.0,Challenger
35.5,5.5,Challenger
19.0,-4.0,Challenger
4.0,-6.0,Challenger
4.5,5.0,Challenger
15.0,-3.0,Challenger
14.5,4.0,Challenger
4.0,6.0,Challenger
8.0,-2.0,Challenger
-0.5,7.0,Challenger
2.5,-3.0,Challenger
4.5,-2.5,Challenger
2.5,1.0,Challenger
1.0,1.0,Challenger
10.0,10.5,Challenger
17.0,2.0,Challenger
28.0,5.0,Challenger
7.0,-10.0,Challenger
10.0,4.5,Challenger
12.5,-14.0,Challenger
14.0,13.0,Challenger
31.0,-10.0,Challenger
23.0,2.0,Challenger
9.5,-14.0,Challenger
34.5,8.0,Challenger
1.5,-6.5,Challenger
8.0,-7.0,Challenger
7.0,16.0,Challenger
20.5,2.0,Challenger
3.0,-3.0,Challenger
3.0,8.0,Challenger
9.5,-15.0,Challenger
15.0,-10.0,Challenger
13.5,5.0,Challenger
8.0,-2.0,Challenger
2.0,-0.0,Challenger
1.0,-6.0,Challenger
6.0,-7.0,Challenger
7.0,-7.0,Challenger
6.0,-0.5,Challenger
5.0,11.0,Challenger
17.0,-6.0,Challenger
6.0,-1.0,Challenger
2.0,3.0,Challenger
7.0,3.0,Challenger
6.0,16.0,Challenger
35.0,5.0,Challenger
1.5,-8.0,Challenger
8.0,-7.0,Challenger
7.0,16.0,Challenger
21.5,1.5,Challenger
3.5,-3.0,Challenger
3.0,8.0,Challenger
9.5,-15.0,Challenger
15.0,-10.0,Challenger
13.5,4.0,Challenger
8.0,-2.0,Challenger
2.0,-1.0,Challenger
-0.0,-5.0,Challenger
5.0,-6.0,Challenger
6.0,-7.0,Challenger
5.0,0.0,Challenger
5.0,11.0,Challenger
17.0,-6.5,Challenger
6.5,-1.5,Challenger
2.0,3.0,Challenger
6.0,2.0,Challenger
6.0,14.0,Challenger
35.0,5.0,Challenger
9.5,3.0,Challenger
3.0,1.0,Challenger
9.0,3.0,Challenger
3.0,2.0,Challenger
0.0,8.0,Challenger
8.0,0.5,Challenger
1.5,3.0,Challenger
3.0,1.0,Challenger
1.0,1.0,Challenger
1.0,0.0,Challenger
1.0,-1.0,Challenger
1.0,-0.0,Challenger
-1.0,0.0,Challenger
3.0,1.0,Challenger
2.0,-2.0,Challenger
2.0,2.0,Challenger
0.0,-4.0,Challenger
1.0,-0.0,Challenger
2.0,5.0,Challenger
7.5,17.5,Challenger
19.5,6.0,Challenger
6.0,-1.0,Challenger
8.0,15.0,Challenger
15.0,-3.0,Challenger
13.5,21.0,Challenger
21.5,-5.0,Challenger
5.0,3.0,Challenger
3.0,-3.5,Challenger
-2.0,-2.0,Challenger
-1.0,8.0,Challenger
8.0,0.5,Challenger
1.5,3.0,Challenger
3.0,1.0,Challenger
1.0,1.0,Challenger
1.0,-0.0,Challenger
-0.0,-0.0,Challenger
1.0,0.0,Challenger
-1.0,-0.0,Challenger
3.0,1.0,Challenger
2.0,-1.0,Challenger
1.0,3.0,Challenger
-0.0,-4.0,Challenger
1.0,0.0,Challenger
2.0,5.0,Challenger
7.5,17.5,Challenger
20.0,6.0,Challenger
6.0,-1.0,Challenger
8.0,15.0,Challenger
15.0,-3.0,Challenger
14.0,21.0,Challenger
21.5,-5.0,Challenger
5.0,3.0,Challenger
3.0,-3.5,Challenger
-2.0,-2.0,Challenger
3.5,1.5,Challenger
18.0,4.0,Challenger
4.0,-2.0,Challenger
3.0,-3.0,Challenger
3.0,-0.0,Challenger
2.0,-5.0,Challenger
5.0,6.0,Challenger
2.5,1.5,Challenger
18.0,4.0,Challenger
4.0,-2.0,Challenger
3.0,-3.0,Challenger
3.0,0.0,Challenger
2.0,-5.0,Challenger
5.0,6.0,Challenger
3.0,-3.0,Challenger
3.0,1.0,Challenger
0.0,-5.0,Challenger
5.0,4.0,Challenger
3.5,-2.0,Challenger
2.0,2.0,Challenger
-0.0,-5.0,Challenger
5.0,4.0,Challenger
2.0,5.0,Challenger
1.0,-1.0,Challenger
1.0,-1.0,Challenger
1.0,-1.0,Challenger
2.0,0.0,Challenger
-0.0,-1.0,Challenger
1.0,1.0,Challenger
1.0,-1.0,Challenger
1.0,0.0,Challenger
2.5,0.0,Challenger
1.0,0.0,Challenger
0.0,0.0,Challenger
1.0,0.0,Challenger
-0.0,-0.0,Challenger
0.0,0.0,Challenger
2.0,5.0,Challenger
1.0,-1.0,Challenger
1.0,-1.0,Challenger
1.0,-1.0,Challenger
2.0,-0.0,Challenger
0.0,-1.0,Challenger
1.0,1.0,Challenger
0.5,-0.5,Challenger
1.5,-0.0,Challenger
2.0,1.0,Challenger
1.0,-0.0,Challenger
1.0,-0.0,Challenger
1.0,-0.0,Challenger
0.0,0.0,Challenger
-0.0,-0.0,Challenger
3.5,-1.0,Challenger
2.5,-2.0,Challenger
2.0,5.0,Challenger
6.0,-2.0,Challenger
1.5,4.0,Challenger
4.0,-1.0,Challenger
2.5,-2.0,Challenger
2.0,5.0,Challenger
6.0,-2.0,Challenger
2.0,4.0,Challenger
5.5,9.0,Challenger
12.0,-6.0,Challenger
3.0,4.0,Challenger
6.0,2.0,Challenger
5.0,2.0,Challenger
3.0,-4.0,Challenger
4.0,-4.0,Challenger
4.0,-6.0,Challenger
1.0,8.0,Challenger
3.0,-0.0,Challenger
1.0,4.0,Challenger
8.0,2.0,Challenger
8.0,-1.0,Challenger
1.0,-2.0,Challenger
2.0,1.0,Challenger
2.0,-1.0,Challenger
4.0,-0.0,Challenger
5.5,9.0,Challenger
12.0,-6.0,Challenger
3.0,4.0,Challenger
6.0,2.0,Challenger
5.0,2.0,Challenger
3.0,-4.0,Challenger
4.0,-4.0,Challenger
4.0,-6.0,Challenger
1.0,8.0,Challenger
3.0,0.0,Challenger
1.0,4.0,Challenger
8.0,1.5,Challenger
8.0,-1.0,Challenger
1.0,-2.0,Challenger
2.0,1.0,Challenger
2.0,-1.0,Challenger
4.0,0.0,Challenger
2.0,-5.5,Challenger
5.5,3.5,Challenger
8.0,2.0,Challenger
12.0,7.0,Challenger
7.0,-4.0,Challenger
5.0,-6.5,Challenger
6.5,4.5,Challenger
3.0,-2.0,Challenger
-3.5,-0.5,Challenger
2.0,1.5,Challenger
5.0,5.5,Challenger
17.5,-1.5,Challenger
2.0,-3.0,Challenger
3.0,-4.5,Challenger
6.0,-2.0,Challenger
2.0,10.5,Challenger
21.5,4.0,Challenger
2.5,-5.5,Challenger
5.5,5.5,Challenger
8.5,2.0,Challenger
12.5,7.5,Challenger
7.5,-4.0,Challenger
5.0,-6.5,Challenger
6.5,4.5,Challenger
3.5,-1.0,Challenger
-3.5,-0.5,Challenger
2.0,2.0,Challenger
5.0,5.0,Challenger
18.5,-1.5,Challenger
2.0,-3.0,Challenger
3.0,-4.0,Challenger
6.0,-2.0,Challenger
2.0,11.5,Challenger
22.0,4.0,Challenger
9.0,5.0,Challenger
7.0,1.0,Challenger
3.5,-4.0,Challenger
0.5,0.0,Challenger
0.5,8.5,Challenger
10.5,-4.0,Challenger
4.0,-1.0,Challenger
0.5,-2.0,Challenger
2.0,-1.0,Challenger
11.0,-0.0,Challenger
1.0,-2.0,Challenger
2.0,-1.0,Challenger
1.0,-1.0,Challenger
1.0,4.0,Challenger
1.5,2.0,Challenger
2.0,1.0,Challenger
1.0,1.0,Challenger
7.5,6.0,Challenger
7.0,1.0,Challenger
4.0,-3.0,Challenger
-0.5,1.0,Challenger
0.5,8.5,Challenger
10.0,-4.5,Challenger
4.0,-1.0,Challenger
0.5,-2.0,Challenger
2.0,-1.0,Challenger
11.0,0.0,Challenger
1.5,-2.5,Challenger
2.5,-1.0,Challenger
1.0,-1.0,Challenger
1.0,4.0,Challenger
2.0,2.0,Challenger
3.0,1.0,Challenger
1.0,1.0,Challenger
2.0,-2.0,Challenger
3.5,5.0,Challenger
9.0,-1.0,Challenger
3.5,7.0,Challenger
5.0,1.5,Challenger
1.0,-2.0,Challenger
2.0,1.0,Challenger
3.5,-3.0,Challenger
3.5,0.0,Challenger
2.0,-2.0,Challenger
3.5,5.0,Challenger
9.0,-1.0,Challenger
4.0,7.0,Challenger
6.0,1.0,Challenger
-0.0,-1.0,Challenger
1.0,1.0,Challenger
4.0,-3.0,Challenger
3.5,-0.0,Challenger
1.0,-4.0,Challenger
5.0,-1.0,Challenger
0.0,-6.0,Challenger
6.5,-0.0,Challenger
2.0,4.0,Challenger
18.0,0.0,Challenger
16.0,7.0,Challenger
6.0,-5.5,Challenger
7.0,9.0,Challenger
14.0,1.0,Challenger
4.5,0.0,Challenger
3.0,6.0,Challenger
12.0,2.0,Challenger
6.5,-5.0,Challenger
1.5,-2.0,Challenger
7.0,3.0,Challenger
1.0,1.0,Challenger
11.0,9.0,Challenger
7.0,-0.0,Challenger
20.0,10.5,Challenger
10.5,1.5,Challenger
7.0,-7.0,Challenger
8.0,9.0,Challenger
12.5,4.5,Challenger
4.0,0.0,Challenger
-0.0,-1.0,Challenger
1.0,-4.0,Challenger
5.0,0.0,Challenger
-1.0,-5.0,Challenger
6.5,-1.0,Challenger
1.0,6.5,Challenger
18.0,-0.0,Challenger
16.0,7.0,Challenger
6.0,-5.5,Challenger
7.0,9.0,Challenger
14.0,1.5,Challenger
4.5,1.0,Challenger
4.0,5.5,Challenger
12.0,2.0,Challenger
6.5,-5.0,Challenger
1.0,-2.5,Challenger
6.0,4.0,Challenger
2.0,1.0,Challenger
11.0,9.0,Challenger
7.0,0.0,Challenger
20.0,10.5,Challenger
10.5,1.5,Challenger
6.0,-6.0,Challenger
8.0,10.0,Challenger
13.0,4.0,Challenger
3.0,-0.0,Challenger
0.0,-1.0,Challenger
8.0,-5.0,Challenger
5.0,8.5,Challenger
3.0,4.0,Challenger
4.0,3.0,Challenger
8.0,0.5,Challenger
15.5,4.0,Challenger
14.0,-9.0,Challenger
8.5,17.5,Challenger
17.0,6.0,Challenger
6.0,-2.0,Challenger
9.0,-5.0,Challenger
8.0,-2.0,Challenger
3.0,-5.0,Challenger
5.0,-1.0,Challenger
5.0,-5.0,Challenger
5.0,-4.0,Challenger
4.0,0.0,Challenger
11.0,11.0,Challenger
17.5,-1.0,Challenger
8.0,-5.0,Challenger
5.0,8.0,Challenger
3.0,4.0,Challenger
4.0,3.0,Challenger
8.5,1.0,Challenger
14.5,4.5,Challenger
11.5,-7.0,Challenger
8.0,17.0,Challenger
18.0,6.0,Challenger
7.0,-2.0,Challenger
9.5,-5.5,Challenger
8.0,-1.5,Challenger
2.5,-5.0,Challenger
5.0,-2.0,Challenger
5.0,-4.0,Challenger
5.0,-4.0,Challenger
3.5,-0.0,Challenger
11.0,11.0,Challenger
17.5,-1.0,Challenger
3.0,1.5,Challenger
15.5,7.0,Challenger
7.0,-3.0,Challenger
3.5,-0.5,Challenger
3.0,-2.5,Challenger
7.0,-3.0,Challenger
-1.0,0.0,Challenger
5.5,-4.0,Challenger
7.0,-5.0,Challenger
5.0,-7.0,Challenger
7.0,-5.0,Challenger
5.0,-4.0,Challenger
11.0,-9.0,Challenger
9.0,-2.0,Challenger
16.5,6.0,Challenger
6.0,-0.0,Challenger
7.0,0.5,Challenger
4.5,-7.5,Challenger
7.5,9.0,Challenger
22.5,-17.5,Challenger
5.0,-3.5,Challenger
4.0,-7.0,Challenger
3.0,-1.0,Challenger
2.5,-7.0,Challenger
3.5,1.5,Challenger
15.0,7.0,Challenger
7.0,-3.0,Challenger
3.0,-0.5,Challenger
2.5,-2.5,Challenger
7.0,-2.0,Challenger
-1.0,-0.0,Challenger
6.0,-4.5,Challenger
7.5,-5.0,Challenger
5.0,-7.0,Challenger
7.0,-5.0,Challenger
5.0,-4.0,Challenger
11.0,-9.5,Challenger
9.5,-2.0,Challenger
16.5,6.0,Challenger
6.0,0.0,Challenger
6.0,2.0,Challenger
4.0,-7.0,Challenger
7.0,9.0,Challenger
22.5,-17.0,Challenger
7.0,-3.0,Challenger
4.0,-7.5,Challenger
2.5,-1.0,Challenger
3.0,-6.5,Challenger
2.0,0.5,Challenger
1.0,0.5,Challenger
1.0,-1.0,Challenger
1.0,-1.0,Challenger
1.0,0.0,Challenger
1.0,-0.0,Challenger
0.5,-0.5,Challenger
0.5,0.5,Challenger
0.0,2.0,Challenger
2.0,0.0,Challenger
0.0,0.0,Challenger
0.0,1.0,Challenger
0.0,0.0,Challenger
-0.0,-0.0,Challenger
2.0,0.5,Challenger
1.0,0.5,Challenger
1.0,-1.0,Challenger
1.0,-1.0,Challenger
1.0,-0.0,Challenger
1.0,0.0,Challenger
0.5,-0.5,Challenger
0.5,1.0,Challenger
-0.0,2.0,Challenger
2.0,-0.0,Challenger
-0.0,-0.0,Challenger
-0.0,1.0,Challenger
-0.0,-0.0,Challenger
0.0,0.0,Challenger
9.0,0.0,Challenger
3.0,-2.0,Challenger
1.0,2.0,Challenger
3.0,-2.0,Challenger
2.0,4.0,Challenger
6.5,-2.5,Challenger
2.5,-2.0,Challenger
3.0,-2.0,Challenger
1.0,-1.0,Challenger
2.0,-1.0,Challenger
7.0,1.0,Challenger
1.0,-1.0,Challenger
1.0,-2.0,Challenger
2.0,-1.0,Challenger
1.0,-2.0,Challenger
2.0,-1.0,Challenger
0.5,8.5,Challenger
5.0,-1.5,Challenger
5.0,-3.0,Challenger
2.0,0.0,Challenger
-0.0,-3.5,Challenger
4.0,0.0,Challenger
9.0,-0.0,Challenger
3.0,-2.0,Challenger
1.0,2.0,Challenger
3.0,-2.0,Challenger
2.0,2.5,Challenger
5.5,-3.0,Challenger
3.0,-2.0,Challenger
3.0,-2.0,Challenger
0.5,-0.5,Challenger
2.0,-1.0,Challenger
7.0,1.0,Challenger
1.0,-1.0,Challenger
1.0,-2.0,Challenger
2.0,-1.0,Challenger
1.0,-2.0,Challenger
2.0,-1.0,Challenger
1.0,8.0,Challenger
5.0,-3.0,Challenger
6.0,-2.0,Challenger
3.0,-1.0,Challenger
1.0,-4.5,Challenger
3.0,-0.5,Challenger
-0.0,4.5,Challenger
9.5,-4.5,Challenger
6.0,4.0,Challenger
12.5,-3.0,Challenger
16.5,-6.5,Challenger
16.0,0.5,Challenger
5.5,4.0,Challenger
4.0,-3.5,Challenger
3.5,15.5,Challenger
15.5,5.0,Challenger
1.0,1.5,Challenger
12.5,-5.5,Challenger
7.0,0.5,Challenger
6.5,6.0,Challenger
7.0,1.0,Challenger
1.5,-8.0,Challenger
8.0,-4.0,Challenger
10.0,14.0,Challenger
4.0,19.0,Challenger
19.5,8.0,Challenger
5.5,19.0,Challenger
19.0,7.0,Challenger
4.0,9.0,Challenger
0.0,4.5,Challenger
9.5,-5.0,Challenger
6.0,4.0,Challenger
12.5,-3.0,Challenger
16.0,-6.5,Challenger
16.0,0.5,Challenger
5.5,4.0,Challenger
4.0,-3.5,Challenger
3.5,15.5,Challenger
15.5,5.0,Challenger
2.0,1.0,Challenger
12.0,-6.0,Challenger
6.0,0.5,Challenger
6.0,6.0,Challenger
7.0,1.0,Challenger
1.5,-7.0,Challenger
7.0,-3.0,Challenger
10.0,14.0,Challenger
-0.0,21.5,Challenger
20.0,7.5,Challenger
5.5,19.0,Challenger
19.0,7.0,Challenger
5.0,9.0,Challenger
3.5,1.0,Challenger
3.0,9.0,Challenger
4.0,-5.0,Challenger
4.0,-3.0,Challenger
3.0,4.0,Challenger
7.5,-4.0,Challenger
3.0,-0.5,Challenger
1.5,8.5,Challenger
7.0,3.0,Challenger
8.0,-4.5,Challenger
5.0,-6.0,Challenger
7.0,-7.0,Challenger
3.0,0.0,Challenger
4.0,-2.5,Challenger
1.0,4.0,Challenger
1.5,3.5,Challenger
2.0,-3.0,Challenger
3.0,-1.5,Challenger
3.5,12.5,Challenger
16.0,-0.5,Challenger
3.0,3.0,Challenger
2.5,2.0,Challenger
3.5,8.5,Challenger
4.0,-5.0,Challenger
4.0,-2.0,Challenger
2.0,5.0,Challenger
7.5,-4.0,Challenger
3.0,-0.0,Challenger
1.5,8.5,Challenger
7.0,1.0,Challenger
8.0,-5.0,Challenger
6.0,-6.0,Challenger
7.0,-7.0,Challenger
3.0,-0.5,Challenger
3.0,-3.0,Challenger
1.0,4.0,Challenger
2.0,3.0,Challenger
2.0,-3.0,Challenger
3.0,-1.0,Challenger
3.5,13.0,Challenger
16.0,-1.0,Challenger
3.0,3.0,Challenger
-0.0,12.0,Challenger
15.0,-6.5,Challenger
9.5,4.0,Challenger
2.0,9.0,Challenger
12.0,5.0,Challenger
5.0,-1.0,Challenger
3.0,-5.0,Challenger
5.0,-5.0,Challenger
2.0,-8.5,Challenger
8.5,-3.5,Challenger
-1.0,-3.0,Challenger
4.5,5.5,Challenger
18.0,1.0,Challenger
0.0,13.0,Challenger
15.0,-6.5,Challenger
9.5,3.0,Challenger
2.0,9.0,Challenger
12.0,5.0,Challenger
5.0,-2.0,Challenger
4.0,-6.0,Challenger
6.0,-4.5,Challenger
3.0,-8.0,Challenger
8.0,-3.0,Challenger
-2.5,-1.5,Challenger
5.5,4.5,Challenger
19.0,-0.5,Challenger
0.0,15.0,Challenger
14.5,4.5,Challenger
4.5,-1.0,Challenger
5.0,5.0,Challenger
5.0,0.0,Challenger
2.0,-1.0,Challenger
1.0,0.0,Challenger
8.0,-7.5,Challenger
7.5,2.5,Challenger
1.5,2.5,Challenger
10.0,-11.5,Challenger
11.5,-5.0,Challenger
-5.5,14.5,Challenger
-5.0,-7.0,Challenger
15.0,-8.0,Challenger
11.0,-9.0,Challenger
13.5,9.5,Challenger
4.0,5.0,Challenger
-0.0,15.0,Challenger
14.0,4.5,Challenger
4.5,-1.0,Challenger
4.0,6.0,Challenger
6.0,-0.0,Challenger
2.0,-1.0,Challenger
1.0,-0.0,Challenger
8.0,-8.0,Challenger
8.0,2.0,Challenger
1.0,2.5,Challenger
10.0,-11.5,Challenger
11.5,-5.5,Challenger
5.5,-14.5,Challenger
-5.5,-6.5,Challenger
15.0,-8.0,Challenger
11.0,-9.5,Challenger
14.0,9.5,Challenger
6.0,4.0,Challenger
-0.0,6.0,Challenger
6.0,2.0,Challenger
3.0,-1.0,Challenger
3.0,1.0,Challenger
3.0,-0.0,Challenger
0.0,1.0,Challenger
1.0,-0.0,Challenger
1.0,-2.0,Challenger
2.0,1.5,Challenger
3.0,-1.0,Challenger
1.0,-2.0,Challenger
2.0,-1.0,Challenger
3.0,-1.5,Challenger
4.0,2.5,Challenger
4.5,-0.0,Challenger
0.0,6.0,Challenger
6.0,2.0,Challenger
2.0,0.0,Challenger
3.0,1.0,Challenger
2.5,0.0,Challenger
-0.0,1.0,Challenger
0.5,0.5,Challenger
1.0,-2.0,Challenger
2.0,2.0,Challenger
3.0,-1.0,Challenger
1.0,-2.0,Challenger
2.0,-1.0,Challenger
3.0,-1.5,Challenger
4.5,2.5,Challenger
5.0,-0.5,Challenger
0.5,1.5,Challenger
-0.0,-0.0,Challenger
1.0,1.0,Challenger
1.0,-2.0,Challenger
2.0,-2.0,Challenger
2.0,1.0,Challenger
2.0,-4.5,Challenger
4.5,-1.0,Challenger
1.0,-1.0,Challenger
1.0,2.0,Challenger
2.0,0.0,Challenger
1.0,1.0,Challenger
2.5,-0.0,Challenger
-0.0,-0.0,Challenger
3.0,-1.5,Challenger
2.0,-4.0,Challenger
4.0,0.0,Challenger
8.0,-4.5,Challenger
4.5,1.0,Challenger
3.0,-6.0,Challenger
6.0,0.5,Challenger
3.0,-3.5,Challenger
3.5,11.5,Challenger
21.0,0.0,Challenger
8.0,-11.0,Challenger
11.0,4.0,Challenger
7.0,-2.0,Challenger
11.0,-3.0,Challenger
8.0,-0.5,Challenger
4.5,-6.0,Challenger
6.0,-1.0,Challenger
13.5,17.5,Challenger
17.5,-18.0,Challenger
18.0,6.5,Challenger
8.0,-5.5,Challenger
3.0,-2.0,Challenger
2.0,-4.0,Challenger
4.0,-0.0,Challenger
7.5,-4.0,Challenger
4.0,1.0,Challenger
3.5,-6.5,Challenger
6.5,3.5,Challenger
2.5,-3.5,Challenger
3.5,10.0,Challenger
20.0,-0.0,Challenger
9.0,-12.0,Challenger
12.0,4.0,Challenger
7.0,-2.5,Challenger
11.0,-3.0,Challenger
8.0,-0.5,Challenger
4.5,-5.0,Challenger
5.0,1.0,Challenger
13.0,18.5,Challenger
18.5,-18.0,Challenger
18.0,7.0,Challenger
6.5,-4.5,Challenger
5.0,7.0,Challenger
12.0,2.0,Challenger
11.0,-0.5,Challenger
3.5,-3.5,Challenger
4.0,1.0,Challenger
2.5,-7.5,Challenger
7.5,7.5,Challenger
22.0,-5.0,Challenger
-2.5,1.0,Challenger
3.0,4.5,Challenger
3.0,-0.0,Challenger
7.5,4.0,Challenger
10.0,-2.0,Challenger
2.5,-9.0,Challenger
9.0,-2.5,Challenger
9.5,-4.0,Challenger
21.5,8.5,Challenger
8.5,-1.0,Challenger
19.0,-3.0,Challenger
3.0,1.0,Challenger
-1.0,-0.0,Challenger
23.0,-1.5,Challenger
5.5,8.0,Challenger
7.0,-3.0,Challenger
3.0,-8.5,Challenger
3.5,7.5,Challenger
11.0,3.5,Challenger
11.0,-0.5,Challenger
3.5,-3.0,Challenger
4.0,1.0,Challenger
3.5,-8.5,Challenger
8.5,7.5,Challenger
22.0,-5.0,Challenger
-4.0,2.5,Challenger
3.0,5.5,Challenger
3.0,0.0,Challenger
7.0,4.5,Challenger
10.5,-3.0,Challenger
4.0,-9.0,Challenger
9.0,-2.5,Challenger
8.5,-4.0,Challenger
21.5,7.5,Challenger
7.5,-0.0,Challenger
18.0,-4.5,Challenger
4.0,-1.0,Challenger
1.0,0.0,Challenger
20.0,1.0,Challenger
5.5,8.0,Challenger
7.0,-3.0,Challenger
3.0,-9.5,Challenger
8.0,-8.0,Challenger
4.5,-4.5,Challenger
3.0,8.0,Challenger
16.0,-7.5,Challenger
12.0,-5.0,Challenger
12.0,-5.0,Challenger
5.0,-4.0,Challenger
7.0,1.0,Challenger
3.5,2.0,Challenger
6.0,0.0,Challenger
2.0,4.0,Challenger
10.0,-8.0,Challenger
5.0,-5.0,Challenger
3.0,8.0,Challenger
16.0,-6.5,Challenger
12.0,-5.0,Challenger
11.5,-5.0,Challenger
5.0,-4.0,Challenger
7.0,-0.0,Challenger
4.0,2.0,Challenger
6.0,-0.0,Challenger
2.0,4.0,Challenger
4.5,-0.5,Challenger
2.5,-4.5,Challenger
0.0,0.0,Challenger
1.0,4.5,Challenger
4.0,-6.0,Challenger
6.0,-3.0,Challenger
3.0,1.0,Challenger
2.0,-4.0,Challenger
2.0,10.0,Challenger
12.0,1.0,Challenger
3.5,-1.5,Challenger
6.0,1.0,Challenger
26.0,-0.0,Challenger
4.5,11.0,Challenger
13.0,-3.0,Challenger
3.0,-2.0,Challenger
19.5,2.5,Challenger
3.0,-0.0,Challenger
3.0,17.0,Challenger
17.0,-2.0,Challenger
2.0,-2.0,Challenger
2.0,-5.5,Challenger
5.0,-6.0,Challenger
6.5,-5.0,Challenger
7.0,-4.0,Challenger
4.5,-0.0,Challenger
3.0,-5.0,Challenger
-0.5,-0.0,Challenger
1.0,3.0,Challenger
4.0,-6.0,Challenger
6.0,-3.0,Challenger
3.0,1.0,Challenger
2.0,-4.0,Challenger
1.5,12.0,Challenger
14.0,1.0,Challenger
3.0,-1.0,Challenger
4.5,1.0,Challenger
26.0,0.0,Challenger
4.5,11.0,Challenger
13.0,-3.0,Challenger
3.0,-2.0,Challenger
20.0,1.0,Challenger
2.0,0.0,Challenger
3.0,17.0,Challenger
17.0,-2.0,Challenger
2.0,-2.0,Challenger
2.0,-5.0,Challenger
5.0,-6.0,Challenger
6.0,-5.0,Challenger
7.5,-2.0,Challenger
6.0,-2.0,Challenger
2.0,1.0,Challenger
7.0,-7.0,Challenger
2.5,3.0,Challenger
7.0,2.0,Challenger
2.0,3.0,Challenger
3.0,0.0,Challenger
0.0,2.0,Challenger
2.0,0.0,Challenger
0.0,0.0,Challenger
-0.0,-0.0,Challenger
0.0,0.0,Challenger
-0.0,3.5,Challenger
2.0,0.0,Challenger
1.0,2.0,Challenger
2.5,0.0,Challenger
5.5,-2.0,Challenger
2.0,1.0,Challenger
7.0,-7.0,Challenger
3.0,2.5,Challenger
8.0,1.0,Challenger
1.0,3.0,Challenger
3.0,-0.0,Challenger
-0.0,2.0,Challenger
2.0,-0.0,Challenger
-0.0,-0.0,Challenger
0.0,0.0,Challenger
-0.0,-0.0,Challenger
0.0,3.5,Challenger
1.0,-0.5,Challenger
1.0,1.5,Challenger
2.0,1.0,Challenger
4.0,-4.0,Challenger
4.0,-4.0,Challenger
9.0,-3.0,Challenger
6.5,2.0,Challenger
2.0,5.0,Challenger
7.0,-3.0,Challenger
3.0,-3.0,Challenger
16.0,-4.0,Challenger
7.0,4.0,Challenger
12.0,0.0,Challenger
13.0,6.0,Challenger
6.0,-2.0,Challenger
7.0,-5.0,Challenger
4.0,-1.0,Challenger
7.0,-7.0,Challenger
7.0,-3.0,Challenger
4.0,2.0,Challenger
17.0,-6.0,Challenger
14.0,3.0,Challenger
7.0,-6.5,Challenger
24.5,-0.0,Challenger
7.0,16.0,Challenger
16.0,8.0,Challenger
8.0,6.5,Challenger
1.5,-4.5,Challenger
6.0,-1.0,Challenger
9.0,-9.0,Challenger
9.0,5.0,Challenger
3.0,-4.0,Challenger
4.0,-4.5,Challenger
9.0,-3.5,Challenger
7.0,1.5,Challenger
0.5,4.5,Challenger
7.0,-3.0,Challenger
3.0,-3.0,Challenger
16.0,-4.0,Challenger
9.0,2.0,Challenger
10.0,1.0,Challenger
13.5,6.0,Challenger
6.0,-2.0,Challenger
4.0,-4.0,Challenger
4.0,-2.0,Challenger
7.0,-7.0,Challenger
7.0,-3.0,Challenger
4.0,2.0,Challenger
17.0,-6.0,Challenger
13.0,2.5,Challenger
7.0,-7.0,Challenger
25.0,0.0,Challenger
6.0,17.0,Challenger
17.0,7.0,Challenger
7.0,6.0,Challenger
2.0,-4.5,Challenger
5.5,-1.0,Challenger
9.0,-9.0,Challenger
9.0,5.0,Challenger
7.0,5.5,Challenger
5.5,-3.5,Challenger
5.0,-3.0,Challenger
3.0,-1.0,Challenger
1.0,4.0,Challenger
7.0,-4.0,Challenger
4.0,4.5,Challenger
9.5,4.5,Challenger
4.5,0.0,Challenger
1.5,0.5,Challenger
1.5,-1.0,Challenger
0.5,-3.0,Challenger
3.0,-1.0,Challenger
1.0,-2.0,Challenger
2.5,-3.0,Challenger
2.5,2.5,Challenger
6.0,13.0,Challenger
17.0,-7.0,Challenger
13.5,-0.5,Challenger
15.5,-1.0,Challenger
16.0,-1.0,Challenger
8.0,5.5,Challenger
5.5,-3.5,Challenger
5.0,-3.0,Challenger
3.0,-2.0,Challenger
0.0,3.5,Challenger
6.5,-4.0,Challenger
4.0,4.0,Challenger
9.5,4.5,Challenger
4.5,-0.0,Challenger
0.5,1.0,Challenger
1.0,-1.5,Challenger
-1.5,-3.0,Challenger
3.0,-2.0,Challenger
2.0,-3.0,Challenger
3.0,-3.5,Challenger
3.0,3.0,Challenger
6.0,14.0,Challenger
17.0,-6.5,Challenger
14.0,-0.0,Challenger
14.5,-1.0,Challenger
14.5,0.5,Challenger
-1.5,-1.5,Challenger
9.0,-0.5,Challenger
8.0,3.0,Challenger
5.5,5.5,Challenger
2.5,-5.0,Challenger
5.0,-1.0,Challenger
1.0,-6.0,Challenger
6.0,-1.0,Challenger
1.0,5.0,Challenger
3.5,2.5,Challenger
3.0,-17.0,Challenger
2.0,18.0,Challenger
18.0,1.0,Challenger
4.0,0.0,Challenger
5.0,1.0,Challenger
-2.0,-1.0,Challenger
9.0,-0.5,Challenger
8.0,3.0,Challenger
6.0,5.0,Challenger
2.5,-5.0,Challenger
5.0,-1.0,Challenger
1.0,-6.0,Challenger
6.0,-1.0,Challenger
1.0,4.0,Challenger
2.5,2.5,Challenger
3.0,-17.0,Challenger
2.5,18.0,Challenger
18.0,1.0,Challenger
4.0,-0.0,Challenger
4.5,1.0,Challenger
3.0,2.0,Challenger
2.0,8.5,Challenger
13.0,6.0,Challenger
6.0,-2.0,Challenger
2.0,-1.0,Challenger
1.0,1.0,Challenger
-1.0,-4.0,Challenger
4.0,-3.0,Challenger
4.0,-4.0,Challenger
3.0,5.0,Challenger
5.0,9.0,Challenger
1.0,-1.0,Challenger
1.0,-1.0,Challenger
2.5,-0.5,Challenger
0.5,-3.0,Challenger
3.0,-0.5,Challenger
2.0,-2.5,Challenger
2.0,3.0,Challenger
2.0,8.5,Challenger
13.0,6.0,Challenger
6.0,-2.0,Challenger
2.0,-1.0,Challenger
1.0,1.0,Challenger
1.0,-4.0,Challenger
4.0,-3.0,Challenger
4.0,-4.0,Challenger
3.0,4.0,Challenger
4.0,10.0,Challenger
1.5,-1.5,Challenger
1.0,-1.0,Challenger
3.0,-1.0,Challenger
1.0,-3.0,Challenger
3.0,-0.5,Challenger
2.0,-3.0,Challenger
6.0,2.5,Challenger
10.5,3.0,Challenger
3.0,-2.5,Challenger
1.0,-2.0,Challenger
2.0,2.0,Challenger
4.5,-0.5,Challenger
-0.0,-0.0,Challenger
5.0,-1.0,Challenger
13.0,5.0,Challenger
5.0,-4.0,Challenger
5.0,-0.0,Challenger
3.0,-2.0,Challenger
6.0,9.0,Challenger
9.0,2.0,Challenger
2.0,-7.0,Challenger
7.0,-6.0,Challenger
6.0,6.0,Challenger
11.0,-2.0,Challenger
4.0,-6.0,Challenger
6.0,0.5,Challenger
12.5,3.0,Challenger
3.0,-3.0,Challenger
1.0,-3.5,Challenger
3.5,0.5,Challenger
5.0,0.0,Challenger
0.0,0.0,Challenger
4.5,-0.0,Challenger
12.0,5.0,Challenger
5.0,-4.0,Challenger
4.5,1.0,Challenger
3.0,-2.0,Challenger
5.5,9.5,Challenger
9.5,2.0,Challenger
2.0,-7.0,Challenger
7.0,-6.0,Challenger
6.0,6.0,Challenger
11.0,-1.0,Challenger
3.5,-4.5,Challenger
6.0,-2.0,Challenger
2.0,1.0,Challenger
4.0,15.0,Challenger
15.0,-3.5,Challenger
6.0,-4.0,Challenger
4.0,-4.0,Challenger
2.0,0.5,Challenger
5.0,-4.0,Challenger
4.0,-2.0,Challenger
2.0,1.5,Challenger
4.0,15.0,Challenger
15.0,-4.5,Challenger
6.0,-5.5,Challenger
4.0,-4.0,Challenger
2.0,1.5,Challenger
5.0,-3.5,Challenger
4.0,-5.0,Challenger
5.0,-6.0,Challenger
6.0,7.5,Challenger
9.5,4.0,Challenger
8.0,-2.0,Challenger
-2.0,11.0,Challenger
15.0,2.0,Challenger
2.0,7.5,Challenger
7.5,-0.5,Challenger
4.0,-5.0,Challenger
5.0,-3.0,Challenger
3.0,-3.0,Challenger
3.0,7.0,Challenger
7.5,-5.0,Challenger
8.0,4.0,Challenger
4.0,11.0,Challenger
3.5,-4.5,Challenger
4.5,-6.0,Challenger
6.0,7.0,Challenger
9.0,4.0,Challenger
8.0,-2.0,Challenger
-2.0,11.0,Challenger
15.0,2.0,Challenger
1.5,7.0,Challenger
7.0,-0.0,Challenger
3.5,-5.0,Challenger
5.0,-3.0,Challenger
3.0,-3.0,Challenger
3.0,7.0,Challenger
7.5,-5.5,Challenger
8.0,4.0,Challenger
4.0,11.0,Challenger
9.0,9.5,Challenger
11.5,3.5,Challenger
6.0,8.5,Challenger
7.5,-1.5,Challenger
13.0,-2.0,Challenger
3.0,2.5,Challenger
4.0,-0.0,Challenger
8.5,-0.5,Challenger
5.0,3.5,Challenger
5.5,9.5,Challenger
10.0,0.5,Challenger
-0.5,-2.5,Challenger
7.5,-5.5,Challenger
11.0,9.0,Challenger
9.0,-4.0,Challenger
9.5,10.0,Challenger
14.0,2.0,Challenger
4.0,11.5,Challenger
7.0,-0.5,Challenger
13.5,-2.5,Challenger
1.5,4.0,Challenger
5.0,0.5,Challenger
8.5,-0.5,Challenger
4.5,4.5,Challenger
7.5,8.0,Challenger
9.5,0.5,Challenger
-0.5,-2.5,Challenger
7.0,-6.0,Challenger
11.5,8.5,Challenger
8.5,-4.0,Challenger
5.0,-0.0,Challenger
4.0,11.0,Challenger
3.0,3.5,Challenger
5.5,0.0,Challenger
6.0,-3.0,Challenger
4.5,0.0,Challenger
4.0,11.0,Challenger
3.0,3.5,Challenger
5.5,-0.5,Challenger
6.0,-3.0,Challenger
-2.0,-7.0,Challenger
7.0,-0.0,Challenger
0.5,-2.0,Challenger
2.5,4.0,Challenger
1.0,3.5,Challenger
5.5,3.0,Challenger
3.0,-2.0,Challenger
2.0,-3.0,Challenger
3.0,0.0,Challenger
2.0,2.0,Challenger
5.0,-3.5,Challenger
-0.5,6.5,Challenger
7.5,2.0,Challenger
4.0,6.0,Challenger
12.0,5.5,Challenger
16.5,1.5,Challenger
4.0,0.5,Challenger
4.0,-0.0,Challenger
6.0,-7.0,Challenger
7.0,-6.0,Challenger
2.0,-8.0,Challenger
8.0,-9.0,Challenger
9.0,6.0,Challenger
25.0,5.0,Challenger
5.0,3.0,Challenger
-2.5,-6.5,Challenger
6.5,0.0,Challenger
1.0,-2.0,Challenger
3.5,3.0,Challenger
0.5,4.0,Challenger
5.0,3.0,Challenger
3.0,-2.0,Challenger
2.0,-3.0,Challenger
3.0,-0.0,Challenger
2.0,2.0,Challenger
5.0,-4.0,Challenger
0.5,7.0,Challenger
8.0,2.0,Challenger
4.0,6.0,Challenger
12.5,6.5,Challenger
16.5,2.0,Challenger
3.0,2.5,Challenger
4.0,1.0,Challenger
7.0,-7.0,Challenger
7.0,-6.0,Challenger
1.0,-7.0,Challenger
7.0,-7.0,Challenger
7.0,7.0,Challenger
24.5,5.0,Challenger
5.0,3.0,Challenger
3.5,8.0,Challenger
12.0,5.0,Challenger
5.0,2.0,Challenger
1.5,2.0,Challenger
0.0,0.0,Challenger
2.0,1.0,Challenger
0.5,-2.0,Challenger
-2.0,-0.0,Challenger
2.0,0.0,Challenger
8.5,-1.0,Challenger
7.0,6.0,Challenger
6.0,2.0,Challenger
2.0,-3.0,Challenger
3.0,5.0,Challenger
6.0,-7.0,Challenger
3.0,-2.0,Challenger
20.0,7.0,Challenger
7.0,-0.0,Challenger
23.0,-3.0,Challenger
13.0,-4.0,Challenger
8.0,-8.0,Challenger
8.0,7.0,Challenger
16.0,3.0,Challenger
3.0,-0.0,Challenger
4.0,9.0,Challenger
12.5,6.0,Challenger
6.0,2.0,Challenger
1.5,1.0,Challenger
0.5,-0.0,Challenger
2.0,1.0,Challenger
-1.0,-1.5,Challenger
-2.0,0.0,Challenger
2.5,-0.0,Challenger
8.5,-0.5,Challenger
6.5,6.0,Challenger
7.0,1.5,Challenger
2.0,-3.0,Challenger
3.0,5.0,Challenger
5.0,-6.5,Challenger
3.0,-2.0,Challenger
20.0,7.0,Challenger
7.0,0.0,Challenger
23.0,-3.0,Challenger
13.5,-4.5,Challenger
8.0,-8.0,Challenger
8.0,7.0,Challenger
16.0,3.0,Challenger
3.0,0.5,Challenger
11.5,4.0,Challenger
4.0,-1.0,Challenger
4.5,-0.5,Challenger
3.0,7.0,Challenger
4.0,17.0,Challenger
17.0,-4.0,Challenger
14.5,3.5,Challenger
5.0,-0.0,Challenger
7.0,0.0,Challenger
8.0,-1.0,Challenger
4.5,3.0,Challenger
14.0,-0.5,Challenger
11.0,-7.0,Challenger
4.0,-10.5,Challenger
10.5,2.5,Challenger
2.5,10.0,Challenger
10.0,-1.0,Challenger
6.0,4.0,Challenger
10.0,-8.0,Challenger
21.0,15.0,Challenger
15.0,-13.0,Challenger
2.0,8.0,Challenger
20.5,8.5,Challenger
8.5,12.0,Challenger
22.5,10.0,Challenger
10.0,-1.0,Challenger
12.0,3.5,Challenger
3.5,-1.0,Challenger
4.5,-0.5,Challenger
3.0,7.0,Challenger
4.0,17.0,Challenger
17.0,-4.0,Challenger
14.5,3.5,Challenger
5.0,0.0,Challenger
6.0,1.5,Challenger
8.0,0.0,Challenger
4.0,3.0,Challenger
15.5,-0.5,Challenger
11.5,-7.5,Challenger
4.0,-11.0,Challenger
11.0,3.0,Challenger
3.0,9.5,Challenger
11.0,-1.0,Challenger
4.0,4.5,Challenger
10.0,-8.0,Challenger
21.5,15.0,Challenger
15.0,-14.5,Challenger
1.0,7.0,Challenger
19.5,8.0,Challenger
8.0,11.5,Challenger
23.0,10.0,Challenger
10.0,-0.5,Challenger
15.5,-10.0,ATP
17.0,-0.5,ATP
2.0,-2.0,ATP
-2.0,-1.0,ATP
4.0,5.0,ATP
3.0,-4.0,ATP
4.0,1.0,ATP
15.0,-3.0,ATP
18.0,-13.0,ATP
16.0,1.0,ATP
2.0,7.5,ATP
3.0,7.0,ATP
7.0,1.0,ATP
0.0,0.0,ATP
2.0,3.0,ATP
3.0,-0.0,ATP
16.5,-10.5,ATP
17.0,-1.0,ATP
1.0,-1.0,ATP
-2.0,-1.0,ATP
4.0,5.0,ATP
3.0,-3.0,ATP
3.0,1.0,ATP
15.0,-2.0,ATP
17.0,-13.0,ATP
15.0,2.0,ATP
2.0,8.0,ATP
4.0,7.0,ATP
7.0,1.0,ATP
-0.0,-0.0,ATP
2.0,3.0,ATP
3.0,0.0,ATP
2.0,-0.0,ATP
2.0,-3.0,ATP
2.0,10.0,ATP
15.0,3.0,ATP
3.0,-1.0,ATP
2.0,-3.0,ATP
2.0,10.0,ATP
15.0,3.0,ATP
4.0,-3.0,ATP
3.0,-4.0,ATP
2.0,-0.0,ATP
2.0,-3.0,ATP
3.0,-3.0,ATP
4.0,-2.0,ATP
2.0,7.0,ATP
15.5,-12.5,ATP
12.5,-4.0,ATP
7.0,-1.0,ATP
23.0,4.0,ATP
2.0,3.0,ATP
3.0,-3.0,ATP
3.0,0.0,ATP
15.5,1.0,ATP
4.0,-3.0,ATP
3.0,-5.0,ATP
2.5,7.0,ATP
9.5,1.0,ATP
4.0,-3.0,ATP
3.0,-4.0,ATP
2.0,0.0,ATP
2.0,-3.0,ATP
3.0,-3.0,ATP
4.0,-2.0,ATP
2.0,4.0,ATP
15.0,-12.5,ATP
12.5,-4.0,ATP
7.0,-1.0,ATP
23.0,4.0,ATP
1.0,4.0,ATP
5.0,-4.0,ATP
4.0,-1.0,ATP
16.0,1.0,ATP
5.0,-3.0,ATP
3.0,-5.0,ATP
2.0,7.0,ATP
10.0,1.0,ATP
11.0,6.0,ATP
15.0,3.5,ATP
7.0,2.0,ATP
5.5,-1.0,ATP
2.0,-1.0,ATP
-0.0,1.0,ATP
4.5,-0.0,ATP
5.0,1.0,ATP
3.0,-0.0,ATP
1.0,-0.0,ATP
11.0,6.0,ATP
15.0,3.0,ATP
7.5,1.5,ATP
6.0,-1.0,ATP
2.0,-1.0,ATP
0.0,1.0,ATP
3.5,1.0,ATP
5.0,1.0,ATP
3.0,0.0,ATP
1.0,0.0,ATP
9.0,1.5,ATP
6.0,-5.5,ATP
5.5,1.5,ATP
4.5,-4.5,ATP
8.5,1.5,ATP
6.0,-5.5,ATP
5.5,1.5,ATP
4.0,-3.0,ATP
1.0,-1.0,ATP
2.0,5.0,ATP
11.0,2.0,ATP
1.0,-1.0,ATP
1.0,0.0,ATP
-0.0,1.0,ATP
1.0,5.0,ATP
6.0,-1.0,ATP
0.0,-1.0,ATP
1.0,-0.0,ATP
2.0,-1.0,ATP
1.0,-2.0,ATP
2.0,-2.0,ATP
2.0,-2.0,ATP
2.0,0.0,ATP
1.0,-0.0,ATP
2.0,10.0,ATP
19.0,-2.0,ATP
0.0,0.0,ATP
11.5,2.0,ATP
-1.0,6.0,ATP
23.0,4.0,ATP
34.0,7.0,ATP
7.0,5.5,ATP
11.5,-4.5,ATP
4.5,-2.5,ATP
6.0,53.0,ATP
53.0,4.0,ATP
2.0,-2.0,ATP
3.0,5.0,ATP
10.0,2.0,ATP
1.0,-1.0,ATP
1.0,-0.0,ATP
0.0,1.0,ATP
1.0,5.0,ATP
6.0,-1.0,ATP
-0.0,-1.0,ATP
1.0,0.0,ATP
2.0,-1.0,ATP
1.0,-2.0,ATP
2.0,-2.0,ATP
2.0,-2.0,ATP
2.0,-0.0,ATP
1.0,0.0,ATP
2.0,10.0,ATP
18.0,-1.0,ATP
0.5,-0.0,ATP
12.5,1.0,ATP
-1.0,5.5,ATP
23.0,4.0,ATP
33.0,8.0,ATP
8.0,5.5,ATP
11.5,-5.0,ATP
5.0,-3.0,ATP
6.0,53.0,ATP
53.0,4.0,ATP
4.0,-6.5,ITF-M
0.5,-1.0,ITF-M
5.5,2.5,ITF-M
5.0,4.0,ITF-M
4.0,0.5,ITF-M
-1.5,1.0,ITF-M
1.0,2.0,ITF-M
2.5,1.5,ITF-M
3.5,2.5,ITF-M
1.0,-0.5,ITF-M
0.5,0.0,ITF-M
-0.0,1.0,ITF-M
0.0,0.5,ITF-M
-0.5,1.0,ITF-M
0.5,0.5,ITF-M
1.5,1.0,ITF-M
2.0,-7.0,ITF-M
2.5,-4.0,ITF-M
0.5,1.5,ITF-M
8.5,4.0,ITF-M
4.0,0.5,ITF-M
-2.5,1.0,ITF-M
1.0,2.0,ITF-M
2.5,1.5,ITF-M
3.5,2.5,ITF-M
1.5,0.5,ITF-M
0.5,-0.0,ITF-M
0.0,1.0,ITF-M
-0.0,-0.0,ITF-M
-1.0,1.0,ITF-M
1.0,-0.5,ITF-M
0.5,1.0,ITF-M
5.0,0.0,ITF-M
-0.0,-5.0,ITF-M
5.0,3.5,ITF-M
2.5,-7.0,ITF-M
7.0,-2.5,ITF-M
2.5,-0.5,ITF-M
1.0,-6.0,ITF-M
3.0,-1.0,ITF-M
5.5,22.0,ITF-M
16.5,-14.0,ITF-M
16.5,6.0,ITF-M
12.5,5.0,ITF-M
5.0,-6.5,ITF-M
6.5,5.5,ITF-M
14.0,-7.0,ITF-M
11.0,2.0,ITF-M
5.0,-10.0,ITF-M
10.0,2.0,ITF-M
8.0,-4.0,ITF-M
6.5,-7.5,ITF-M
7.5,3.5,ITF-M
-1.0,-6.5,ITF-M
8.5,3.0,ITF-M
28.0,0.0,ITF-M
3.5,-0.0,ITF-M
0.0,-5.0,ITF-M
5.0,3.5,ITF-M
2.5,-7.5,ITF-M
7.5,-1.5,ITF-M
1.5,-0.5,ITF-M
0.5,-5.5,ITF-M
3.5,-1.5,ITF-M
7.5,20.0,ITF-M
16.5,-14.0,ITF-M
18.0,4.5,ITF-M
11.5,4.5,ITF-M
4.5,-5.5,ITF-M
5.5,4.5,ITF-M
14.0,-7.0,ITF-M
14.0,1.0,ITF-M
6.5,-12.5,ITF-M
12.5,2.0,ITF-M
8.0,-3.0,ITF-M
6.5,-7.5,ITF-M
7.5,3.5,ITF-M
0.0,-6.5,ITF-M
8.5,3.0,ITF-M
28.0,-0.0,ITF-M
2.5,-3.0,ITF-M
3.0,3.5,ITF-M
3.5,0.5,ITF-M
2.0,0.0,ITF-M
-1.0,8.5,ITF-M
7.5,7.0,ITF-M
7.0,13.5,ITF-M
21.0,15.0,ITF-M
8.0,9.0,ITF-M
7.5,3.5,ITF-M
10.5,-1.0,ITF-M
1.5,-6.5,ITF-M
11.0,-3.0,ITF-M
3.0,-4.5,ITF-M
2.5,-3.5,ITF-M
3.0,3.5,ITF-M
3.5,0.5,ITF-M
2.5,-0.5,ITF-M
-0.0,8.5,ITF-M
6.5,8.5,ITF-M
7.0,14.5,ITF-M
22.0,14.0,ITF-M
8.0,9.0,ITF-M
7.0,4.0,ITF-M
9.5,-0.0,ITF-M
1.0,-8.5,ITF-M
12.5,-4.0,ITF-M
4.0,-4.0,ITF-M
2.0,0.0,ITF-M
-0.0,-0.0,ITF-M
0.0,1.0,ITF-M
-1.0,2.0,ITF-M
1.0,2.0,ITF-M
-0.0,10.0,ITF-M
7.0,0.0,ITF-M
2.5,-0.0,ITF-M
0.5,1.0,ITF-M
1.0,1.0,ITF-M
-1.0,2.0,ITF-M
1.0,1.5,ITF-M
0.0,10.0,ITF-M
7.0,-0.0,ITF-M
-1.0,-3.0,ITF-M
1.0,-3.0,ITF-M
5.0,20.0,ITF-M
25.5,-1.0,ITF-M
3.5,-1.0,ITF-M
1.0,5.5,ITF-M
3.5,-0.0,ITF-M
3.0,2.5,ITF-M
8.5,1.0,ITF-M
1.0,-1.5,ITF-M
1.5,-2.0,ITF-M
2.0,4.0,ITF-M
4.0,0.0,ITF-M
-1.0,-2.5,ITF-M
1.5,-2.5,ITF-M
5.5,20.0,ITF-M
24.0,-1.0,ITF-M
4.5,-2.5,ITF-M
2.5,5.5,ITF-M
3.5,-1.0,ITF-M
3.0,2.0,ITF-M
9.0,1.5,ITF-M
1.5,-2.0,ITF-M
2.0,-2.0,ITF-M
2.0,4.0,ITF-M
4.0,-0.0,ITF-M
29.0,1.5,ITF-M
-1.5,6.5,ITF-M
-2.0,10.5,ITF-M
12.5,1.5,ITF-M
5.0,1.0,ITF-M
10.0,-1.0,ITF-M
6.0,-1.5,ITF-M
-1.0,0.0,ITF-M
10.5,7.5,ITF-M
3.5,22.0,ITF-M
22.0,-10.5,ITF-M
3.0,10.0,ITF-M
8.5,5.5,ITF-M
10.0,-0.0,ITF-M
-0.0,1.0,ITF-M
1.0,2.0,ITF-M
-0.5,2.0,ITF-M
2.0,2.0,ITF-M
1.0,-0.0,ITF-M
32.5,-5.0,ITF-M
5.0,-1.0,ITF-M
-2.0,11.5,ITF-M
14.0,-4.0,ITF-M
8.0,0.5,ITF-M
11.5,-8.5,ITF-M
9.0,4.5,ITF-M
-0.0,3.0,ITF-M
7.5,8.0,ITF-M
16.5,12.0,ITF-M
12.0,-10.0,ITF-M
-5.0,22.0,ITF-M
6.0,3.5,ITF-M
8.0,3.0,ITF-M
3.0,1.0,ITF-M
1.0,1.5,ITF-M
-0.5,0.5,ITF-M
3.0,1.0,ITF-M
1.0,0.0,ITF-M
-5.0,3.0,ITF-M
3.0,-1.0,ITF-M
1.0,-1.0,ITF-M
1.5,0.0,ITF-M
2.0,0.0,ITF-M
0.0,2.0,ITF-M
0.0,0.0,ITF-M
0.0,1.0,ITF-M
-0.5,1.0,ITF-M
-1.0,0.0,ITF-M
-0.0,-0.0,ITF-M
0.0,0.0,ITF-M
1.5,1.5,ITF-M
-1.5,2.5,ITF-M
2.0,1.0,ITF-M
-0.0,-1.0,ITF-M
-1.0,-1.0,ITF-M
1.0,-0.5,ITF-M
1.5,-0.0,ITF-M
1.0,-0.0,ITF-M
-0.0,2.0,ITF-M
-0.0,-0.0,ITF-M
-0.0,1.0,ITF-M
0.5,0.5,ITF-M
-1.0,0.5,ITF-M
0.0,0.0,ITF-M
-0.0,-0.0,ITF-M
1.5,1.5,ITF-M
-1.5,2.5,ITF-M
2.0,1.0,ITF-M
-5.0,-6.5,ITF-M
8.5,11.5,ITF-M
11.5,-4.0,ITF-M
6.5,-2.5,ITF-M
2.5,-3.0,ITF-M
3.0,0.0,ITF-M
5.0,-0.5,ITF-M
1.5,2.0,ITF-M
1.5,-0.0,ITF-M
2.0,7.0,ITF-M
7.0,2.0,ITF-M
3.0,0.5,ITF-M
1.0,-1.5,ITF-M
2.0,-0.5,ITF-M
0.5,-2.0,ITF-M
6.0,14.0,ITF-M
1.0,-0.5,ITF-M
22.0,-0.0,ITF-M
-60.0,0.0,ITF-M
-0.5,-6.5,ITF-M
9.0,10.0,ITF-M
10.0,-4.0,ITF-M
6.5,-3.5,ITF-M
3.5,-4.0,ITF-M
4.0,-1.0,ITF-M
6.0,-1.5,ITF-M
1.5,2.0,ITF-M
1.5,0.0,ITF-M
2.0,7.0,ITF-M
7.0,2.0,ITF-M
3.0,0.5,ITF-M
0.0,-1.0,ITF-M
1.5,-0.0,ITF-M
0.0,-2.0,ITF-M
6.0,14.0,ITF-M
2.0,0.0,ITF-M
21.0,-0.5,ITF-M
60.0,0.0,ITF-M
3.5,10.0,ITF-M
3.0,-4.0,ITF-M
10.0,-6.5,ITF-M
11.0,-4.0,ITF-M
7.0,5.5,ITF-M
1.5,3.0,ITF-M
2.0,7.0,ITF-M
2.0,6.0,ITF-M
8.5,-3.5,ITF-M
-0.5,1.0,ITF-M
4.0,-2.5,ITF-M
2.5,1.0,ITF-M
7.5,1.5,ITF-M
1.5,1.5,ITF-M
0.5,1.5,ITF-M
1.0,4.5,ITF-M
2.0,-4.0,ITF-M
11.0,1.0,ITF-M
-1.0,-3.0,ITF-M
8.5,1.5,ITF-M
9.5,6.0,ITF-M
9.5,3.5,ITF-M
2.0,2.0,ITF-M
1.5,6.5,ITF-M
-9.5,-2.0,ITF-M
8.0,-4.5,ITF-M
-1.0,0.5,ITF-M
4.0,-2.5,ITF-M
2.5,1.0,ITF-M
8.0,0.5,ITF-M
3.5,1.5,ITF-M
1.5,1.5,ITF-M
1.0,4.5,ITF-M
1.5,-3.5,ITF-M
1.0,-5.0,ITF-M
-2.0,-2.5,ITF-M
6.0,-2.0,ITF-M
6.0,1.5,ITF-M
4.0,-1.0,ITF-M
-3.0,2.5,ITF-M
1.5,-0.5,ITF-M
2.0,-0.5,ITF-M
0.5,4.5,ITF-M
4.0,1.0,ITF-M
4.0,1.5,ITF-M
4.0,0.5,ITF-M
-0.0,2.0,ITF-M
3.5,-1.5,ITF-M
2.0,-0.0,ITF-M
0.0,2.0,ITF-M
1.0,-0.0,ITF-M
0.0,-1.0,ITF-M
1.0,-3.0,ITF-M
-0.0,-1.0,ITF-M
-0.5,4.0,ITF-M
25.0,-15.5,ITF-M
14.5,-9.5,ITF-M
-2.0,4.5,ITF-M
2.5,-1.5,ITF-M
2.0,-0.5,ITF-M
0.5,4.5,ITF-M
4.0,0.0,ITF-M
4.5,0.5,ITF-M
2.5,1.5,ITF-M
-0.5,1.0,ITF-M
3.5,-1.0,ITF-M
1.5,0.0,ITF-M
-0.0,1.0,ITF-M
1.0,1.0,ITF-M
-1.0,-1.0,ITF-M
4.5,1.0,ITF-M
1.0,-0.5,ITF-M
0.5,-1.5,ITF-M
2.5,-0.5,ITF-M
-0.5,0.5,ITF-M
4.0,-2.5,ITF-M
2.0,2.0,ITF-M
2.0,-0.5,ITF-M
1.0,0.0,ITF-M
2.0,1.5,ITF-M
1.5,-0.0,ITF-M
-0.0,-0.0,ITF-M
0.0,-1.0,ITF-M
-0.0,-0.0,ITF-M
1.0,2.0,ITF-M
4.0,0.5,ITF-M
3.5,10.0,ITF-M
14.0,-14.0,ITF-M
4.0,1.0,ITF-M
1.0,0.0,ITF-M
-0.0,-2.0,ITF-M
2.0,0.0,ITF-M
-0.0,1.0,ITF-M
4.0,-2.5,ITF-M
1.5,2.5,ITF-M
2.5,-0.5,ITF-M
0.5,-0.0,ITF-M
2.0,2.0,ITF-M
2.0,0.0,ITF-M
0.0,0.0,ITF-M
-0.0,-1.0,ITF-M
0.0,-1.0,ITF-M
1.0,2.0,ITF-M
3.5,2.0,ITF-M
3.5,10.0,ITF-M
14.0,-14.0,ITF-M
0.0,0.0,ITF-M
-0.0,4.5,ITF-M
4.5,-2.0,ITF-M
2.0,1.0,ITF-M
5.0,2.0,ITF-M
2.0,-0.0,ITF-M
-0.0,-0.0,ITF-M
2.0,0.0,ITF-M
0.5,-2.5,ITF-M
1.0,-2.5,ITF-M
2.5,5.5,ITF-M
2.0,2.0,ITF-M
1.5,1.0,ITF-M
-0.0,2.0,ITF-M
1.0,3.5,ITF-M
5.0,-3.0,ITF-M
2.0,1.0,ITF-M
5.0,2.0,ITF-M
2.0,0.0,ITF-M
0.0,0.0,ITF-M
2.0,-0.0,ITF-M
0.0,-1.5,ITF-M
0.5,-2.0,ITF-M
2.0,6.0,ITF-M
3.0,1.0,ITF-M
2.0,1.0,ITF-M
2.5,-3.5,ITF-M
3.5,3.5,ITF-M
5.5,-0.5,ITF-M
3.0,6.0,ITF-M
5.0,0.0,ITF-M
3.0,-3.5,ITF-M
3.5,3.0,ITF-M
6.0,-0.5,ITF-M
2.0,6.0,ITF-M
5.0,-0.0,ITF-M
4.0,3.0,ITF-M
-1.0,1.0,ITF-M
-0.0,1.0,ITF-M
1.0,1.0,ITF-M
1.0,-0.0,ITF-M
-0.0,-0.0,ITF-M
-0.0,-0.0,ITF-M
0.0,0.0,ITF-M
-0.0,-0.0,ITF-M
0.0,0.0,ITF-M
-0.0,-0.0,ITF-M
5.0,3.0,ITF-M
-1.0,1.0,ITF-M
0.5,1.0,ITF-M
0.0,2.0,ITF-M
2.0,0.0,ITF-M
0.0,-0.5,ITF-M
0.0,0.0,ITF-M
-0.0,-0.0,ITF-M
0.0,0.0,ITF-M
-0.0,-0.0,ITF-M
0.0,0.0,ITF-M
-10.5,-15.0,ITF-M
10.5,-5.0,ITF-M
-5.0,-10.5,ITF-M
-10.0,-7.0,ITF-M
7.0,7.0,ITF-M
7.0,-3.0,ITF-M
-3.0,6.0,ITF-M
6.0,-0.5,ITF-M
-4.0,-4.0,ITF-M
-1.0,8.0,ITF-M
8.0,9.0,ITF-M
8.5,-7.5,ITF-M
-1.5,-6.0,ITF-M
3.5,-1.5,ITF-M
-2.0,4.5,ITF-M
-4.5,-3.5,ITF-M
-24.0,-3.5,ITF-M
3.5,-4.0,ITF-M
-0.5,-11.0,ITF-M
11.0,-0.5,ITF-M
-3.0,-3.0,ITF-M
3.0,12.0,ITF-M
-17.0,-13.0,ITF-M
8.5,-3.5,ITF-M
-3.5,-9.5,ITF-M
-9.0,-7.0,ITF-M
7.0,8.0,ITF-M
8.0,-3.0,ITF-M
-3.0,6.0,ITF-M
6.0,0.0,ITF-M
-5.5,-2.5,ITF-M
-1.0,8.0,ITF-M
8.0,9.0,ITF-M
8.0,-8.0,ITF-M
-2.0,-6.0,ITF-M
5.0,-0.0,ITF-M
0.5,3.5,ITF-M
-5.0,-3.5,ITF-M
-24.0,-2.5,ITF-M
2.5,-3.5,ITF-M
-0.5,-10.0,ITF-M
10.0,1.0,ITF-M
-4.5,-2.0,ITF-M
2.0,10.0,ITF-M
1.0,-11.0,ITF-M
-6.0,5.0,ITF-M
-9.5,3.5,ITF-M
-3.5,-2.5,ITF-M
-5.5,-1.5,ITF-M
1.5,12.0,ITF-M
12.0,3.0,ITF-M
3.5,1.0,ITF-M
-1.0,-3.5,ITF-M
0.5,4.0,ITF-M
10.0,-0.0,ITF-M
6.0,1.0,ITF-M
-2.5,4.5,ITF-M
-4.5,3.5,ITF-M
6.0,-1.0,ITF-M
-1.0,10.5,ITF-M
18.0,2.0,ITF-M
2.0,-4.0,ITF-M
1.0,-8.0,ITF-M
-5.5,11.0,ITF-M
-21.0,-4.0,ITF-M
0.0,3.0,ITF-M
5.0,0.0,ITF-M
0.0,1.0,ITF-M
-1.5,-12.0,ITF-M
-5.0,2.5,ITF-M
-4.5,-0.5,ITF-M
0.5,-1.5,ITF-M
-5.5,-0.0,ITF-M
0.0,13.0,ITF-M
13.0,1.5,ITF-M
4.0,2.5,ITF-M
-2.5,-2.5,ITF-M
-3.5,7.5,ITF-M
10.0,0.0,ITF-M
5.5,2.0,ITF-M
-3.0,4.5,ITF-M
-4.5,3.5,ITF-M
5.5,-0.5,ITF-M
-0.5,10.5,ITF-M
18.5,2.5,ITF-M
2.5,-6.0,ITF-M
1.0,-7.5,ITF-M
-4.0,10.5,ITF-M
-21.0,-4.0,ITF-M
-0.0,3.0,ITF-M
4.0,-0.0,ITF-M
-0.0,1.5,ITF-M
-5.5,-4.5,ITF-M
-1.5,-9.0,ITF-M
3.5,6.5,ITF-M
6.5,-4.0,ITF-M
14.0,1.0,ITF-M
15.0,-10.0,ITF-M
-3.5,-0.0,ITF-M
0.0,-5.5,ITF-M
1.0,-0.0,ITF-M
-6.0,-4.0,ITF-M
1.5,0.5,ITF-M
0.5,-0.5,ITF-M
0.5,-3.0,ITF-M
4.5,7.0,ITF-M
7.0,-0.0,ITF-M
2.0,-1.0,ITF-M
1.0,-4.0,ITF-M
-6.0,-2.5,ITF-M
-3.5,-5.5,ITF-M
3.0,7.5,ITF-M
7.5,-5.5,ITF-M
15.0,1.0,ITF-M
15.0,-11.0,ITF-M
-2.5,-2.0,ITF-M
2.0,-7.5,ITF-M
1.0,0.0,ITF-M
-6.0,-4.0,ITF-M
1.5,0.5,ITF-M
0.5,-0.5,ITF-M
0.5,-2.0,ITF-M
5.5,8.0,ITF-M
8.0,0.0,ITF-M
1.5,-0.5,ITF-M
0.5,-4.0,ITF-M
9.0,10.5,ITF-M
4.5,-0.5,ITF-M
10.0,-1.0,ITF-M
12.0,11.5,ITF-M
4.5,-1.5,ITF-M
3.5,-6.0,ITF-M
6.0,-1.0,ITF-M
5.5,-7.5,ITF-M
7.5,-0.0,ITF-M
5.5,2.0,ITF-M
1.0,0.0,ITF-M
4.0,3.0,ITF-M
6.5,-2.5,ITF-M
11.5,4.0,ITF-M
4.0,1.5,ITF-M
7.5,9.5,ITF-M
17.0,-2.0,ITF-M
7.0,-9.0,ITF-M
9.0,-16.0,ITF-M
16.0,13.0,ITF-M
13.0,6.0,ITF-M
12.0,9.0,ITF-M
7.0,-2.5,ITF-M
9.5,-0.0,ITF-M
10.0,12.5,ITF-M
4.5,-3.5,ITF-M
2.5,-6.0,ITF-M
6.0,-1.0,ITF-M
6.0,-8.5,ITF-M
8.5,0.0,ITF-M
-6.0,-1.5,ITF-M
1.0,0.5,ITF-M
3.5,3.5,ITF-M
5.5,-2.5,ITF-M
13.0,3.5,ITF-M
3.5,-0.0,ITF-M
8.0,8.5,ITF-M
18.0,-2.0,ITF-M
7.0,-9.0,ITF-M
9.0,-15.0,ITF-M
15.0,15.0,ITF-M
15.0,5.0,ITF-M
5.0,3.0,ITF-M
14.0,4.0,ITF-M
4.0,1.0,ITF-M
-3.0,4.0,ITF-M
1.5,1.5,ITF-M
2.0,-1.0,ITF-M
4.5,4.0,ITF-M
13.5,3.0,ITF-M
3.0,1.0,ITF-M
-2.5,4.0,ITF-M
0.5,1.5,ITF-M
2.0,-1.0,ITF-M
-3.0,-1.0,ITF-M
1.0,0.0,ITF-M
0.0,0.0,ITF-M
-0.0,-0.0,ITF-M
-3.0,-1.0,ITF-M
1.0,0.5,ITF-M
0.5,-0.5,ITF-M
0.5,-0.5,ITF-M
5.5,-4.5,ITF-M
2.0,3.5,ITF-M
2.0,-4.0,ITF-M
1.0,-6.0,ITF-M
0.0,3.0,ITF-M
3.0,1.0,ITF-M
7.0,-0.5,ITF-M
2.0,-0.0,ITF-M
4.0,-1.0,ITF-M
2.0,2.0,ITF-M
6.0,6.0,ITF-M
1.0,4.0,ITF-M
4.5,3.5,ITF-M
10.5,7.0,ITF-M
7.0,3.0,ITF-M
5.5,17.5,ITF-M
17.5,-0.5,ITF-M
14.0,-14.5,ITF-M
14.5,-4.5,ITF-M
5.0,-6.0,ITF-M
1.0,5.0,ITF-M
2.0,-4.0,ITF-M
0.5,-5.5,ITF-M
-0.0,3.0,ITF-M
2.0,2.0,ITF-M
7.0,-1.5,ITF-M
3.0,0.0,ITF-M
3.5,-0.5,ITF-M
2.0,1.0,ITF-M
6.0,7.0,ITF-M
1.0,4.0,ITF-M
5.0,3.5,ITF-M
11.0,6.5,ITF-M
6.5,3.0,ITF-M
5.0,18.0,ITF-M
18.0,0.0,ITF-M
14.0,-14.5,ITF-M
14.5,-5.5,ITF-M
-6.5,-9.0,ITF-M
9.0,2.0,ITF-M
2.0,3.0,ITF-M
6.0,8.0,ITF-M
7.0,2.5,ITF-M
2.5,-9.0,ITF-M
9.0,12.5,ITF-M
-8.0,-5.0,ITF-M
-16.0,-7.0,ITF-M
1.0,-0.5,ITF-M
1.5,0.5,ITF-M
-5.5,-7.5,ITF-M
24.0,-1.0,ITF-M
6.5,-6.5,ITF-M
16.0,4.0,ITF-M
-4.5,-10.0,ITF-M
10.0,0.5,ITF-M
-8.5,-13.5,ITF-M
13.5,11.0,ITF-M
11.0,4.0,ITF-M
-7.0,-9.0,ITF-M
9.0,4.0,ITF-M
4.0,2.0,ITF-M
8.0,8.0,ITF-M
6.0,3.5,ITF-M
3.5,-10.0,ITF-M
10.0,12.5,ITF-M
-9.0,-4.5,ITF-M
-16.5,-7.5,ITF-M
2.0,-1.0,ITF-M
2.0,-0.0,ITF-M
-5.5,-7.0,ITF-M
25.0,-1.0,ITF-M
6.0,-6.5,ITF-M
16.0,5.0,ITF-M
-5.5,-10.5,ITF-M
10.5,0.5,ITF-M
-9.5,-13.5,ITF-M
13.5,11.0,ITF-M
11.0,4.5,ITF-M
4.5,-1.0,ITF-M
0.0,-1.5,ITF-M
3.0,-4.0,ITF-M
-4.0,1.0,ITF-M
-0.5,3.0,ITF-M
1.0,2.5,ITF-M
1.0,-10.0,ITF-M
3.0,-0.0,ITF-M
2.0,-2.0,ITF-M
5.5,-1.0,ITF-M
-0.0,-1.5,ITF-M
3.0,-4.0,ITF-M
4.0,-1.0,ITF-M
1.5,-4.0,ITF-M
-1.0,-2.5,ITF-M
-1.0,9.5,ITF-M
3.0,0.0,ITF-M
2.0,-2.0,ITF-M
1.5,-3.5,ITF-M
6.0,-1.0,ITF-M
-1.0,4.0,ITF-M
1.0,-1.0,ITF-M
1.0,-2.0,ITF-M
2.0,-1.5,ITF-M
-5.0,-1.0,ITF-M
-4.0,7.0,ITF-M
3.0,-4.0,ITF-M
-3.0,-1.5,ITF-M
1.5,5.5,ITF-M
4.0,-1.5,ITF-M
1.0,0.0,ITF-M
0.0,0.0,ITF-M
-0.0,-0.0,ITF-M
1.0,0.0,ITF-M
3.5,-1.0,ITF-M
4.5,-1.0,ITF-M
-1.0,5.5,ITF-M
0.5,-1.0,ITF-M
1.0,-2.5,ITF-M
2.0,-1.0,ITF-M
-5.0,-1.0,ITF-M
-4.0,7.0,ITF-M
4.5,-5.5,ITF-M
-3.0,-1.5,ITF-M
1.5,5.5,ITF-M
4.0,-1.0,ITF-M
1.5,-0.0,ITF-M
-0.0,-0.5,ITF-M
0.5,0.0,ITF-M
1.0,-0.0,ITF-M
-3.0,-2.0,ITF-M
2.0,-3.5,ITF-M
-3.0,-0.0,ITF-M
0.5,-1.0,ITF-M
-1.0,1.0,ITF-M
-1.0,-2.0,ITF-M
2.0,-5.0,ITF-M
-4.5,9.5,ITF-M
-9.5,-22.5,ITF-M
22.5,-5.5,ITF-M
6.0,0.0,ITF-M
6.0,13.0,ITF-M
4.0,-2.0,ITF-M
-2.0,-0.5,ITF-M
0.5,7.5,ITF-M
3.5,5.0,ITF-M
5.0,5.5,ITF-M
-3.0,-0.0,ITF-M
-30.5,-13.0,ITF-M
13.0,5.0,ITF-M
1.0,-2.5,ITF-M
2.5,-3.0,ITF-M
-2.0,0.0,ITF-M
0.0,0.0,ITF-M
-1.0,-0.0,ITF-M
0.0,-4.0,ITF-M
4.0,-7.0,ITF-M
-5.0,8.5,ITF-M
-8.5,-24.0,ITF-M
24.0,-5.5,ITF-M
6.0,-0.0,ITF-M
-5.5,-13.5,ITF-M
4.0,-1.0,ITF-M
-1.0,-1.5,ITF-M
1.5,7.5,ITF-M
3.5,4.5,ITF-M
4.5,3.5,ITF-M
-0.5,0.0,ITF-M
30.5,12.0,ITF-M
-12.0,-6.0,ITF-M
0.5,-15.5,ITF-M
15.5,-1.5,ITF-M
7.0,0.5,ITF-M
11.0,9.0,ITF-M
2.0,2.0,ITF-M
2.0,-12.0,ITF-M
11.0,-10.0,ITF-M
17.5,4.5,ITF-M
-1.0,8.0,ITF-M
6.5,-9.0,ITF-M
-2.0,-18.0,ITF-M
18.0,4.0,ITF-M
4.0,-2.0,ITF-M
7.0,-2.0,ITF-M
-5.0,1.0,ITF-M
2.0,-0.5,ITF-M
0.5,1.5,ITF-M
1.0,2.0,ITF-M
-0.5,-14.5,ITF-M
14.5,-1.0,ITF-M
5.5,0.5,ITF-M
10.0,10.0,ITF-M
2.0,2.0,ITF-M
2.0,-12.0,ITF-M
11.5,-10.0,ITF-M
17.5,4.5,ITF-M
-1.0,8.0,ITF-M
7.0,-9.0,ITF-M
-2.0,-18.0,ITF-M
18.0,4.0,ITF-M
4.0,-2.0,ITF-M
7.0,-2.0,ITF-M
-5.0,1.0,ITF-M
2.0,-0.5,ITF-M
0.5,1.5,ITF-M
1.0,3.0,ITF-M
7.0,-3.0,ITF-M
-3.0,3.0,ITF-M
-3.0,-2.0,ITF-M
2.0,-4.0,ITF-M
5.0,-1.0,ITF-M
3.0,-1.0,ITF-M
3.0,14.0,ITF-M
14.0,8.0,ITF-M
2.0,0.0,ITF-M
10.0,-4.5,ITF-M
4.5,14.5,ITF-M
0.5,5.0,ITF-M
-0.0,-0.0,ITF-M
0.0,0.0,ITF-M
-1.0,-1.0,ITF-M
-0.0,-0.0,ITF-M
-1.0,1.0,ITF-M
-1.0,-6.5,ITF-M
9.5,-6.0,ITF-M
-3.0,3.0,ITF-M
-3.0,-2.0,ITF-M
2.0,-4.0,ITF-M
5.0,-1.0,ITF-M
3.0,-1.0,ITF-M
3.0,14.0,ITF-M
14.0,8.0,ITF-M
2.0,-0.0,ITF-M
10.0,-4.5,ITF-M
4.5,14.5,ITF-M
1.0,5.0,ITF-M
0.0,0.0,ITF-M
-0.0,-0.0,ITF-M
1.0,1.0,ITF-M
0.0,0.0,ITF-M
-1.0,1.0,ITF-M
-1.0,-5.5,ITF-M
7.5,-14.0,ITF-M
14.0,-8.5,ITF-M
9.0,-4.0,ITF-M
-3.0,0.0,ITF-M
-1.5,9.0,ITF-M
4.5,7.0,ITF-M
7.0,7.0,ITF-M
1.0,-4.5,ITF-M
2.0,-0.0,ITF-M
-0.0,-1.0,ITF-M
-0.5,5.5,ITF-M
1.5,9.5,ITF-M
9.5,-4.5,ITF-M
-1.5,-4.0,ITF-M
-1.0,-1.5,ITF-M
1.0,3.0,ITF-M
0.5,1.0,ITF-M
12.0,6.0,ITF-M
7.5,-13.5,ITF-M
13.5,-10.0,ITF-M
9.5,-4.0,ITF-M
-2.5,-0.0,ITF-M
-1.0,8.0,ITF-M
4.0,8.0,ITF-M
8.0,7.0,ITF-M
1.0,-5.5,ITF-M
2.0,0.0,ITF-M
0.0,0.0,ITF-M
-1.0,6.0,ITF-M
2.0,10.0,ITF-M
10.0,-5.5,ITF-M
-3.0,-2.5,ITF-M
0.5,-2.0,ITF-M
2.0,2.5,ITF-M
-0.0,1.0,ITF-M
12.0,6.0,ITF-M
11.0,-1.0,ITF-M
6.5,-5.5,ITF-M
-2.5,2.0,ITF-M
14.0,3.0,ITF-M
4.0,3.0,ITF-M
19.0,3.0,ITF-M
9.5,-8.5,ITF-M
-0.5,5.0,ITF-M
1.0,4.0,ITF-M
-0.0,-0.0,ITF-M
-5.5,-4.5,ITF-M
1.0,1.0,ITF-M
14.5,3.0,ITF-M
0.0,6.0,ITF-M
6.0,4.5,ITF-M
7.0,1.0,ITF-M
1.0,-2.5,ITF-M
2.5,34.0,ITF-M
1.0,-17.0,ITF-M
17.0,-12.0,ITF-M
-0.5,-12.5,ITF-M
12.5,-28.0,ITF-M
-2.0,-23.0,ITF-M
23.0,13.0,ITF-M
-12.0,5.5,ITF-M
-5.5,-1.5,ITF-M
1.0,-18.0,ITF-M
18.0,-18.0,ITF-M
30.5,16.0,ITF-M
10.0,0.5,ITF-M
6.5,-4.5,ITF-M
-2.0,2.0,ITF-M
14.5,2.5,ITF-M
4.0,2.0,ITF-M
18.0,3.0,ITF-M
9.5,-8.5,ITF-M
-0.5,6.0,ITF-M
-0.5,5.5,ITF-M
0.0,0.0,ITF-M
5.0,5.5,ITF-M
0.5,2.0,ITF-M
17.0,-1.0,ITF-M
1.5,6.0,ITF-M
6.0,4.5,ITF-M
7.0,3.5,ITF-M
3.5,-4.0,ITF-M
-2.5,-35.0,ITF-M
-1.0,-15.0,ITF-M
15.0,-12.0,ITF-M
0.5,-13.5,ITF-M
13.5,-28.0,ITF-M
-3.0,-22.0,ITF-M
22.0,13.0,ITF-M
-13.0,7.0,ITF-M
-7.0,0.5,ITF-M
1.5,-14.5,ITF-M
14.5,-15.5,ITF-M
32.5,14.0,ITF-M
5.0,-6.0,ITF-M
3.0,4.0,ITF-M
4.0,-5.0,ITF-M
12.0,4.0,ITF-M
4.0,-0.5,ITF-M
25.0,3.5,ITF-M
3.5,6.0,ITF-M
6.0,7.0,ITF-M
3.0,-0.0,ITF-M
0.0,3.0,ITF-M
-5.5,-3.5,ITF-M
2.5,-14.5,ITF-M
14.5,2.5,ITF-M
2.5,-6.5,ITF-M
6.5,-16.0,ITF-M
2.5,-19.5,ITF-M
19.5,10.0,ITF-M
10.0,-13.0,ITF-M
13.0,29.0,ITF-M
1.0,-3.0,ITF-M
25.0,0.5,ITF-M
0.5,-13.0,ITF-M
13.0,-10.0,ITF-M
-2.0,-0.0,ITF-M
0.0,-5.0,ITF-M
5.0,19.0,ITF-M
5.0,-6.0,ITF-M
2.0,4.0,ITF-M
4.0,-5.0,ITF-M
12.0,4.0,ITF-M
4.0,-0.0,ITF-M
26.0,2.0,ITF-M
2.0,6.5,ITF-M
6.5,7.5,ITF-M
2.0,1.0,ITF-M
-0.0,4.0,ITF-M
-5.0,-4.5,ITF-M
-0.0,-12.5,ITF-M
12.5,1.5,ITF-M
1.5,-6.0,ITF-M
6.0,-16.0,ITF-M
2.5,-19.5,ITF-M
19.5,10.0,ITF-M
10.0,-13.0,ITF-M
13.0,28.0,ITF-M
1.0,-3.0,ITF-M
24.5,0.5,ITF-M
0.5,-13.0,ITF-M
13.0,-10.0,ITF-M
0.0,-2.0,ITF-M
2.0,-5.0,ITF-M
5.0,19.0,ITF-M
-0.0,-2.5,ITF-M
0.5,-0.5,ITF-M
0.5,-0.0,ITF-M
-0.5,0.0,ITF-M
-0.0,-0.0,ITF-M
-2.5,1.5,ITF-M
2.5,-1.5,ITF-M
1.5,-0.5,ITF-M
-0.5,-2.0,ITF-M
-1.0,-3.0,ITF-M
3.0,1.0,ITF-M
3.0,0.5,ITF-M
0.5,-0.0,ITF-M
0.0,-2.5,ITF-M
1.0,-1.0,ITF-M
-0.5,1.0,ITF-M
-0.5,-0.0,ITF-M
-0.5,1.0,ITF-M
-2.0,2.0,ITF-M
2.0,-1.0,ITF-M
1.5,-0.5,ITF-M
0.5,2.0,ITF-M
-1.0,-3.0,ITF-M
3.0,1.0,ITF-M
2.5,1.5,ITF-M
1.5,-0.5,ITF-M
0.0,24.5,ITF-M
34.5,-38.5,ITF-M
-38.5,35.5,ITF-M
1.0,-25.5,ITF-M
-32.0,29.5,ITF-M
29.5,-29.5,ITF-M
-0.5,-2.0,ITF-M
3.5,1.0,ITF-M
0.5,0.5,ITF-M
3.0,1.5,ITF-M
1.5,-1.0,ITF-M
-0.5,3.0,ITF-M
7.0,-0.5,ITF-M
-0.5,0.5,ITF-M
-0.0,-0.0,ITF-M
0.0,0.0,ITF-M
-0.0,1.0,ITF-M
0.0,-2.0,ITF-M
3.5,2.0,ITF-M
0.0,1.0,ITF-M
3.0,1.0,ITF-M
1.0,-1.0,ITF-M
1.0,-3.0,ITF-M
7.0,-0.5,ITF-M
-0.5,0.5,ITF-M
0.0,0.0,ITF-M
-0.0,-0.0,ITF-M
0.0,1.0,ITF-M
-2.5,-0.0,ITF-M
10.5,-6.5,ITF-M
10.0,-5.0,ITF-M
13.0,-10.0,ITF-M
10.0,-2.0,ITF-M
8.5,-5.5,ITF-M
5.5,9.0,ITF-M
17.5,-3.5,ITF-M
6.0,1.0,ITF-M
12.0,1.0,ITF-M
11.0,4.0,ITF-M
15.0,-9.0,ITF-M
14.5,5.0,ITF-M
5.5,6.5,ITF-M
4.0,2.5,ITF-M
7.5,4.0,ITF-M
3.5,-1.0,ITF-M
5.5,-7.0,ITF-M
7.0,-0.0,ITF-M
-1.5,-1.0,ITF-M
12.0,-8.5,ITF-M
10.0,-5.0,ITF-M
13.0,-8.0,ITF-M
8.0,-1.0,ITF-M
7.5,-4.5,ITF-M
4.5,7.5,ITF-M
16.5,-4.5,ITF-M
7.0,0.0,ITF-M
-13.0,-0.0,ITF-M
10.0,5.0,ITF-M
15.5,-8.5,ITF-M
15.5,4.5,ITF-M
5.0,7.0,ITF-M
4.0,1.0,ITF-M
7.0,3.5,ITF-M
3.0,-1.5,ITF-M
5.0,-7.0,ITF-M
7.0,0.0,ITF-M
-3.0,5.5,ITF-M
5.5,-5.5,ITF-M
7.0,-13.0,ITF-M
-1.0,-0.5,ITF-M
0.5,5.0,ITF-M
11.5,4.0,ITF-M
5.5,-4.5,ITF-M
9.0,2.0,ITF-M
19.5,-8.0,ITF-M
-6.5,-11.5,ITF-M
-7.0,2.0,ITF-M
15.0,4.0,ITF-M
6.0,-1.5,ITF-M
4.5,1.0,ITF-M
3.0,-10.5,ITF-M
-4.0,-2.5,ITF-M
-1.5,3.5,ITF-M
1.0,3.0,ITF-M
3.0,1.0,ITF-M
3.0,-1.5,ITF-M
4.0,5.5,ITF-M
3.0,4.0,ITF-M
4.0,11.0,ITF-M
6.5,-0.5,ITF-M
19.0,8.0,ITF-M
-8.0,-6.0,ITF-M
6.0,-12.0,ITF-M
12.0,3.5,ITF-M
3.5,-14.5,ITF-M
-3.0,7.0,ITF-M
7.0,-7.5,ITF-M
6.0,-13.0,ITF-M
-1.0,-0.5,ITF-M
0.5,5.5,ITF-M
11.0,5.5,ITF-M
4.5,-4.5,ITF-M
9.0,-0.5,ITF-M
20.0,-9.0,ITF-M
-7.0,-11.0,ITF-M
-7.0,7.5,ITF-M
11.5,6.0,ITF-M
5.5,-1.0,ITF-M
5.0,1.0,ITF-M
3.0,-9.5,ITF-M
-3.0,-2.5,ITF-M
0.0,3.0,ITF-M
0.0,4.0,ITF-M
3.0,1.0,ITF-M
3.0,-1.5,ITF-M
3.5,6.0,ITF-M
3.0,4.0,ITF-M
4.0,10.0,ITF-M
6.0,1.5,ITF-M
-18.5,-9.0,ITF-M
9.0,6.5,ITF-M
6.5,-12.5,ITF-M
12.5,4.0,ITF-M
-4.0,15.0,ITF-M
1.0,-4.0,ITF-M
6.0,4.0,ITF-M
4.0,1.0,ITF-M
0.5,0.5,ITF-M
-5.5,-2.5,ITF-M
-2.5,-9.0,ITF-M
-1.0,-0.0,ITF-M
0.5,-10.0,ITF-M
10.0,10.0,ITF-M
19.5,0.0,ITF-M
-6.0,-2.0,ITF-M
2.0,-6.0,ITF-M
-7.0,-17.5,ITF-M
10.5,8.0,ITF-M
2.5,-9.0,ITF-M
16.0,5.5,ITF-M
-0.5,5.5,ITF-M
14.0,-1.0,ITF-M
-8.0,-7.5,ITF-M
-7.0,9.5,ITF-M
15.0,-14.0,ITF-M
14.0,-1.0,ITF-M
6.5,0.5,ITF-M
14.5,6.0,ITF-M
15.0,8.0,ITF-M
1.0,-4.0,ITF-M
7.0,3.0,ITF-M
3.0,1.5,ITF-M
0.5,1.0,ITF-M
-4.5,-3.5,ITF-M
-2.0,-9.5,ITF-M
-1.0,0.0,ITF-M
0.0,-11.0,ITF-M
11.0,9.0,ITF-M
18.0,1.0,ITF-M
-6.0,-1.0,ITF-M
1.0,-5.0,ITF-M
-7.0,-15.0,ITF-M
10.0,8.0,ITF-M
1.5,-10.0,ITF-M
15.5,5.0,ITF-M
-0.5,5.5,ITF-M
14.0,-1.0,ITF-M
-8.0,-7.5,ITF-M
-7.0,9.5,ITF-M
14.0,-13.0,ITF-M
13.0,-1.0,ITF-M
7.0,-0.0,ITF-M
13.5,6.5,ITF-M
14.0,8.0,ITF-M
0.0,0.0,ITF-M
-0.5,-1.0,ITF-M
1.0,-1.5,ITF-M
2.5,-1.0,ITF-M
-2.0,0.5,ITF-M
-0.5,0.0,ITF-M
-0.5,-1.0,ITF-M
1.0,-2.0,ITF-M
1.0,0.0,ITF-M
0.0,1.0,ITF-M
-1.0,-0.0,ITF-M
0.0,0.0,ITF-M
-0.0,-0.0,ITF-M
0.0,-1.0,ITF-M
-0.0,0.5,ITF-M
-0.0,-0.0,ITF-M
-0.5,-1.0,ITF-M
1.0,-1.5,ITF-M
-2.5,1.0,ITF-M
-2.0,0.0,ITF-M
-0.0,0.5,ITF-M
-1.5,-1.0,ITF-M
-1.0,2.0,ITF-M
1.0,-0.0,ITF-M
-0.0,1.0,ITF-M
-1.0,0.5,ITF-M
-0.5,0.5,ITF-M
0.0,0.0,ITF-M
-0.0,-0.5,ITF-M
0.5,0.0,ITF-M
2.0,-4.0,ITF-M
9.0,-7.0,ITF-M
1.5,-0.0,ITF-M
-4.0,2.0,ITF-M
5.5,0.0,ITF-M
-0.0,5.0,ITF-M
0.0,-7.0,ITF-M
-0.0,-2.0,ITF-M
3.0,-4.0,ITF-M
9.5,-7.5,ITF-M
1.5,-1.0,ITF-M
-4.5,4.5,ITF-M
6.0,-0.0,ITF-M
-0.5,4.5,ITF-M
-1.0,-7.0,ITF-M
0.0,-3.0,ITF-M
0.5,-1.5,ITF-M
0.5,0.5,ITF-M
0.0,1.5,ITF-M
-1.5,-0.5,ITF-M
-0.0,-0.0,ITF-M
0.5,-0.0,ITF-M
2.0,-0.0,ITF-M
1.0,-0.0,ITF-M
-0.0,-0.0,ITF-M
2.0,-2.0,ITF-M
1.0,-0.0,ITF-M
0.0,-1.0,ITF-M
1.0,-0.0,ITF-M
0.0,-1.0,ITF-M
1.0,-2.0,ITF-M
0.5,0.5,ITF-M
0.5,1.5,ITF-M
-1.5,0.0,ITF-M
0.0,0.0,ITF-M
0.5,0.0,ITF-M
2.0,0.0,ITF-M
1.0,0.0,ITF-M
0.0,0.0,ITF-M
2.0,-2.0,ITF-M
1.0,0.0,ITF-M
-0.0,-1.0,ITF-M
1.0,0.0,ITF-M
-0.0,-1.0,ITF-M
4.0,4.5,ITF-M
2.5,-15.5,ITF-M
15.5,-5.5,ITF-M
5.5,0.0,ITF-M
-15.0,1.5,ITF-M
-1.5,2.5,ITF-M
6.0,-15.0,ITF-M
15.0,-10.0,ITF-M
10.0,3.0,ITF-M
-3.0,-7.5,ITF-M
7.5,-4.5,ITF-M
4.0,-12.0,ITF-M
12.0,-4.0,ITF-M
5.0,10.0,ITF-M
10.0,3.5,ITF-M
3.5,-6.5,ITF-M
5.5,10.0,ITF-M
11.0,7.0,ITF-M
7.0,-9.5,ITF-M
-2.5,-1.5,ITF-M
1.0,-6.5,ITF-M
-7.5,-5.0,ITF-M
-11.5,6.5,ITF-M
-6.5,-2.5,ITF-M
20.5,-4.0,ITF-M
3.5,2.5,ITF-M
-7.5,7.0,ITF-M
-5.5,-2.5,ITF-M
-11.5,-16.0,ITF-M
16.0,3.5,ITF-M
3.5,11.0,ITF-M
10.0,6.0,ITF-M
3.0,-15.5,ITF-M
15.5,-5.5,ITF-M
5.5,2.0,ITF-M
-11.5,0.0,ITF-M
-0.0,1.0,ITF-M
3.0,-12.0,ITF-M
12.0,-10.0,ITF-M
10.0,3.5,ITF-M
-3.5,-6.5,ITF-M
6.5,-3.0,ITF-M
4.0,-11.0,ITF-M
-11.0,4.5,ITF-M
3.5,12.0,ITF-M
12.0,3.0,ITF-M
3.0,-6.0,ITF-M
4.5,10.5,ITF-M
12.0,5.0,ITF-M
5.0,-7.0,ITF-M
-3.0,-1.5,ITF-M
2.0,-7.0,ITF-M
-7.0,-6.0,ITF-M
-12.0,6.0,ITF-M
-6.0,-2.0,ITF-M
22.0,-3.0,ITF-M
-3.5,-0.5,ITF-M
-8.0,7.0,ITF-M
-5.0,-2.0,ITF-M
-10.0,-16.5,ITF-M
16.5,3.0,ITF-M
3.0,13.0,ITF-M
-1.0,11.0,ITF-M
-1.0,-10.0,ITF-M
5.0,7.5,ITF-M
7.5,-10.0,ITF-M
6.0,5.0,ITF-M
5.0,6.5,ITF-M
14.0,1.5,ITF-M
2.0,-6.0,ITF-M
1.0,2.5,ITF-M
4.5,-9.5,ITF-M
-5.0,-1.5,ITF-M
-0.5,0.5,ITF-M
-0.5,-2.0,ITF-M
2.0,-8.5,ITF-M
8.5,1.0,ITF-M
10.0,-14.0,ITF-M
6.0,-3.5,ITF-M
5.0,-7.0,ITF-M
7.0,15.0,ITF-M
-0.0,-5.0,ITF-M
-5.0,-13.0,ITF-M
13.0,27.0,ITF-M
27.0,4.0,ITF-M
-4.0,11.0,ITF-M
2.0,-13.0,ITF-M
5.5,6.5,ITF-M
6.5,-9.0,ITF-M
5.5,6.5,ITF-M
6.5,5.0,ITF-M
8.0,0.5,ITF-M
2.0,-4.5,ITF-M
1.0,2.5,ITF-M
5.5,-10.5,ITF-M
-6.0,-1.0,ITF-M
-2.0,1.0,ITF-M
-1.0,-2.0,ITF-M
1.0,-8.0,ITF-M
9.5,1.5,ITF-M
9.0,-13.5,ITF-M
7.0,-3.5,ITF-M
6.0,-8.0,ITF-M
8.0,16.0,ITF-M
0.0,-5.0,ITF-M
5.0,12.0,ITF-M
12.0,26.5,ITF-M
-26.5,-5.5,ITF-M
4.0,2.0,ITF-M
2.0,3.0,ITF-M
3.0,-1.0,ITF-M
1.0,2.0,ITF-M
0.5,6.5,ITF-M
6.5,10.0,ITF-M
2.5,2.5,ITF-M
7.0,-1.0,ITF-M
-1.0,-8.0,ITF-M
8.0,-3.0,ITF-M
5.0,6.0,ITF-M
6.0,8.0,ITF-M
-3.0,10.0,ITF-M
13.5,-18.0,ITF-M
-14.0,-13.5,ITF-M
4.0,7.0,ITF-M
5.5,13.0,ITF-M
-4.0,6.0,ITF-M
3.5,2.5,ITF-M
2.5,3.0,ITF-M
3.0,-1.0,ITF-M
1.0,2.0,ITF-M
1.0,5.0,ITF-M
5.0,11.0,ITF-M
-3.0,-2.0,ITF-M
7.0,-1.0,ITF-M
-1.0,-8.0,ITF-M
8.0,-3.0,ITF-M
5.0,6.0,ITF-M
5.5,6.5,ITF-M
3.5,-9.0,ITF-M
14.0,-18.0,ITF-M
-13.0,-13.5,ITF-M
4.0,7.0,ITF-M
5.0,14.0,ITF-M
-4.0,7.0,ITF-M
3.0,-4.5,ITF-M
-2.0,-1.0,ITF-M
0.5,10.5,ITF-M
-8.0,-1.0,ITF-M
1.0,-0.0,ITF-M
5.5,11.0,ITF-M
11.0,-11.5,ITF-M
-9.5,6.0,ITF-M
-6.0,2.0,ITF-M
10.0,-15.5,ITF-M
24.5,0.0,ITF-M
4.5,14.5,ITF-M
3.0,2.0,ITF-M
2.0,0.0,ITF-M
2.5,3.5,ITF-M
2.5,-4.0,ITF-M
2.5,1.0,ITF-M
3.0,-4.5,ITF-M
-2.5,-0.5,ITF-M
0.5,11.5,ITF-M
-8.0,-0.5,ITF-M
0.5,1.5,ITF-M
6.0,11.0,ITF-M
11.0,-12.0,ITF-M
-13.0,9.0,ITF-M
-9.0,2.0,ITF-M
9.0,-19.0,ITF-M
24.5,-0.0,ITF-M
5.0,15.0,ITF-M
2.0,2.0,ITF-M
2.0,-0.0,ITF-M
2.5,3.5,ITF-M
4.0,-4.0,ITF-M
2.5,1.5,ITF-M
3.5,4.0,ITF-M
4.0,1.0,ITF-M
8.0,8.0,ITF-M
8.0,4.0,ITF-M
0.0,-7.0,ITF-M
3.0,7.0,ITF-M
3.0,3.0,ITF-M
5.5,2.0,ITF-M
1.0,-0.5,ITF-M
4.5,-0.0,ITF-M
-2.5,2.0,ITF-M
2.0,1.0,ITF-M
1.0,-0.0,ITF-M
0.0,-1.0,ITF-M
2.0,5.5,ITF-M
5.5,1.0,ITF-M
9.0,6.0,ITF-M
6.0,4.0,ITF-M
-0.0,-6.0,ITF-M
3.5,7.5,ITF-M
3.0,3.0,ITF-M
5.5,3.0,ITF-M
1.0,0.0,ITF-M
-4.0,-0.0,ITF-M
2.0,-1.0,ITF-M
1.0,1.5,ITF-M
1.5,0.0,ITF-M
1.0,0.0,ITF-M
5.0,3.0,ITF-M
1.0,-2.0,ITF-M
8.0,7.0,ITF-M
3.0,0.0,ITF-M
3.0,1.0,ITF-M
1.0,-2.0,ITF-M
2.5,-2.0,ITF-M
1.0,-2.0,ITF-M
3.5,-5.0,ITF-M
2.0,-1.5,ITF-M
3.0,-0.5,ITF-M
-3.5,4.0,ITF-M
-4.0,2.0,ITF-M
-2.0,-4.0,ITF-M
-0.0,-4.5,ITF-M
3.0,0.0,ITF-M
4.0,4.0,ITF-M
1.0,-2.0,ITF-M
7.5,6.5,ITF-M
3.0,-0.0,ITF-M
3.5,1.0,ITF-M
1.0,-2.0,ITF-M
2.0,-1.5,ITF-M
0.5,-2.0,ITF-M
-3.5,5.0,ITF-M
2.0,-2.0,ITF-M
2.0,0.5,ITF-M
-3.0,3.5,ITF-M
-3.5,1.5,ITF-M
-1.5,-3.5,ITF-M
0.5,-4.5,ITF-M
3.0,-0.0,ITF-M
19.5,-5.0,ITF-M
-5.0,3.0,ITF-M
20.5,-4.5,ITF-M
-4.5,2.5,ITF-M
-0.5,1.5,ITF-M
4.5,4.0,ITF-M
1.5,0.0,ITF-M
0.0,1.5,ITF-M
1.0,0.0,ITF-M
-0.0,-0.0,ITF-M
0.0,0.0,ITF-M
0.0,1.0,ITF-M
1.5,0.0,ITF-M
-0.0,-0.0,ITF-M
0.0,0.0,ITF-M
1.0,0.0,ITF-M
1.5,-0.5,ITF-M
-4.0,-3.5,ITF-M
1.5,-0.0,ITF-M
-1.0,2.0,ITF-M
1.0,-0.0,ITF-M
0.0,0.0,ITF-M
-0.0,-0.0,ITF-M
-0.0,1.0,ITF-M
1.0,-0.0,ITF-M
0.0,0.0,ITF-M
-0.0,-0.0,ITF-M
1.0,-0.0,ITF-M
3.0,-9.0,ITF-M
11.5,0.0,ITF-M
-2.5,-0.0,ITF-M
5.0,-6.5,ITF-M
-7.0,-11.0,ITF-M
0.0,18.0,ITF-M
18.0,0.0,ITF-M
0.0,2.5,ITF-M
5.0,1.0,ITF-M
0.0,1.0,ITF-M
1.0,0.0,ITF-M
3.0,-9.0,ITF-M
-13.0,1.5,ITF-M
-2.5,0.0,ITF-M
5.0,-5.0,ITF-M
-6.0,-11.0,ITF-M
1.0,16.0,ITF-M
16.0,1.0,ITF-M
0.5,1.5,ITF-M
4.0,1.0,ITF-M
-0.0,1.0,ITF-M
1.0,-0.0,ITF-M
-7.5,-10.5,ITF-M
10.5,0.5,ITF-M
0.5,-2.5,ITF-M
2.5,3.0,ITF-M
-3.0,-3.0,ITF-M
-8.0,-0.5,ITF-M
0.5,-0.5,ITF-M
6.0,-6.5,ITF-M
9.0,1.0,ITF-M
5.0,2.0,ITF-M
2.0,-1.5,ITF-M
1.5,0.5,ITF-M
-0.5,1.0,ITF-M
3.0,4.0,ITF-M
6.0,-7.0,ITF-M
-5.0,-1.0,ITF-M
-0.5,-5.5,ITF-M
-3.5,6.5,ITF-M
5.5,-5.5,ITF-M
5.0,17.0,ITF-M
22.5,4.0,ITF-M
4.0,1.0,ITF-M
7.0,20.5,ITF-M
4.5,3.0,ITF-M
-6.0,5.0,ITF-M
-5.0,-9.5,ITF-M
9.5,-5.5,ITF-M
1.0,-7.0,ITF-M
0.0,1.5,ITF-M
-8.0,-11.0,ITF-M
11.0,-0.5,ITF-M
-0.5,-1.5,ITF-M
1.5,3.0,ITF-M
-3.0,-5.0,ITF-M
-10.0,-0.0,ITF-M
0.0,-2.0,ITF-M
4.5,-5.5,ITF-M
10.0,-2.0,ITF-M
7.5,2.5,ITF-M
-2.5,1.5,ITF-M
1.5,0.5,ITF-M
-0.5,0.0,ITF-M
2.5,2.5,ITF-M
4.0,-6.0,ITF-M
-5.0,-1.0,ITF-M
0.5,-6.0,ITF-M
-3.5,7.0,ITF-M
6.0,-6.5,ITF-M
5.5,16.5,ITF-M
21.0,4.0,ITF-M
4.0,1.0,ITF-M
8.0,20.0,ITF-M
5.0,2.5,ITF-M
-5.0,4.0,ITF-M
-4.0,-9.0,ITF-M
9.0,-5.0,ITF-M
1.0,-7.5,ITF-M
0.5,0.5,ITF-M
7.0,6.0,ITF-M
3.5,-0.5,ITF-M
5.5,-0.5,ITF-M
7.0,1.5,ITF-M
8.0,5.0,ITF-M
3.0,-2.0,ITF-M
4.5,-1.0,ITF-M
8.0,2.0,ITF-M
2.0,-1.0,ITF-M
4.0,5.0,ITF-M
0.5,-0.5,ITF-M
-1.0,3.0,ITF-M
4.5,-4.5,ITF-M
-3.5,-2.0,ITF-M
2.0,-7.5,ITF-M
1.0,-1.0,ITF-M
-2.0,4.0,ITF-M
2.5,-1.0,ITF-M
2.5,5.5,ITF-M
1.5,-0.0,ITF-M
1.0,-2.5,ITF-M
-3.5,4.0,ITF-M
-2.5,-2.5,ITF-M
2.5,-7.0,ITF-M
1.5,-1.0,ITF-M
-1.0,3.0,ITF-M
1.5,-2.0,ITF-M
2.5,1.0,ITF-M
3.0,-15.0,ITF-M
0.0,-1.0,ITF-M
3.0,-8.5,ITF-M
6.5,5.0,ITF-M
6.0,0.5,ITF-M
0.5,-0.0,ITF-M
5.0,-6.5,ITF-M
-1.5,2.0,ITF-M
-4.0,-0.5,ITF-M
-0.5,1.5,ITF-M
5.5,-4.5,ITF-M
4.5,-5.0,ITF-M
5.0,-1.0,ITF-M
5.0,18.5,ITF-M
4.0,2.0,ITF-M
2.0,-2.0,ITF-M
3.0,1.0,ITF-M
1.0,-15.0,ITF-M
-1.0,-1.0,ITF-M
3.0,-8.0,ITF-M
7.5,3.0,ITF-M
6.0,0.5,ITF-M
0.5,0.0,ITF-M
5.5,-6.0,ITF-M
-1.5,2.0,ITF-M
-5.0,-0.5,ITF-M
-0.5,1.5,ITF-M
5.5,-4.5,ITF-M
4.5,-5.0,ITF-M
-5.0,1.0,ITF-M
4.5,18.5,ITF-M
4.0,2.0,ITF-M
3.0,-6.0,ITF-M
-6.0,6.0,ITF-M
5.0,3.0,ITF-M
4.0,-3.5,ITF-M
0.5,3.5,ITF-M
3.5,-0.0,ITF-M
5.0,-2.5,ITF-M
-3.5,-2.0,ITF-M
2.0,3.5,ITF-M
3.0,1.5,ITF-M
5.5,-4.5,ITF-M
-0.5,1.5,ITF-M
12.0,5.0,ITF-M
0.0,1.5,ITF-M
-6.5,-14.5,ITF-M
12.5,-17.5,ITF-M
-5.5,15.5,ITF-M
-4.0,-3.0,ITF-M
3.0,-2.0,ITF-M
2.0,7.0,ITF-M
3.0,0.0,ITF-M
11.0,-15.5,ITF-M
15.5,-5.5,ITF-M
-2.0,-6.0,ITF-M
6.0,2.0,ITF-M
-30.5,-0.5,ITF-M
3.0,-6.0,ITF-M
-6.0,6.0,ITF-M
3.0,3.5,ITF-M
4.0,-5.0,ITF-M
1.5,2.5,ITF-M
2.5,-0.5,ITF-M
5.0,-2.5,ITF-M
-5.0,-1.0,ITF-M
-0.0,5.0,ITF-M
4.5,1.5,ITF-M
4.5,-5.5,ITF-M
-1.0,2.0,ITF-M
12.0,5.0,ITF-M
-0.0,1.5,ITF-M
6.0,14.5,ITF-M
13.0,-18.5,ITF-M
-5.5,14.5,ITF-M
-4.0,-3.0,ITF-M
3.0,-2.5,ITF-M
2.5,7.5,ITF-M
3.0,-0.0,ITF-M
11.0,-16.5,ITF-M
16.5,-6.5,ITF-M
-2.5,-5.5,ITF-M
5.5,2.0,ITF-M
-30.0,-2.0,ITF-M
16.5,1.5,ITF-M
13.0,9.0,ITF-M
-6.5,-5.0,ITF-M
5.0,-9.5,ITF-M
-3.5,6.5,ITF-M
6.5,2.5,ITF-M
3.5,-2.0,ITF-M
0.5,-0.0,ITF-M
-15.5,3.0,ITF-M
-3.0,-3.5,ITF-M
14.5,-7.0,ITF-M
-7.0,17.0,ITF-M
11.0,4.0,ITF-M
4.0,10.0,ITF-M
10.0,4.5,ITF-M
14.0,23.0,ITF-M
16.0,10.0,ITF-M
14.5,1.5,ITF-M
13.0,9.0,ITF-M
-6.5,-5.0,ITF-M
5.0,-9.5,ITF-M
-3.5,6.5,ITF-M
6.5,2.5,ITF-M
3.5,-2.0,ITF-M
0.5,0.0,ITF-M
-14.0,-0.0,ITF-M
0.0,-4.0,ITF-M
15.5,-8.0,ITF-M
-8.0,18.0,ITF-M
11.5,4.0,ITF-M
4.0,9.5,ITF-M
10.0,4.0,ITF-M
14.0,22.0,ITF-M
16.0,11.0,ITF-M
8.0,7.0,ITF-M
7.0,1.5,ITF-M
5.0,2.5,ITF-M
5.0,1.5,ITF-M
1.5,-3.0,ITF-M
1.0,0.5,ITF-M
0.5,1.5,ITF-M
-0.0,-3.0,ITF-M
-3.0,2.0,ITF-M
2.5,-7.0,ITF-M
1.0,2.0,ITF-M
2.0,2.0,ITF-M
8.5,6.5,ITF-M
6.5,1.0,ITF-M
5.0,2.0,ITF-M
4.5,1.0,ITF-M
1.0,-2.5,ITF-M
2.5,0.0,ITF-M
0.0,2.5,ITF-M
1.0,-4.0,ITF-M
-3.0,2.0,ITF-M
3.0,-6.5,ITF-M
1.5,0.5,ITF-M
0.5,3.0,ITF-M
1.5,-0.0,ITF-M
3.0,-2.5,ITF-M
-2.5,3.5,ITF-M
-0.0,-0.0,ITF-M
0.0,0.0,ITF-M
-4.0,3.0,ITF-M
-3.0,0.5,ITF-M
0.5,2.5,ITF-M
-2.0,3.5,ITF-M
3.0,-2.5,ITF-M
-2.5,0.0,ITF-M
-0.0,-7.5,ITF-M
7.5,-2.0,ITF-M
8.0,1.5,ITF-M
1.5,-1.0,ITF-M
1.5,0.0,ITF-M
2.5,-2.5,ITF-M
-2.5,3.5,ITF-M
0.0,0.0,ITF-M
-0.0,-0.0,ITF-M
-4.0,3.0,ITF-M
-3.0,1.5,ITF-M
1.0,2.5,ITF-M
2.0,-3.5,ITF-M
5.0,-3.5,ITF-M
-3.5,-0.0,ITF-M
-1.0,-6.0,ITF-M
6.0,-2.0,ITF-M
8.5,1.5,ITF-M
1.5,-2.5,ITF-M
-1.0,0.0,ITF-M
-1.0,-3.5,ITF-M
3.5,-2.0,ITF-M
-3.0,3.0,ITF-M
3.0,2.0,ITF-M
-0.0,-0.5,ITF-M
0.0,-4.0,ITF-M
3.0,-1.0,ITF-M
-2.0,2.0,ITF-M
3.0,2.0,ITF-M
-3.0,-3.0,ITF-M
7.5,0.5,ITF-M
1.5,1.0,ITF-M
-0.0,3.5,ITF-M
1.0,-3.0,ITF-M
-6.5,0.5,ITF-M
-0.5,6.5,ITF-M
-3.0,-2.0,ITF-M
9.0,0.0,ITF-M
1.0,3.0,ITF-M
0.0,3.5,ITF-M
1.0,-2.5,ITF-M
-6.5,0.0,ITF-M
-0.0,6.0,ITF-M
4.5,-0.5,ITF-M
0.5,10.0,ITF-M
10.0,3.5,ITF-M
11.5,-2.0,ITF-M
7.5,-3.0,ITF-M
4.0,13.0,ITF-M
13.0,-2.0,ITF-M
6.0,-0.0,ITF-M
4.0,1.0,ITF-M
1.5,9.5,ITF-M
10.0,4.0,ITF-M
11.5,-1.5,ITF-M
6.5,-3.0,ITF-M
6.0,13.0,ITF-M
13.0,-3.0,ITF-M
5.0,1.0,ITF-M
-0.5,1.0,ITF-M
-2.0,2.0,ITF-M
-2.0,3.0,ITF-M
-3.0,2.0,ITF-M
-2.0,-1.0,ITF-M
-1.5,-0.0,ITF-M
3.0,-5.0,ITF-M
-5.5,-10.5,ITF-M
10.5,-9.0,ITF-M
7.5,-7.5,ITF-M
-3.0,-8.0,ITF-M
-1.5,1.5,ITF-M
-2.0,2.5,ITF-M
-2.5,3.5,ITF-M
-3.5,1.5,ITF-M
-1.5,-1.5,ITF-M
-2.0,-1.0,ITF-M
3.0,-4.0,ITF-M
-5.0,-10.5,ITF-M
10.5,-9.5,ITF-M
7.5,-7.5,ITF-M
3.5,6.5,ITF-M
-6.0,-8.5,ITF-M
14.0,3.0,ITF-M
3.0,-3.0,ITF-M
-7.0,1.0,ITF-M
-1.0,9.0,ITF-M
11.0,-2.0,ITF-M
10.0,9.5,ITF-M
-9.5,13.0,ITF-M
13.0,-30.5,ITF-M
-5.5,-9.0,ITF-M
15.0,2.5,ITF-M
2.5,-4.0,ITF-M
-7.5,1.0,ITF-M
-1.0,12.0,ITF-M
8.0,-2.5,ITF-M
-9.5,-9.0,ITF-M
9.0,-16.5,ITF-M
-16.5,34.5,ITF-M
5.5,2.0,ITF-M
1.0,1.0,ITF-M
1.0,2.0,ITF-M
-0.5,0.5,ITF-M
-2.0,0.0,ITF-M
-0.0,-1.0,ITF-M
1.0,0.0,ITF-M
-0.5,0.5,ITF-M
-2.0,-3.0,ITF-M
3.0,6.0,ITF-M
5.0,-0.5,ITF-M
10.0,-3.5,ITF-M
2.5,11.5,ITF-M
-0.0,5.0,ITF-M
5.0,-2.0,ITF-M
10.5,4.0,ITF-M
9.5,3.5,ITF-M
0.0,1.0,ITF-M
0.5,2.5,ITF-M
-0.5,0.0,ITF-M
-2.0,0.5,ITF-M
0.5,-1.5,ITF-M
1.5,-0.5,ITF-M
0.5,0.0,ITF-M
-3.0,-3.0,ITF-M
3.0,6.0,ITF-M
4.5,-1.5,ITF-M
10.5,-4.0,ITF-M
1.0,7.5,ITF-M
6.0,3.0,ITF-M
3.0,-1.0,ITF-M
10.5,4.0,ITF-M
3.5,-3.0,ITF-M
-1.5,3.5,ITF-M
2.0,0.0,ITF-M
0.0,-0.5,ITF-M
0.5,-0.5,ITF-M
0.5,0.0,ITF-M
0.5,-2.0,ITF-M
1.0,-2.5,ITF-M
3.5,-1.5,ITF-M
0.5,0.0,ITF-M
0.0,0.0,ITF-M
0.0,-1.0,ITF-M
-1.0,0.5,ITF-M
2.0,0.0,ITF-M
3.0,-2.0,ITF-M
-1.5,3.0,ITF-M
2.0,1.0,ITF-M
1.0,-1.5,ITF-M
1.5,-0.5,ITF-M
0.5,-0.0,ITF-M
1.5,-3.5,ITF-M
-0.0,1.5,ITF-M
2.5,-1.0,ITF-M
-0.5,0.5,ITF-M
0.5,-0.5,ITF-M
0.5,-1.5,ITF-M
-1.5,1.0,ITF-M
2.5,-0.0,ITF-M
6.0,13.5,ITF-M
-7.0,-3.5,ITF-M
0.0,-7.0,ITF-M
1.0,9.0,ITF-M
-2.0,-11.0,ITF-M
11.0,5.0,ITF-M
5.0,6.0,ITF-M
10.0,2.0,ITF-M
1.0,16.5,ITF-M
7.5,-4.0,ITF-M
-4.0,-3.0,ITF-M
3.0,1.0,ITF-M
6.5,0.0,ITF-M
1.0,-3.5,ITF-M
3.5,-1.0,ITF-M
-2.5,1.5,ITF-M
-3.0,1.5,ITF-M
2.0,-3.0,ITF-M
1.0,-2.0,ITF-M
2.0,10.5,ITF-M
5.0,10.5,ITF-M
-4.5,-2.0,ITF-M
1.5,-7.5,ITF-M
2.0,9.0,ITF-M
-3.5,-10.0,ITF-M
10.0,5.5,ITF-M
5.5,5.0,ITF-M
11.0,2.0,ITF-M
2.0,16.5,ITF-M
6.5,-4.0,ITF-M
-4.0,-1.5,ITF-M
1.5,1.5,ITF-M
8.0,-0.0,ITF-M
1.5,-2.5,ITF-M
2.5,-0.5,ITF-M
-2.5,1.5,ITF-M
-3.0,1.0,ITF-M
3.0,-2.0,ITF-M
1.5,-2.0,ITF-M
2.0,10.5,ITF-M
5.5,-2.0,ITF-M
5.0,7.5,ITF-M
2.0,2.0,ITF-M
-2.0,5.0,ITF-M
-5.0,-1.0,ITF-M
-2.0,2.0,ITF-M
-2.0,-4.0,ITF-M
4.0,0.0,ITF-M
5.5,-2.0,ITF-M
5.0,7.0,ITF-M
2.0,2.0,ITF-M
-2.0,5.0,ITF-M
-5.0,-1.0,ITF-M
-2.0,2.0,ITF-M
-2.0,-4.0,ITF-M
4.0,-0.0,ITF-M
12.0,1.0,ITF-W
7.0,9.5,ITF-W
9.5,1.0,ITF-W
7.0,5.0,ITF-W
2.0,4.5,ITF-W
16.0,-9.0,ITF-W
11.0,-10.0,ITF-W
12.0,8.5,ITF-W
19.0,0.0,ITF-W
8.0,-2.5,ITF-W
4.5,7.5,ITF-W
5.5,6.0,ITF-W
6.0,-4.0,ITF-W
3.5,-7.0,ITF-W
6.0,-3.0,ITF-W
10.0,-0.0,ITF-W
2.0,7.0,ITF-W
10.0,1.5,ITF-W
6.5,9.5,ITF-W
8.5,-0.0,ITF-W
5.5,3.5,ITF-W
2.0,2.5,ITF-W
16.0,-9.5,ITF-W
11.0,-10.5,ITF-W
12.0,7.5,ITF-W
20.0,-1.0,ITF-W
8.0,-2.5,ITF-W
4.5,8.5,ITF-W
6.0,6.0,ITF-W
6.0,-4.0,ITF-W
3.5,-6.5,ITF-W
6.0,-3.0,ITF-W
10.0,0.0,ITF-W
2.0,7.0,ITF-W
2.5,2.0,ITF-W
3.5,-4.5,ITF-W
-0.0,-4.5,ITF-W
-1.5,0.5,ITF-W
0.0,5.5,ITF-W
-1.0,1.0,ITF-W
1.0,-7.0,ITF-W
4.0,-0.0,ITF-W
4.0,-5.0,ITF-W
5.0,0.5,ITF-W
5.0,2.0,ITF-W
0.5,0.0,ITF-W
6.0,1.5,ITF-W
4.0,5.0,ITF-W
2.0,2.5,ITF-W
-2.5,28.5,ITF-W
4.0,1.5,ITF-W
6.5,-7.0,ITF-W
1.0,1.0,ITF-W
-2.0,3.0,ITF-W
4.5,1.5,ITF-W
-0.0,1.0,ITF-W
1.0,-4.0,ITF-W
4.0,0.0,ITF-W
3.0,-5.0,ITF-W
5.0,0.0,ITF-W
5.0,2.0,ITF-W
0.5,-0.0,ITF-W
6.0,1.0,ITF-W
4.0,5.0,ITF-W
2.0,2.5,ITF-W
4.0,-30.0,ITF-W
9.0,-14.5,ITF-W
-3.5,-2.0,ITF-W
8.5,-5.5,ITF-W
16.0,-16.5,ITF-W
16.5,-8.5,ITF-W
8.5,4.0,ITF-W
0.5,-2.5,ITF-W
-2.5,-0.0,ITF-W
11.5,2.5,ITF-W
-7.0,-3.0,ITF-W
7.0,-3.0,ITF-W
5.0,-3.0,ITF-W
1.0,-4.0,ITF-W
4.0,-2.5,ITF-W
1.5,-3.5,ITF-W
3.5,-0.5,ITF-W
1.5,-4.5,ITF-W
4.5,0.5,ITF-W
2.0,0.0,ITF-W
9.5,3.0,ITF-W
-10.5,-0.0,ITF-W
8.0,-8.0,ITF-W
15.5,-16.0,ITF-W
16.0,-5.0,ITF-W
5.0,10.5,ITF-W
2.5,1.0,ITF-W
2.0,0.0,ITF-W
12.0,2.0,ITF-W
7.0,6.0,ITF-W
7.0,-3.0,ITF-W
5.5,-3.5,ITF-W
1.5,-3.0,ITF-W
3.0,-1.5,ITF-W
1.5,-3.5,ITF-W
3.5,-0.5,ITF-W
1.5,-4.0,ITF-W
4.0,1.0,ITF-W
2.0,-0.0,ITF-W
2.5,-7.0,ITF-W
13.5,-7.5,ITF-W
-2.0,-5.0,ITF-W
5.0,-7.0,ITF-W
-3.0,10.5,ITF-W
-0.5,-5.5,ITF-W
5.5,-7.5,ITF-W
16.0,-18.0,ITF-W
-8.0,21.0,ITF-W
21.0,-15.0,ITF-W
-6.0,9.5,ITF-W
-9.5,-12.5,ITF-W
4.0,8.0,ITF-W
-1.0,-7.0,ITF-W
-6.0,2.0,ITF-W
8.5,-5.0,ITF-W
10.0,7.5,ITF-W
-8.0,-7.0,ITF-W
7.0,-4.0,ITF-W
-4.0,-8.5,ITF-W
8.5,-0.5,ITF-W
10.5,-7.5,ITF-W
13.0,-7.5,ITF-W
-3.5,-3.5,ITF-W
3.5,-7.0,ITF-W
-3.0,10.5,ITF-W
-0.5,-5.0,ITF-W
5.0,-7.0,ITF-W
16.0,-18.0,ITF-W
-8.0,22.0,ITF-W
22.0,-15.0,ITF-W
-6.0,9.0,ITF-W
-9.0,-14.0,ITF-W
3.0,9.0,ITF-W
1.0,7.0,ITF-W
-6.0,2.0,ITF-W
9.0,-7.0,ITF-W
10.5,8.0,ITF-W
-8.0,-7.0,ITF-W
7.0,-4.0,ITF-W
-4.0,-8.5,ITF-W
8.5,-0.5,ITF-W
-9.0,25.5,ITF-W
-19.5,29.0,ITF-W
29.0,-3.5,ITF-W
19.5,1.0,ITF-W
11.0,-4.0,ITF-W
-3.5,6.5,ITF-W
3.5,4.0,ITF-W
-5.0,5.5,ITF-W
-0.5,5.5,ITF-W
2.5,8.5,ITF-W
8.5,-0.5,ITF-W
3.0,-1.5,ITF-W
2.5,6.0,ITF-W
6.0,6.5,ITF-W
4.5,-4.0,ITF-W
4.0,6.5,ITF-W
3.5,5.0,ITF-W
15.0,21.0,ITF-W
23.5,-11.0,ITF-W
-5.0,20.0,ITF-W
20.0,-9.5,ITF-W
28.5,-0.0,ITF-W
10.5,-4.0,ITF-W
-3.0,4.0,ITF-W
3.5,2.5,ITF-W
3.0,-4.0,ITF-W
-1.0,6.5,ITF-W
1.0,10.0,ITF-W
10.0,-0.5,ITF-W
1.5,-0.0,ITF-W
1.5,7.0,ITF-W
7.0,6.0,ITF-W
5.5,-3.5,ITF-W
3.5,8.0,ITF-W
3.5,5.5,ITF-W
16.0,21.5,ITF-W
12.0,2.5,ITF-W
9.5,-4.0,ITF-W
5.5,-0.5,ITF-W
6.5,-8.0,ITF-W
8.0,3.0,ITF-W
9.5,-5.0,ITF-W
4.0,-0.0,ITF-W
6.0,0.5,ITF-W
3.5,-1.5,ITF-W
2.0,-5.0,ITF-W
5.0,-5.0,ITF-W
2.0,1.0,ITF-W
4.0,5.0,ITF-W
6.5,2.0,ITF-W
2.0,-0.0,ITF-W
1.5,1.5,ITF-W
4.0,2.5,ITF-W
13.0,3.5,ITF-W
9.0,-4.5,ITF-W
4.5,0.5,ITF-W
7.0,-8.0,ITF-W
8.0,3.0,ITF-W
9.0,-5.0,ITF-W
4.0,0.0,ITF-W
6.5,0.5,ITF-W
4.5,-2.0,ITF-W
2.0,-4.5,ITF-W
4.5,-4.5,ITF-W
2.0,1.5,ITF-W
3.5,5.5,ITF-W
6.0,2.0,ITF-W
2.0,0.0,ITF-W
1.5,1.5,ITF-W
4.0,3.0,ITF-W
8.5,-1.5,ITF-W
10.0,-6.0,ITF-W
11.5,-7.5,ITF-W
6.0,2.5,ITF-W
8.5,14.0,ITF-W
14.0,3.0,ITF-W
3.0,-9.5,ITF-W
9.5,-5.5,ITF-W
5.5,8.0,ITF-W
15.0,-1.0,ITF-W
20.5,16.5,ITF-W
24.5,4.5,ITF-W
19.0,1.0,ITF-W
5.5,-10.0,ITF-W
-3.0,18.0,ITF-W
19.5,-13.5,ITF-W
9.0,-6.5,ITF-W
27.5,-0.0,ITF-W
6.5,-0.5,ITF-W
10.0,-7.0,ITF-W
13.0,-8.0,ITF-W
6.0,4.5,ITF-W
9.5,14.0,ITF-W
-14.0,-3.0,ITF-W
3.0,-9.0,ITF-W
9.0,-4.5,ITF-W
6.0,8.0,ITF-W
15.0,-0.5,ITF-W
21.0,16.5,ITF-W
23.5,5.5,ITF-W
18.0,1.0,ITF-W
5.0,-11.0,ITF-W
-1.0,18.0,ITF-W
19.5,-13.5,ITF-W
9.0,-5.5,ITF-W
26.5,0.0,ITF-W
3.0,-1.5,ITF-W
0.5,1.5,ITF-W
2.0,-1.0,ITF-W
3.5,-1.5,ITF-W
1.5,0.0,ITF-W
2.0,-1.0,ITF-W
2.0,0.0,ITF-W
3.0,-1.0,ITF-W
1.0,0.5,ITF-W
1.5,-2.0,ITF-W
2.0,0.0,ITF-W
-0.0,-0.0,ITF-W
0.0,1.0,ITF-W
0.0,1.0,ITF-W
0.0,0.0,ITF-W
1.0,1.0,ITF-W
1.0,0.0,ITF-W
2.0,-0.0,ITF-W
2.0,-1.0,ITF-W
1.0,0.5,ITF-W
2.5,-2.0,ITF-W
3.0,-1.0,ITF-W
0.0,-0.5,ITF-W
0.5,0.5,ITF-W
-0.0,1.0,ITF-W
-0.0,-0.0,ITF-W
1.0,1.0,ITF-W
1.0,-0.0,ITF-W
18.0,0.0,ITF-W
2.0,-11.5,ITF-W
11.5,-19.0,ITF-W
19.0,9.5,ITF-W
9.5,3.0,ITF-W
14.0,-9.0,ITF-W
9.0,-12.5,ITF-W
7.5,2.0,ITF-W
2.5,-3.0,ITF-W
8.0,14.0,ITF-W
14.0,-2.5,ITF-W
1.0,10.0,ITF-W
8.0,-0.5,ITF-W
7.0,-3.0,ITF-W
2.0,-7.5,ITF-W
11.5,-6.5,ITF-W
7.0,-12.5,ITF-W
13.0,1.5,ITF-W
13.0,5.5,ITF-W
3.5,0.5,ITF-W
9.0,-0.0,ITF-W
-8.0,-0.0,ITF-W
4.5,-2.0,ITF-W
2.0,-8.5,ITF-W
8.5,15.5,ITF-W
15.5,-2.5,ITF-W
6.0,-6.0,ITF-W
6.0,-4.5,ITF-W
11.5,3.5,ITF-W
2.0,-4.5,ITF-W
11.0,7.5,ITF-W
7.5,1.0,ITF-W
2.5,8.5,ITF-W
7.5,-0.5,ITF-W
6.0,-2.0,ITF-W
0.0,-5.0,ITF-W
11.5,-6.0,ITF-W
7.5,-12.5,ITF-W
13.0,3.5,ITF-W
10.5,7.5,ITF-W
2.5,1.0,ITF-W
9.5,0.0,ITF-W
13.0,-7.5,ITF-W
8.0,1.0,ITF-W
10.0,-10.0,ITF-W
10.0,2.0,ITF-W
2.5,-12.5,ITF-W
4.0,-0.0,ITF-W
-0.0,-0.0,ITF-W
2.5,2.0,ITF-W
1.0,-2.5,ITF-W
1.0,-3.0,ITF-W
1.0,-2.0,ITF-W
2.0,9.0,ITF-W
6.0,-3.5,ITF-W
3.0,2.5,ITF-W
8.5,-10.0,ITF-W
24.5,-4.5,ITF-W
-7.5,15.5,ITF-W
10.0,13.0,ITF-W
17.0,-0.0,ITF-W
28.5,-0.0,ITF-W
13.0,-7.0,ITF-W
8.0,0.0,ITF-W
9.0,-10.0,ITF-W
10.0,2.0,ITF-W
4.0,-14.0,ITF-W
4.0,0.0,ITF-W
-0.0,-0.0,ITF-W
4.0,2.5,ITF-W
1.0,-2.5,ITF-W
2.0,-3.0,ITF-W
0.5,-3.0,ITF-W
3.0,8.0,ITF-W
6.5,-4.0,ITF-W
3.0,2.5,ITF-W
6.0,-10.0,ITF-W
25.5,-5.0,ITF-W
-7.0,14.0,ITF-W
9.5,12.5,ITF-W
17.0,0.0,ITF-W
27.5,0.0,ITF-W
19.0,1.5,ITF-W
22.5,-4.0,ITF-W
3.0,-24.0,ITF-W
19.5,-6.5,ITF-W
-6.5,6.5,ITF-W
-6.5,47.0,ITF-W
21.0,2.0,ITF-W
23.0,-4.5,ITF-W
3.0,-24.0,ITF-W
19.5,-6.5,ITF-W
-6.5,6.5,ITF-W
-6.5,47.0,ITF-W
-2.0,8.0,ITF-W
-1.0,-0.0,ITF-W
0.0,-3.0,ITF-W
3.0,4.0,ITF-W
-0.5,2.5,ITF-W
-4.0,-2.0,ITF-W
1.0,-2.0,ITF-W
2.0,11.0,ITF-W
2.5,4.5,ITF-W
0.0,17.0,ITF-W
12.0,-12.5,ITF-W
6.5,8.0,ITF-W
9.0,-0.5,ITF-W
-3.5,4.0,ITF-W
4.0,1.0,ITF-W
-4.0,6.0,ITF-W
-0.0,4.0,ITF-W
2.0,-0.0,ITF-W
-2.5,8.0,ITF-W
-1.0,0.0,ITF-W
-0.0,-3.0,ITF-W
3.0,4.0,ITF-W
-0.5,2.5,ITF-W
-4.0,-2.0,ITF-W
1.0,-2.5,ITF-W
2.5,10.5,ITF-W
3.0,4.0,ITF-W
-0.0,17.0,ITF-W
12.0,-12.5,ITF-W
7.5,6.5,ITF-W
9.5,-0.5,ITF-W
4.0,-4.5,ITF-W
4.5,1.0,ITF-W
-4.0,6.0,ITF-W
0.0,4.0,ITF-W
1.0,1.0,ITF-W
-8.0,12.5,ITF-W
12.0,-4.0,ITF-W
-4.0,-8.5,ITF-W
2.0,-6.5,ITF-W
6.5,-1.5,ITF-W
13.0,12.0,ITF-W
-4.0,-16.0,ITF-W
4.0,-6.0,ITF-W
-0.0,-0.0,ITF-W
1.5,5.0,ITF-W
10.0,-9.0,ITF-W
-6.0,3.0,ITF-W
-0.5,-2.5,ITF-W
7.5,-0.0,ITF-W
-1.0,-4.0,ITF-W
6.0,3.0,ITF-W
3.0,4.0,ITF-W
22.0,5.0,ITF-W
-8.5,13.0,ITF-W
12.0,-4.0,ITF-W
-4.0,-9.5,ITF-W
2.0,-6.5,ITF-W
6.5,-2.0,ITF-W
12.5,12.0,ITF-W
-4.5,-15.5,ITF-W
4.0,-6.0,ITF-W
0.0,0.5,ITF-W
1.5,5.0,ITF-W
10.0,-9.0,ITF-W
-6.0,3.0,ITF-W
0.0,-2.5,ITF-W
7.0,0.0,ITF-W
-1.0,-4.0,ITF-W
5.5,3.5,ITF-W
3.5,4.5,ITF-W
21.5,7.0,ITF-W
2.0,1.5,ITF-W
1.5,1.0,ITF-W
1.0,0.0,ITF-W
-0.0,-1.0,ITF-W
5.0,1.5,ITF-W
6.5,0.0,ITF-W
2.0,1.5,ITF-W
1.5,1.0,ITF-W
1.0,-0.0,ITF-W
0.0,0.0,ITF-W
5.0,1.0,ITF-W
6.5,-0.0,ITF-W
5.0,8.0,ITF-W
8.0,-57.0,ITF-W
6.5,2.5,ITF-W
-1.0,-5.5,ITF-W
1.0,-0.5,ITF-W
5.0,8.0,ITF-W
8.0,-58.0,ITF-W
6.5,2.0,ITF-W
-1.0,-5.0,ITF-W
1.0,-1.5,ITF-W
12.5,0.0,ITF-W
17.5,7.0,ITF-W
4.0,-0.0,ITF-W
-0.0,-2.0,ITF-W
0.5,2.0,ITF-W
-2.0,4.0,ITF-W
4.0,-0.5,ITF-W
5.5,-4.5,ITF-W
10.0,9.0,ITF-W
-4.0,-3.5,ITF-W
1.5,-7.5,ITF-W
7.5,0.0,ITF-W
12.5,-8.0,ITF-W
-2.0,-4.0,ITF-W
4.0,-13.0,ITF-W
-4.5,-6.5,ITF-W
-10.0,-17.0,ITF-W
17.0,-20.0,ITF-W
20.0,-10.0,ITF-W
10.0,-5.0,ITF-W
11.0,8.0,ITF-W
20.0,0.0,ITF-W
14.0,-1.0,ITF-W
18.0,7.0,ITF-W
4.0,0.0,ITF-W
0.0,-2.0,ITF-W
-0.5,2.5,ITF-W
-2.5,3.5,ITF-W
4.0,0.5,ITF-W
5.0,-3.0,ITF-W
10.5,7.0,ITF-W
-3.5,-4.5,ITF-W
2.0,-8.0,ITF-W
8.0,-0.0,ITF-W
12.0,-8.0,ITF-W
-2.0,-4.0,ITF-W
4.0,-13.0,ITF-W
-6.0,-5.0,ITF-W
-10.0,-18.0,ITF-W
18.0,-21.0,ITF-W
21.0,-10.0,ITF-W
10.0,-4.5,ITF-W
12.0,7.5,ITF-W
20.0,-0.0,ITF-W
7.0,-1.0,ITF-W
8.0,3.5,ITF-W
3.5,-6.5,ITF-W
6.5,-1.0,ITF-W
-11.0,16.5,ITF-W
1.0,12.5,ITF-W
11.0,-0.0,ITF-W
0.5,5.5,ITF-W
2.0,-1.5,ITF-W
2.0,-1.0,ITF-W
2.0,-2.0,ITF-W
2.0,-3.0,ITF-W
6.5,-1.0,ITF-W
8.5,2.0,ITF-W
2.0,-5.0,ITF-W
5.0,-0.5,ITF-W
-11.0,17.5,ITF-W
1.0,12.5,ITF-W
11.5,0.0,ITF-W
0.5,5.5,ITF-W
2.0,-1.5,ITF-W
2.0,-1.0,ITF-W
2.0,-2.0,ITF-W
2.0,-3.0,ITF-W
6.5,1.0,ITF-W
2.0,3.0,ITF-W
-4.0,15.0,ITF-W
-6.0,-6.0,ITF-W
6.0,5.5,ITF-W
4.5,-17.5,ITF-W
17.5,-13.5,ITF-W
5.0,5.5,ITF-W
5.5,12.5,ITF-W
-10.0,8.0,ITF-W
-6.0,-7.0,ITF-W
12.5,4.5,ITF-W
9.0,-1.0,ITF-W
10.0,3.0,ITF-W
2.5,-3.5,ITF-W
2.0,2.0,ITF-W
7.0,1.0,ITF-W
2.0,4.0,ITF-W
-4.0,15.0,ITF-W
-6.0,-6.0,ITF-W
6.0,6.0,ITF-W
4.0,-17.0,ITF-W
17.0,-14.5,ITF-W
3.5,5.0,ITF-W
5.0,13.0,ITF-W
10.0,-10.0,ITF-W
-8.0,-6.0,ITF-W
14.5,3.0,ITF-W
8.5,2.5,ITF-W
10.0,4.0,ITF-W
2.5,-3.5,ITF-W
3.0,2.0,ITF-W
-6.5,0.0,ITF-W
-0.0,8.5,ITF-W
-0.0,-4.0,ITF-W
-0.5,-7.5,ITF-W
4.5,-2.0,ITF-W
2.0,-1.0,ITF-W
-1.0,-2.0,ITF-W
-6.0,-1.0,ITF-W
1.0,10.5,ITF-W
0.0,-4.0,ITF-W
0.5,8.0,ITF-W
4.0,-2.0,ITF-W
2.0,-1.0,ITF-W
-1.0,-2.0,ITF-W
1.0,0.0,ITF-W
1.0,-0.0,ITF-W
5.5,1.0,ITF-W
5.5,2.0,ITF-W
3.0,4.5,ITF-W
4.0,0.5,ITF-W
4.0,-0.0,ITF-W
6.0,-9.5,ITF-W
9.5,-4.0,ITF-W
5.0,0.0,ITF-W
8.0,-5.5,ITF-W
14.0,-9.0,ITF-W
9.0,3.0,ITF-W
9.0,-1.0,ITF-W
11.0,2.0,ITF-W
4.5,2.0,ITF-W
2.0,-4.0,ITF-W
4.0,-4.0,ITF-W
4.0,2.0,ITF-W
2.0,1.0,ITF-W
1.0,0.0,ITF-W
2.0,4.5,ITF-W
4.0,0.5,ITF-W
4.0,-0.5,ITF-W
6.0,-9.5,ITF-W
9.5,-4.0,ITF-W
5.5,-0.5,ITF-W
8.0,-5.5,ITF-W
14.0,-9.0,ITF-W
9.0,2.5,ITF-W
9.5,-0.5,ITF-W
11.5,2.5,ITF-W
4.5,2.0,ITF-W
2.0,-4.0,ITF-W
4.0,-4.0,ITF-W
4.0,2.0,ITF-W
2.0,1.0,ITF-W
1.0,-0.0,ITF-W
6.5,-3.0,ITF-W
-2.0,4.0,ITF-W
-4.0,-0.0,ITF-W
4.0,-0.5,ITF-W
1.5,0.5,ITF-W
1.5,-0.0,ITF-W
-0.0,-0.0,ITF-W
-0.0,-0.0,ITF-W
0.0,0.0,ITF-W
0.0,0.0,ITF-W
6.5,-3.0,ITF-W
-2.0,4.0,ITF-W
-4.0,0.0,ITF-W
4.0,-0.5,ITF-W
2.0,0.0,ITF-W
1.0,0.0,ITF-W
0.0,0.0,ITF-W
0.0,0.0,ITF-W
-0.0,-0.0,ITF-W
-0.0,-0.0,ITF-W
11.0,-1.5,ITF-W
-1.5,-6.0,ITF-W
6.0,2.5,ITF-W
10.0,1.5,ITF-W
1.5,-3.5,ITF-W
-1.5,-9.5,ITF-W
14.0,0.5,ITF-W
-4.5,-1.0,ITF-W
1.0,-7.0,ITF-W
7.0,1.0,ITF-W
2.0,-6.0,ITF-W
6.0,5.0,ITF-W
3.5,14.5,ITF-W
-2.0,15.0,ITF-W
15.0,-8.0,ITF-W
12.0,-15.5,ITF-W
15.5,0.5,ITF-W
11.0,-1.5,ITF-W
-1.5,-7.0,ITF-W
7.0,2.5,ITF-W
10.5,2.0,ITF-W
2.0,-1.5,ITF-W
0.5,-8.5,ITF-W
14.0,1.0,ITF-W
-3.5,-0.5,ITF-W
0.5,-7.0,ITF-W
7.0,1.0,ITF-W
2.0,-6.0,ITF-W
6.0,4.0,ITF-W
4.5,14.5,ITF-W
-2.0,15.0,ITF-W
15.0,-8.5,ITF-W
11.0,-14.5,ITF-W
14.5,1.0,ITF-W
2.0,3.0,ITF-W
3.0,-0.0,ITF-W
3.0,2.0,ITF-W
2.0,1.0,ITF-W
3.0,3.0,WTA
8.0,-8.0,WTA
8.0,2.0,WTA
11.5,6.0,WTA
6.0,2.0,WTA
3.0,3.0,WTA
7.0,-7.0,WTA
7.0,2.0,WTA
11.5,0.5,WTA
5.0,2.0,WTA
3.0,-3.0,WTA
5.0,16.0,WTA
16.0,-5.0,WTA
10.0,-1.0,WTA
5.0,-4.0,WTA
6.0,15.0,WTA
15.0,0.0,WTA
7.0,5.0,WTA
4.0,2.0,WTA
3.5,-11.5,WTA
11.5,11.0,WTA
15.0,-0.0,WTA
6.0,-5.0,WTA
5.0,-7.0,WTA
7.0,12.0,WTA
9.0,-7.0,WTA
3.5,-1.0,WTA
6.0,15.0,WTA
17.5,-19.5,WTA
10.0,10.0,WTA
10.0,7.0,WTA
12.5,8.0,WTA
8.0,8.0,WTA
5.0,-4.0,WTA
5.0,16.0,WTA
16.0,-5.0,WTA
10.0,-1.0,WTA
5.0,-5.0,WTA
6.0,16.0,WTA
16.0,-1.0,WTA
6.0,5.0,WTA
3.0,3.0,WTA
3.0,-10.0,WTA
10.0,12.0,WTA
15.0,-0.5,WTA
6.0,-5.0,WTA
5.0,-7.0,WTA
7.0,12.0,WTA
9.0,-6.0,WTA
3.5,-1.0,WTA
5.0,15.0,WTA
19.5,-20.5,WTA
10.0,10.0,WTA
10.0,7.0,WTA
14.5,8.0,WTA
8.0,8.0,WTA
6.0,-4.0,WTA
4.0,-1.0,WTA
2.5,-1.5,WTA
6.0,5.0,WTA
16.0,1.5,WTA
21.0,3.0,WTA
3.0,-7.0,WTA
5.0,-7.0,WTA
8.0,-2.0,WTA
8.0,-2.5,WTA
3.5,2.0,WTA
9.0,-1.0,WTA
3.0,-7.0,WTA
6.0,0.5,WTA
6.0,-0.0,WTA
5.0,-4.0,WTA
4.0,-5.0,WTA
5.0,-2.0,WTA
2.0,9.0,WTA
5.0,-7.0,WTA
7.0,-0.0,WTA
4.0,-4.0,WTA
4.0,-0.0,WTA
5.0,-3.0,WTA
3.0,-1.0,WTA
3.0,-1.5,WTA
6.0,5.0,WTA
16.0,2.5,WTA
21.0,3.0,WTA
3.0,-7.0,WTA
4.5,-6.5,WTA
8.0,-2.0,WTA
8.0,-3.5,WTA
3.5,2.0,WTA
9.0,-1.0,WTA
2.5,-5.5,WTA
6.0,1.0,WTA
5.0,0.0,WTA
5.0,-4.0,WTA
4.0,-5.0,WTA
5.0,-2.0,WTA
2.0,10.0,WTA
5.0,-7.0,WTA
7.0,1.0,WTA
4.0,-4.0,WTA
4.0,0.0,WTA
7.0,-1.5,WTA
-3.0,-2.0,WTA
5.0,4.0,WTA
5.0,-3.0,WTA
2.0,-6.0,WTA
6.0,-5.0,WTA
5.0,-4.0,WTA
4.0,-4.0,WTA
5.0,-5.0,WTA
5.0,18.0,WTA
18.0,-1.0,WTA
17.0,9.0,WTA
2.0,30.0,WTA
24.0,-26.5,WTA
7.0,-1.5,WTA
-3.0,-3.0,WTA
5.0,3.0,WTA
5.0,-2.0,WTA
3.0,-7.0,WTA
7.0,-5.0,WTA
5.0,-4.0,WTA
4.0,-4.0,WTA
6.0,-6.0,WTA
6.0,18.0,WTA
18.0,-1.0,WTA
16.0,10.0,WTA
3.0,28.0,WTA
23.5,-25.5,WTA
5.0,12.0,WTA
13.5,3.0,WTA
3.5,2.0,WTA
4.0,-2.0,WTA
2.0,3.0,WTA
3.0,-0.5,WTA
5.0,6.0,WTA
10.0,4.5,WTA
4.5,0.5,WTA
2.0,-3.0,WTA
3.0,3.0,WTA
3.5,-4.5,WTA
4.0,1.0,WTA
6.0,-6.0,WTA
6.0,-3.0,WTA
4.0,-4.5,WTA
3.0,-4.0,WTA
5.0,-7.0,WTA
5.0,12.0,WTA
13.0,3.0,WTA
3.5,2.5,WTA
4.0,-2.0,WTA
2.0,4.0,WTA
4.0,-2.0,WTA
6.0,5.0,WTA
9.0,4.5,WTA
4.5,0.5,WTA
2.0,-3.0,WTA
3.0,3.0,WTA
3.0,-4.0,WTA
5.0,0.0,WTA
6.0,-6.0,WTA
6.0,-2.0,WTA
4.0,-4.5,WTA
3.0,-4.0,WTA
6.0,-8.5,WTA
18.0,-1.0,WTA
3.5,-5.0,WTA
5.0,-5.0,WTA
1.5,8.0,WTA
6.5,2.5,WTA
5.0,1.0,WTA
2.0,-3.5,WTA
4.0,-0.0,WTA
18.5,-1.0,WTA
4.0,-6.0,WTA
6.0,-6.0,WTA
1.0,8.0,WTA
8.0,1.0,WTA
5.0,1.0,WTA
3.0,-4.0,WTA
4.0,1.0,WTA
5.5,2.0,WTA
7.0,-2.0,WTA
-1.0,1.0,WTA
1.0,2.0,WTA
0.0,-8.0,WTA
5.0,2.0,WTA
5.0,-3.0,WTA
3.0,-5.0,WTA
4.0,-5.0,WTA
5.0,-5.0,WTA
6.0,6.0,WTA
16.0,2.0,WTA
2.0,-2.0,WTA
2.0,5.0,WTA
9.0,-6.0,WTA
9.5,-4.0,WTA
23.0,-0.0,WTA
5.0,-6.5,WTA
2.5,0.0,WTA
25.0,8.0,WTA
3.0,-5.0,WTA
4.0,-11.5,WTA
11.5,-2.5,WTA
3.5,2.0,WTA
5.5,-2.0,WTA
-1.0,1.0,WTA
1.0,2.0,WTA
-0.0,-8.0,WTA
5.0,2.0,WTA
5.5,-3.5,WTA
3.5,-5.0,WTA
4.0,-5.0,WTA
5.0,-5.0,WTA
6.0,7.0,WTA
15.0,2.0,WTA
3.0,-3.0,WTA
3.0,6.0,WTA
9.0,-7.0,WTA
10.5,-4.0,WTA
23.0,0.0,WTA
5.0,-8.0,WTA
-0.0,2.0,WTA
25.0,8.0,WTA
3.0,-5.0,WTA
4.0,-11.0,WTA
11.0,-1.0,WTA
1.0,3.0,WTA
5.0,6.0,WTA
13.0,4.0,WTA
11.0,-6.0,WTA
5.0,2.0,WTA
8.0,-17.0,WTA
8.0,15.0,WTA
18.5,-0.0,WTA
5.0,-0.5,WTA
10.0,4.0,WTA
3.0,-2.0,WTA
2.0,-2.0,WTA
4.0,2.0,WTA
2.0,-2.0,WTA
2.0,-1.0,WTA
0.0,2.5,WTA
5.0,6.5,WTA
12.5,5.0,WTA
11.0,-6.5,WTA
6.0,2.0,WTA
7.5,-17.0,WTA
7.0,15.0,WTA
18.5,0.0,WTA
5.0,-0.5,WTA
10.0,3.0,WTA
2.0,1.0,WTA
1.0,-1.0,WTA
4.0,2.0,WTA
2.0,-2.0,WTA
2.0,-1.0,WTA
