event,tier,match_date,t_entry,t_settled,pnl,fee,cost,contracts,n_tickers,n_buy_orders,entry_px,klass
KXATPMATCH-26JUL25VANGAS,ATP,2026-07-25,2026-07-25 17:12:43.258817+00:00,2026-07-25 18:42:06.025440+00:00,6.7772999999999985,0.7582,28.014499999999998,35.55,1,1,69.0,manual
KXATPMATCH-26JUL25SHEHAR,ATP,2026-07-25,2026-07-25 18:13:45.735815+00:00,2026-07-25 18:22:15.966245+00:00,9.9769,0.5141,24.479,34.97,1,1,99.0,manual
KXATPMATCH-26JUL25HEWLAJ,ATP,2026-07-25,2026-07-25 18:35:14.762077+00:00,2026-07-25 18:52:06.009723+00:00,0.8290999999999951,1.2523,41.2186,43.3,1,2,99.0,manual
KXATPCHALLENGERMATCH-26JUL25FEAZHE,Challenger,2026-07-25,2026-07-25 18:43:18.041408+00:00,2026-07-25 19:22:16.027560+00:00,6.899299999999993,0.8659,67.8648,75.63,1,2,99.0,manual
KXITFWMATCH-26JUL25BUCMAL,ITF-W,2026-07-25,2026-07-25 18:56:39.245443+00:00,2026-07-25 19:52:06.029024+00:00,4.7262,2.1289,93.2249,100.08000000000001,2,4,99.0,mixed
KXATPMATCH-26JUL25SVAYME,ATP,2026-07-25,2026-07-25 19:46:19.675692+00:00,2026-07-25 20:42:06.012914+00:00,14.580200000000007,0.8836,54.8262,70.29,1,1,99.0,manual
KXATPMATCH-26JUL25BLODAR,ATP,2026-07-25,2026-07-25 20:37:31.811537+00:00,2026-07-25 21:46:56.278243+00:00,15.86330000000001,2.4699999999999998,83.8967,102.23,2,2,99.0,manual
KXATPCHALLENGERMATCH-26JUL25MICSUR,Challenger,2026-07-25,2026-07-25 21:02:04.313710+00:00,2026-07-25 21:32:36.068335+00:00,9.614799999999994,0.7399,50.5553,60.91,1,1,99.0,manual
KXATPMATCH-26JUL25OCOMAR,ATP,2026-07-25,2026-07-25 21:31:12.060441+00:00,2026-07-25 21:52:16.066342+00:00,-1.363,0.0715,1.2915,6.15,1,1,99.0,bot
KXITFWMATCH-26JUL25LUXCHA,ITF-W,2026-07-25,2026-07-25 21:54:36.721603+00:00,2026-07-25 22:22:46.032736+00:00,6.0771999999999995,0.3114,5.4714,21.259999999999998,2,2,99.0,manual
KXITFMATCH-26JUL25TUDMBI,ITF-M,2026-07-25,2026-07-25 21:55:48.121344+00:00,2026-07-25 22:47:36.436615+00:00,4.968399999999999,1.0144,22.127200000000002,39.91,2,2,99.0,manual
KXATPMATCH-26JUL25MAGJOH,ATP,2026-07-25,2026-07-26 01:48:02.867309+00:00,2026-07-26 02:42:06.025675+00:00,-25.0001,0.4301,24.57,32.76,1,1,75.0,manual
KXWTACHALLENGERMATCH-26JUL25SHIDON,Challenger,2026-07-25,2026-07-26 01:54:09.292760+00:00,2026-07-26 02:22:56.017363+00:00,14.5088,0.0612,0.93,0.0,1,1,6.0,bot
KXATPMATCH-26JUL25KWONRUB,ATP,2026-07-25,2026-07-26 04:20:19.174160+00:00,2026-07-26 05:27:36.026216+00:00,3.778100000000003,0.8198,88.2721,92.87,2,2,99.0,manual
KXATPMATCH-26JUL25MEJHER,ATP,2026-07-25,2026-07-26 04:23:23.414215+00:00,2026-07-26 04:52:06.085618+00:00,6.433200000000001,0.51,24.616799999999998,31.56,1,1,99.0,manual
KXATPMATCH-26JUL25BOYCLA,ATP,2026-07-25,2026-07-26 04:33:50.446268+00:00,2026-07-26 05:52:16.028607+00:00,-7.215600000000006,3.0211,138.4745,212.77,1,3,99.0,manual
KXWTACHALLENGERMATCH-26JUL25PLEWON,Challenger,2026-07-25,2026-07-26 04:47:10.721900+00:00,2026-07-26 05:02:56.015122+00:00,7.501599999999998,0.5648,25.5436,33.61,1,1,99.0,manual
KXITFMATCH-26JUL26ZAHPER,ITF-M,2026-07-26,2026-07-26 13:51:45.290070+00:00,2026-07-26 14:02:56.018959+00:00,-4.9998000000000005,0.2526,4.7472,19.78,1,1,99.0,manual
KXITFMATCH-26JUL26DENHOL,ITF-M,2026-07-26,2026-07-26 13:52:34.408888+00:00,2026-07-26 14:32:56.010176+00:00,4.4319,0.2769,24.7212,29.43,1,1,99.0,manual
KXITFWMATCH-26JUL26MPECHL,ITF-W,2026-07-26,2026-07-26 13:58:38.769807+00:00,2026-07-26 14:47:35.959017+00:00,-0.01399999999999868,0.7604,34.2536,15.24,1,2,99.0,manual
KXATPCHALLENGERMATCH-26JUL26MCKFIL,Challenger,2026-07-26,2026-07-26 14:11:45.275764+00:00,2026-07-27 08:02:46.011889+00:00,1.2437000000000011,0.6049,28.961399999999998,30.81,1,1,99.0,manual
KXATPMATCH-26JUL26DAMSHE,ATP,2026-07-26,2026-07-26 15:00:56.759142+00:00,2026-07-26 16:32:26.026320+00:00,-5.904800000000009,2.8348,85.49000000000001,139.61,2,4,99.0,manual
KXATPMATCH-26JUL26GIRILA,ATP,2026-07-26,2026-07-26 16:49:46.946217+00:00,2026-07-26 18:32:26.017893+00:00,9.313299999999995,1.8096999999999999,113.357,124.47999999999999,2,2,99.0,manual
KXATPMATCH-26JUL26MARECH,ATP,2026-07-26,2026-07-26 16:50:16.272935+00:00,2026-07-26 18:07:16.016694+00:00,7.6399000000000035,0.485,49.5051,57.63,1,2,99.0,manual
KXATPMATCH-26JUL26SVAHEW,ATP,2026-07-26,2026-07-26 18:18:03.396457+00:00,2026-07-26 18:37:06.113980+00:00,-0.994,0.0225,0.9715,1.45,1,1,99.0,bot
KXWTAMATCH-26JUL26KASSMI,WTA,2026-07-26,2026-07-26 19:23:43.551111+00:00,2026-07-26 20:42:26.448747+00:00,3.538099999999999,1.8953,51.7566,57.19,1,1,42.0,manual
KXATPMATCH-26JUL26MCDSVA,ATP,2026-07-26,2026-07-26 19:45:52.148665+00:00,2026-07-26 20:27:06.069777+00:00,2.913600000000003,0.6584,24.028,27.6,1,1,99.0,manual
KXWTAMATCH-26JUL26HUNJOH,WTA,2026-07-26,2026-07-26 23:10:44.571886+00:00,2026-07-26 23:52:35.976957+00:00,-0.6933000000000034,1.6535,99.13980000000001,152.32,2,3,99.0,manual
KXWTAMATCH-26JUL26PRODRE,WTA,2026-07-26,2026-07-27 01:34:05.288923+00:00,2026-07-27 02:32:26.278979+00:00,-19.994000000000003,1.01,18.984,79.1,1,1,24.0,manual
KXITFMATCH-26JUL26VISVEN,ITF-M,2026-07-26,2026-07-27 05:03:47.116465+00:00,2026-07-27 05:28:25.989399+00:00,24.2608,0.8618,24.1374,49.26,1,1,99.0,manual
KXITFMATCH-26JUL26BRUNEC,ITF-M,2026-07-26,2026-07-27 05:04:29.566563+00:00,2026-07-27 05:23:56.038433+00:00,-0.755400000000001,1.1201,36.1053,36.47,1,1,99.0,manual
KXITFMATCH-26JUL26CRONAK,ITF-M,2026-07-26,2026-07-27 05:25:10.281388+00:00,2026-07-27 05:58:46.044559+00:00,5.1913,0.2845,14.7042,20.18,1,3,99.0,mixed
KXITFMATCH-26JUL27JIXKOX,ITF-M,2026-07-27,2026-07-27 05:58:11.927642+00:00,2026-07-27 06:48:35.959969+00:00,0.5647999999999991,0.3152,15.120000000000001,16.0,1,6,83.0,bot
KXITFMATCH-26JUL27SENKHO,ITF-M,2026-07-27,2026-07-27 06:01:12.294496+00:00,2026-07-27 06:58:25.976674+00:00,2.9266999999999994,0.1733,6.9,10.0,1,1,48.0,bot
KXITFMATCH-26JUL27DUHLUT,ITF-M,2026-07-27,2026-07-27 06:21:50.627299+00:00,2026-07-27 07:08:25.974154+00:00,2.5310999999999995,0.3289,8.14,11.0,1,1,52.0,bot
KXITFMATCH-26JUL27KOZSEL,ITF-M,2026-07-27,2026-07-27 06:24:48.371304+00:00,2026-07-27 08:03:46.031360+00:00,1.3753999999999993,0.3246,8.3,10.0,1,1,55.0,bot
KXATPCHALLENGERMATCH-26JUL26BITYIL,Challenger,2026-07-26,2026-07-27 07:44:17.339097+00:00,2026-07-27 08:37:16.013778+00:00,4.2286,0.2514,11.52,16.0,1,1,38.0,bot
KXATPCHALLENGERMATCH-26JUL27VRBJAN,Challenger,2026-07-27,2026-07-27 08:48:01.711918+00:00,2026-07-27 10:37:26.015273+00:00,-1.3726999999999991,0.2527,9.12,8.0,1,1,71.0,bot
KXATPCHALLENGERMATCH-26JUL27BLACOM,Challenger,2026-07-27,2026-07-27 08:50:44.108418+00:00,2026-07-27 09:57:15.959380+00:00,-1.6671000000000011,0.1371,10.530000000000001,9.0,1,1,69.0,bot
KXATPCHALLENGERMATCH-26JUL27SAHTUR,Challenger,2026-07-27,2026-07-27 08:51:11.432586+00:00,2026-07-27 10:37:26.011473+00:00,-0.8602000000000002,0.1602,7.7,7.0,1,1,84.0,bot
KXATPCHALLENGERMATCH-26JUL27BASNAK,Challenger,2026-07-27,2026-07-27 09:08:43.852109+00:00,2026-07-27 10:32:36.009621+00:00,-1.3691999999999995,0.1792,8.19,7.0,1,1,84.0,bot
KXATPCHALLENGERMATCH-26JUL27POLKOV,Challenger,2026-07-27,2026-07-27 09:25:12.983626+00:00,2026-07-27 10:12:25.955728+00:00,1.1816000000000006,0.0784,5.739999999999999,7.0,1,1,80.0,bot
KXITFMATCH-26JUL27TAKKRI,ITF-M,2026-07-27,2026-07-27 09:25:37.668190+00:00,2026-07-27 10:38:05.963550+00:00,-2.672800000000001,0.3928,14.280000000000001,12.0,1,1,52.0,bot
KXITFMATCH-26JUL27BALBRE,ITF-M,2026-07-27,2026-07-27 09:25:40.713722+00:00,2026-07-27 11:03:16.015840+00:00,1.568599999999999,0.1414,7.290000000000001,9.0,1,1,68.0,bot
KXITFMATCH-26JUL27GUABOR,ITF-M,2026-07-27,2026-07-27 09:27:24.815748+00:00,2026-07-27 10:18:16.008177+00:00,-1.0922,0.1822,7.91,7.0,1,1,81.0,bot
KXITFWMATCH-26JUL27PAUTRA,ITF-W,2026-07-27,2026-07-27 09:37:14.887273+00:00,2026-07-27 10:33:35.954375+00:00,2.6529,0.1371,6.21,9.0,1,1,68.0,bot
KXATPMATCH-26JUL27NISSHA,ATP,2026-07-27,2026-07-27 22:18:13.349302+00:00,2026-07-27 23:47:16.067006+00:00,-2.0877999999999997,0.2478,9.84,8.0,1,1,74.0,bot
KXATPCHALLENGERMATCH-26JUL26SHETOK,Challenger,2026-07-26,2026-07-27 23:15:25.760830+00:00,2026-07-28 01:09:36.020738+00:00,2.2052,0.1348,6.66,9.0,1,1,69.0,bot
KXATPCHALLENGERMATCH-26JUL26ZINARS,Challenger,2026-07-26,2026-07-27 23:15:28.992652+00:00,2026-07-27 23:33:06.015819+00:00,2.24,0.0,5.76,8.0,1,1,72.0,bot
KXWTAMATCH-26JUL26GIBMAR,WTA,2026-07-26,2026-07-27 23:22:18.290635+00:00,2026-07-27 23:57:06.016918+00:00,2.2988,0.0412,6.66,9.0,1,1,69.0,bot
KXWTAMATCH-26JUL27SAMKEY,WTA,2026-07-27,2026-07-27 23:32:17.562120+00:00,2026-07-28 00:42:16.051297+00:00,-0.4680000000000002,0.228,8.24,8.0,1,1,74.0,bot
KXATPCHALLENGERMATCH-26JUL26ZHUSHE,Challenger,2026-07-26,2026-07-27 23:39:06.139843+00:00,2026-07-28 01:02:56.022764+00:00,1.0878999999999999,0.5021,19.41,21.0,1,2,69.0,bot
KXWTAMATCH-26JUL27KRUBOU,WTA,2026-07-27,2026-07-28 00:48:14.529559+00:00,2026-07-28 01:57:06.250582+00:00,1.1534,0.5066,23.34,25.0,1,2,69.0,bot
KXWTAMATCH-26JUL27SIEPRO,WTA,2026-07-27,2026-07-28 00:53:04.784147+00:00,2026-07-28 01:52:16.333581+00:00,-2.8098999999999994,0.2899,11.52,9.0,1,1,66.0,bot
KXITFMATCH-26JUL27CAMATK,ITF-M,2026-07-27,2026-07-28 02:50:40.290139+00:00,2026-07-28 03:59:56.013351+00:00,3.2700000000000005,0.21,8.52,12.0,1,1,50.0,bot
KXITFWMATCH-26JUL27ADASYM,ITF-W,2026-07-27,2026-07-28 02:57:27.219998+00:00,2026-07-28 03:50:36.018048+00:00,-2.7194999999999996,0.2895,11.43,9.0,1,1,68.0,bot
KXATPCHALLENGERMATCH-26JUL26CHUBOU,Challenger,2026-07-26,2026-07-28 03:09:30.386630+00:00,2026-07-28 04:03:06.075424+00:00,3.4128000000000007,0.2272,9.36,13.0,1,1,48.0,bot
KXATPCHALLENGERMATCH-26JUL28KASFER,Challenger,2026-07-28,2026-07-28 09:00:41.918111+00:00,2026-07-28 10:42:46.010685+00:00,0.5203000000000003,0.5497,23.93,25.0,1,2,66.0,bot
KXATPCHALLENGERMATCH-26JUL28KRUHEN,Challenger,2026-07-28,2026-07-28 09:00:43.116640+00:00,2026-07-28 10:32:46.009972+00:00,-1.8358999999999994,0.3059,10.53,9.0,1,1,68.0,bot
KXATPCHALLENGERMATCH-26JUL28KIRINC,Challenger,2026-07-28,2026-07-28 09:06:15.214308+00:00,2026-07-28 09:37:46.008485+00:00,1.6495999999999997,0.1104,6.24,8.0,1,1,74.0,bot
KXATPCHALLENGERMATCH-26JUL28RIBTOR,Challenger,2026-07-28,2026-07-28 09:23:32.812297+00:00,2026-07-28 10:57:36.014908+00:00,-2.9270999999999994,0.1371,11.79,9.0,1,1,68.0,bot
KXATPCHALLENGERMATCH-26JUL28NIKBAR,Challenger,2026-07-28,2026-07-28 09:26:09.510031+00:00,2026-07-28 11:02:56.015572+00:00,-3.073999999999999,0.284,11.79,9.0,1,1,64.0,bot
KXATPCHALLENGERMATCH-26JUL28HOUCAR,Challenger,2026-07-28,2026-07-28 09:33:39.349756+00:00,2026-07-28 10:42:46.011884+00:00,2.9166000000000003,0.1434,5.9399999999999995,9.0,1,1,65.0,bot
KXATPCHALLENGERMATCH-26JUL28SKAFAU,Challenger,2026-07-28,2026-07-28 09:56:08.495869+00:00,2026-07-28 10:57:36.015886+00:00,2.6529,0.1371,6.21,9.0,1,1,68.0,bot
KXITFMATCH-26JUL28VANMAT,ITF-M,2026-07-28,2026-07-28 09:59:39.813200+00:00,2026-07-28 10:49:06.005881+00:00,2.7331,0.1469,6.12,9.0,1,1,63.0,bot
KXITFMATCH-26JUL28KAMHOH,ITF-M,2026-07-28,2026-07-28 10:09:13.392865+00:00,2026-07-28 10:19:26.007686+00:00,3.5385000000000013,0.2415,10.219999999999999,14.0,1,1,44.0,bot
KXITFMATCH-26JUL28PERMOL,ITF-M,2026-07-28,2026-07-28 10:09:14.506762+00:00,2026-07-28 11:04:15.957363+00:00,-2.9214000000000016,0.3214,12.600000000000001,10.0,1,1,57.0,bot
KXATPCHALLENGERMATCH-26JUL28VRBBAS,Challenger,2026-07-28,2026-07-28 10:17:32.209858+00:00,2026-07-28 11:12:25.961766+00:00,1.8824,0.1176,6.0,8.0,1,1,70.0,bot
KXITFMATCH-26JUL28HUDPED,ITF-M,2026-07-28,2026-07-28 10:28:31.671383+00:00,2026-07-28 12:13:46.010330+00:00,0.6816000000000009,0.5284,21.79,23.0,1,2,68.0,bot
KXITFMATCH-26JUL28IANTAB,ITF-M,2026-07-28,2026-07-28 10:38:40.933204+00:00,2026-07-28 12:23:46.007935+00:00,-2.1841000000000004,0.2941,10.89,9.0,1,1,68.0,bot
KXITFMATCH-26JUL28SARTOF,ITF-M,2026-07-28,2026-07-28 10:45:29.821826+00:00,2026-07-28 12:53:35.965913+00:00,-2.9214000000000016,0.3214,12.600000000000001,10.0,1,1,57.0,bot
KXITFWMATCH-26JUL28SRAWIR,ITF-W,2026-07-28,2026-07-28 10:45:31.009125+00:00,2026-07-28 11:19:26.007464+00:00,1.8046,0.1154,6.08,8.0,1,1,74.0,bot
KXITFWMATCH-26JUL28ZAAFRI,ITF-W,2026-07-28,2026-07-28 10:46:09.524355+00:00,2026-07-28 11:53:56.009364+00:00,3.2349999999999994,0.165,6.6000000000000005,10.0,1,1,62.0,bot
KXITFMATCH-26JUL28BELKAR,ITF-M,2026-07-28,2026-07-28 10:50:52.723052+00:00,2026-07-28 12:08:36.006834+00:00,2.8286,0.1414,6.03,9.0,1,1,66.0,bot
KXITFWMATCH-26JUL28PLOFER,ITF-W,2026-07-28,2026-07-28 10:53:09.638191+00:00,2026-07-28 11:29:06.005696+00:00,-2.2253000000000003,0.1553,11.07,9.0,1,2,67.0,bot
KXITFMATCH-26JUL28OBELIS,ITF-M,2026-07-28,2026-07-28 10:59:40.577126+00:00,2026-07-28 11:58:55.955261+00:00,3.2181,0.1919,7.59,11.0,1,1,53.0,bot
KXITFMATCH-26JUL28FUNSHA,ITF-M,2026-07-28,2026-07-28 12:52:46.569729+00:00,2026-07-28 14:08:26.011124+00:00,1.330699999999999,0.7093,31.96,34.0,1,2,46.0,bot
KXITFWMATCH-26JUL28BORNAJ,ITF-W,2026-07-28,2026-07-28 12:52:47.578655+00:00,2026-07-28 13:23:56.005242+00:00,3.4000000000000004,0.0,6.6,10.0,1,1,60.0,bot
KXITFWMATCH-26JUL28NIKHAD,ITF-W,2026-07-28,2026-07-28 12:52:49.766582+00:00,2026-07-28 13:13:46.004165+00:00,-0.4804,0.4804,14.0,14.0,1,1,43.0,bot
KXITFWMATCH-26JUL28MICBER,ITF-W,2026-07-28,2026-07-28 12:52:50.856813+00:00,2026-07-28 13:53:56.012343+00:00,-2.888200000000001,0.3582,13.530000000000001,11.0,1,2,45.0,bot
KXITFMATCH-26JUL28FRYCOQ,ITF-M,2026-07-28,2026-07-28 12:53:03.818780+00:00,2026-07-28 14:23:15.971696+00:00,-2.9217000000000017,0.1617,14.760000000000002,12.0,1,1,49.0,bot
KXATPCHALLENGERMATCH-26JUL28ALKSIN,Challenger,2026-07-28,2026-07-28 13:01:31.509269+00:00,2026-07-28 14:02:46.019504+00:00,-1.6973999999999996,0.2574,9.44,8.0,1,1,70.0,bot
KXITFMATCH-26JUL28MUNLEC,ITF-M,2026-07-28,2026-07-28 13:13:09.466478+00:00,2026-07-28 13:53:46.005093+00:00,-1.5417000000000012,0.2617,9.280000000000001,8.0,1,1,74.0,bot
KXITFWMATCH-26JUL28GADBAR,ITF-W,2026-07-28,2026-07-28 13:17:09.762258+00:00,2026-07-28 14:53:36.020738+00:00,4.1808,0.3192,20.5,25.0,1,1,25.0,bot
KXITFWMATCH-26JUL28CEXSHA,ITF-W,2026-07-28,2026-07-28 13:19:15.172110+00:00,2026-07-28 14:28:16.009501+00:00,1.2914999999999983,0.7885,39.92,42.0,1,2,38.0,bot
KXITFWMATCH-26JUL28MUSGAI,ITF-W,2026-07-28,2026-07-28 13:25:23.835672+00:00,2026-07-28 14:33:26.010581+00:00,-1.9160999999999992,0.3761,12.54,11.0,1,1,54.0,bot
KXITFMATCH-26JUL28COCCOM,ITF-M,2026-07-28,2026-07-28 13:26:08.135156+00:00,2026-07-28 14:13:26.007163+00:00,1.5721999999999996,0.1078,6.32,8.0,1,1,74.0,bot
KXATPCHALLENGERMATCH-26JUL28SCHGOM,Challenger,2026-07-28,2026-07-28 13:31:09.464361+00:00,2026-07-28 14:02:46.011719+00:00,2.5652000000000004,0.1348,6.3,9.0,1,1,69.0,bot
KXITFMATCH-26JUL28WEIRIS,ITF-M,2026-07-28,2026-07-28 13:32:08.765254+00:00,2026-07-28 15:37:56.010032+00:00,4.148200000000001,0.8118,36.04,41.0,1,3,40.0,bot
KXITFWMATCH-26JUL28MAHDRI,ITF-W,2026-07-28,2026-07-28 13:38:05.110060+00:00,2026-07-28 15:08:05.957121+00:00,-2.6651999999999996,0.1452,11.52,9.0,1,1,64.0,bot
KXATPCHALLENGERMATCH-26JUL28OLITAB,Challenger,2026-07-28,2026-07-28 13:45:56.422044+00:00,2026-07-28 14:17:35.957698+00:00,1.5721999999999996,0.1078,6.32,8.0,1,1,74.0,bot
KXITFMATCH-26JUL28BREJAN,ITF-M,2026-07-28,2026-07-28 14:00:39.892181+00:00,2026-07-28 16:07:56.023959+00:00,-5.604900000000001,0.7149,28.89,24.0,1,3,69.0,bot
KXITFWMATCH-26JUL28FAVSOU,ITF-W,2026-07-28,2026-07-28 14:00:42.273408+00:00,2026-07-28 14:33:26.009330+00:00,-6.367899999999999,0.6578999999999999,26.71,21.0,2,2,58.0,bot
KXATPCHALLENGERMATCH-26JUL28ARNPIE,Challenger,2026-07-28,2026-07-28 14:00:44.610948+00:00,2026-07-28 14:52:35.961643+00:00,2.6528,0.1372,6.21,9.0,1,2,66.0,bot
KXITFWMATCH-26JUL28RUTSPI,ITF-W,2026-07-28,2026-07-28 14:01:25.734173+00:00,2026-07-28 15:17:15.962787+00:00,-2.3276,0.2476,10.08,8.0,1,1,74.0,bot
KXITFMATCH-26JUL28TABSPI,ITF-M,2026-07-28,2026-07-28 14:02:11.119047+00:00,2026-07-28 16:47:46.017876+00:00,-7.7508,0.4308,35.32,28.0,1,2,62.0,bot
KXATPCHALLENGERMATCH-26JUL28TABSQU,Challenger,2026-07-28,2026-07-28 14:09:49.107299+00:00,2026-07-28 15:32:36.026383+00:00,-5.056600000000002,0.4966,24.560000000000002,20.0,1,2,74.0,bot
KXITFWMATCH-26JUL28SAGLEV,ITF-W,2026-07-28,2026-07-28 14:17:24.443483+00:00,2026-07-28 15:54:06.012206+00:00,-8.794000000000002,1.234,71.56,64.0,1,3,49.0,bot
KXATPCHALLENGERMATCH-26JUL28GOMCER,Challenger,2026-07-28,2026-07-28 14:44:30.919623+00:00,2026-07-28 15:32:36.029081+00:00,1.7599999999999998,0.0,6.24,8.0,1,1,73.0,bot
KXITFMATCH-26JUL28SALFAB,ITF-M,2026-07-28,2026-07-28 15:32:54.554187+00:00,2026-07-28 16:32:55.962838+00:00,3.6738999999999984,0.2261,9.100000000000001,13.0,1,1,48.0,bot
KXITFMATCH-26JUL28PLUPLA,ITF-M,2026-07-28,2026-07-28 15:32:55.664458+00:00,2026-07-28 16:37:46.009733+00:00,3.2187,0.1913,7.59,11.0,1,1,54.0,bot
KXATPCHALLENGERMATCH-26JUL28MAENEU,Challenger,2026-07-28,2026-07-28 15:35:15.966024+00:00,2026-07-28 16:07:15.960013+00:00,2.7407,0.1393,6.12,9.0,1,1,67.0,bot
KXATPCHALLENGERMATCH-26JUL28ADDPOU,Challenger,2026-07-28,2026-07-28 15:54:27.624146+00:00,2026-07-28 17:02:26.071818+00:00,-2.530000000000001,0.0,13.530000000000001,11.0,1,1,54.0,bot
KXITFMATCH-26JUL28PERZAH,ITF-M,2026-07-28,2026-07-28 15:55:33.502032+00:00,2026-07-28 16:52:56.005445+00:00,3.0048000000000004,0.1452,5.85,9.0,1,1,67.0,bot
KXITFMATCH-26JUL28DHOREC,ITF-M,2026-07-28,2026-07-28 15:55:34.605435+00:00,2026-07-28 16:57:46.013665+00:00,-3.435199999999999,0.2352,11.2,8.0,1,1,70.0,bot
KXITFMATCH-26JUL28ROUSTR,ITF-M,2026-07-28,2026-07-28 16:01:11.707455+00:00,2026-07-28 16:47:46.019645+00:00,2.4299999999999997,0.0,6.57,9.0,1,1,68.0,bot
KXATPMATCH-26JUL27MAJPAU,ATP,2026-07-27,2026-07-28 16:03:57.403641+00:00,2026-07-28 17:22:06.308768+00:00,6.0142999999999995,0.3357,12.65,19.0,1,2,57.0,bot
KXWTAMATCH-26JUL28BUCKUD,WTA,2026-07-28,2026-07-28 16:06:11.655061+00:00,2026-07-28 17:32:25.970882+00:00,-2.8091999999999997,0.2892,11.52,9.0,1,1,67.0,bot
KXWTAMATCH-26JUL27SONBRA,WTA,2026-07-27,2026-07-28 16:06:13.757975+00:00,2026-07-28 17:27:06.062934+00:00,-1.8232999999999997,0.0633,9.76,8.0,1,1,72.0,bot
KXWTAMATCH-26JUL27WANMCC,WTA,2026-07-27,2026-07-28 16:17:40.195031+00:00,2026-07-28 18:47:06.072382+00:00,-4.022500000000001,0.1525,12.870000000000001,9.0,1,2,67.0,bot
KXITFMATCH-26JUL28MAZEDE,ITF-M,2026-07-28,2026-07-28 17:04:11.722069+00:00,2026-07-28 17:57:35.956692+00:00,-3.0043999999999995,0.4844,20.52,18.0,1,1,34.0,bot
KXITFMATCH-26JUL28FONORT,ITF-M,2026-07-28,2026-07-28 17:04:13.130332+00:00,2026-07-28 17:27:46.053319+00:00,1.92,0.0,6.08,8.0,1,1,71.0,bot
KXITFWMATCH-26JUL28BRODES,ITF-W,2026-07-28,2026-07-28 17:05:25.305832+00:00,2026-07-28 18:43:06.068869+00:00,-3.019299999999999,0.1393,11.879999999999999,9.0,1,1,68.0,bot
KXITFMATCH-26JUL28LESMEN,ITF-M,2026-07-28,2026-07-28 17:25:39.176756+00:00,2026-07-28 18:43:06.056344+00:00,-2.8983999999999996,0.2884,11.61,9.0,1,1,63.0,bot
KXITFWMATCH-26JUL28AGUHAR,ITF-W,2026-07-28,2026-07-28 17:54:14.103800+00:00,,0.0,0.0,0.0,20.0,1,2,59.0,bot
KXITFMATCH-26JUL28MECORL,ITF-M,2026-07-28,2026-07-28 17:55:30.264375+00:00,2026-07-28 19:02:56.060170+00:00,1.7599999999999998,0.0,6.24,8.0,1,1,73.0,bot
KXATPCHALLENGERMATCH-26JUL27MILVAN,Challenger,2026-07-27,2026-07-28 17:56:08.876018+00:00,2026-07-28 19:12:26.060885+00:00,2.5199999999999996,0.0,6.48,9.0,1,1,67.0,bot
KXITFWMATCH-26JUL28DIGMIK,ITF-W,2026-07-28,2026-07-28 17:58:39.060523+00:00,2026-07-28 19:27:46.062345+00:00,-3.276899999999999,0.2369,11.04,8.0,1,1,74.0,bot
KXITFWMATCH-26JUL28NEWHAZ,ITF-W,2026-07-28,2026-07-28 18:25:27.285350+00:00,2026-07-28 19:18:06.008578+00:00,3.1500000000000004,0.0,5.85,9.0,1,1,64.0,bot
KXITFMATCH-26JUL28NAGBRA,ITF-M,2026-07-28,2026-07-28 18:30:07.777175+00:00,2026-07-28 19:22:56.057055+00:00,1.8046,0.1154,6.08,8.0,1,2,74.0,bot
KXWTAMATCH-26JUL27EALZHE,WTA,2026-07-27,2026-07-28 18:31:30.972944+00:00,,0.0,0.0,0.0,9.0,1,1,69.0,bot
KXATPCHALLENGERMATCH-26JUL28ZHULAN,Challenger,2026-07-28,2026-07-28 18:32:30.132984+00:00,2026-07-28 19:27:06.071519+00:00,2.34,0.0,6.66,9.0,1,1,69.0,bot
KXITFWMATCH-26JUL28ZHUHRA,ITF-W,2026-07-28,2026-07-28 18:49:11.848201+00:00,2026-07-28 19:57:55.956966+00:00,2.7407,0.1393,6.12,9.0,1,1,69.0,bot
KXITFMATCH-26JUL28OSOCHA,ITF-M,2026-07-28,2026-07-28 18:50:30.537379+00:00,2026-07-28 19:32:56.005385+00:00,1.5721999999999996,0.1078,6.32,8.0,1,1,74.0,bot
KXITFWMATCH-26JUL28COLKOI,ITF-W,2026-07-28,2026-07-28 18:58:09.549167+00:00,2026-07-28 20:08:06.013025+00:00,2.5652000000000004,0.1348,6.3,9.0,1,1,69.0,bot
KXITFMATCH-26JUL28STOBAE,ITF-M,2026-07-28,2026-07-28 19:01:31.236599+00:00,,0.0,0.0,0.0,8.0,1,1,73.0,bot
KXITFWMATCH-26JUL28KULFRO,ITF-W,2026-07-28,2026-07-28 19:10:09.623562+00:00,,0.0,0.0,0.0,9.0,1,2,66.0,bot
KXATPMATCH-26JUL27GIRHEW,ATP,2026-07-27,2026-07-28 19:19:40.160515+00:00,2026-07-28 19:52:15.974849+00:00,3.3499000000000003,0.0501,6.6,10.0,1,1,61.0,bot
KXITFMATCH-26JUL28DUSFIL,ITF-M,2026-07-28,2026-07-28 19:33:16.516757+00:00,,0.0,0.0,0.0,9.0,1,1,68.0,bot
KXITFMATCH-26JUL28HUELEI,ITF-M,2026-07-28,2026-07-28 19:56:09.533793+00:00,,0.0,0.0,0.0,9.0,1,1,69.0,bot
KXITFMATCH-26JUL28OLIVER,ITF-M,2026-07-28,2026-07-28 20:03:53.355129+00:00,,0.0,0.0,0.0,10.0,1,1,60.0,bot
KXITFWMATCH-26JUL28SAIPER,ITF-W,2026-07-28,2026-07-28 20:11:35.195331+00:00,,0.0,0.0,0.0,8.0,1,1,74.0,bot
