ticker,event,tier,market_result,value,yes_ct,no_ct,yes_cost,no_cost,fee,revenue,payout,cost,pnl,t_settled,f_yes_buy,f_sell,f_no_buy,f_yes_cost,f_no_cost,f_fee,t_first,t_last,n_fills,n_buy_fills,klass,match_date,t_entry,entry_px,n_buy_orders,gross_contracts
KXARGPREMDIVGAME-26JUL25RIVBAR-BAR,KXARGPREMDIVGAME-26JUL25RIVBAR,OTHER,yes,100.0,15.71,15.71,9.426,2.5136,0.4118,0.0,15.71,11.9396,3.3586000000000005,2026-07-26 00:23:26.031537+00:00,15.71,15.71,0.0,9.426,2.5136000000000003,0.4118,2026-07-25 23:58:14.107928+00:00,2026-07-26 00:09:59.667494+00:00,2,1,manual,2026-07-25,2026-07-25 23:58:14.107928+00:00,99.0,1,15.71
KXATPCHALLENGERMATCH-26JUL25FEAZHE-FEA,KXATPCHALLENGERMATCH-26JUL25FEAZHE,Challenger,yes,100.0,75.63,31.95,64.3503,3.5145,0.8659,4368.0,75.63,67.8648,6.899299999999993,2026-07-25 19:22:16.027560+00:00,75.63,31.95,0.0,64.3503,3.5145,0.8659000000000001,2026-07-25 18:43:18.041408+00:00,2026-07-25 19:16:53.959236+00:00,7,3,manual,2026-07-25,2026-07-25 18:43:18.041408+00:00,99.0,2,75.63
KXATPCHALLENGERMATCH-26JUL25MICSUR-MIC,KXATPCHALLENGERMATCH-26JUL25MICSUR,Challenger,yes,100.0,60.91,60.91,49.3371,1.2182,0.7399,0.0,60.91,50.5553,9.614799999999994,2026-07-25 21:32:36.068335+00:00,60.91,60.91,0.0,49.3371,1.2182,0.7399,2026-07-25 21:02:04.313710+00:00,2026-07-25 21:27:18.238415+00:00,3,1,manual,2026-07-25,2026-07-25 21:02:04.313710+00:00,99.0,1,60.91
KXATPCHALLENGERMATCH-26JUL26BITYIL-YIL,KXATPCHALLENGERMATCH-26JUL26BITYIL,Challenger,no,0.0,16.0,16.0,5.44,6.08,0.2514,0.0,16.0,11.52,4.2286,2026-07-27 08:37:16.013778+00:00,16.0,16.0,0.0,5.44,6.08,0.2514,2026-07-27 07:44:17.339097+00:00,2026-07-27 08:05:43.880278+00:00,2,1,bot,2026-07-26,2026-07-27 07:44:17.339097+00:00,38.0,1,16.0
KXATPCHALLENGERMATCH-26JUL26CHUBOU-CHU,KXATPCHALLENGERMATCH-26JUL26CHUBOU,Challenger,yes,100.0,13.0,13.0,6.24,3.12,0.2272,0.0,13.0,9.36,3.4128000000000007,2026-07-28 04:03:06.075424+00:00,13.0,13.0,0.0,6.24,3.12,0.2272,2026-07-28 03:09:30.386630+00:00,2026-07-28 03:37:39.953969+00:00,2,1,bot,2026-07-26,2026-07-28 03:09:30.386630+00:00,48.0,1,13.0
KXATPCHALLENGERMATCH-26JUL26MCKFIL-MCK,KXATPCHALLENGERMATCH-26JUL26MCKFIL,Challenger,yes,100.0,30.81,30.81,24.648,4.3134,0.6049,0.0,30.81,28.961399999999998,1.2437000000000011,2026-07-27 08:02:46.011889+00:00,30.81,30.810000000000002,0.0,24.648,4.313400000000001,0.6049,2026-07-26 14:11:45.275764+00:00,2026-07-26 14:46:58.774362+00:00,3,1,manual,2026-07-26,2026-07-26 14:11:45.275764+00:00,99.0,1,30.81
KXATPCHALLENGERMATCH-26JUL26SHETOK-SHE,KXATPCHALLENGERMATCH-26JUL26SHETOK,Challenger,no,0.0,9.0,9.0,6.21,0.45,0.1348,0.0,9.0,6.66,2.2052,2026-07-28 01:09:36.020738+00:00,9.0,9.0,0.0,6.209999999999999,0.45000000000000007,0.1348,2026-07-27 23:15:25.760830+00:00,2026-07-28 00:01:22.752517+00:00,3,1,bot,2026-07-26,2026-07-27 23:15:25.760830+00:00,69.0,1,9.0
KXATPCHALLENGERMATCH-26JUL26ZHUSHE-ZHU,KXATPCHALLENGERMATCH-26JUL26ZHUSHE,Challenger,yes,100.0,21.0,21.0,12.09,7.32,0.5021,0.0,21.0,19.41,1.0878999999999999,2026-07-28 01:02:56.022764+00:00,21.0,21.0,0.0,12.09,7.32,0.5021,2026-07-27 23:39:06.139843+00:00,2026-07-28 00:51:07.312224+00:00,4,2,bot,2026-07-26,2026-07-27 23:39:06.139843+00:00,69.0,2,21.0
KXATPCHALLENGERMATCH-26JUL26ZINARS-ZIN,KXATPCHALLENGERMATCH-26JUL26ZINARS,Challenger,yes,100.0,8.0,0.0,5.76,0.0,0.0,800.0,8.0,5.76,2.24,2026-07-27 23:33:06.015819+00:00,8.0,0.0,0.0,5.76,0.0,0.0,2026-07-27 23:16:09.679207+00:00,2026-07-27 23:16:22.765384+00:00,2,2,bot,2026-07-26,2026-07-27 23:15:28.992652+00:00,72.0,1,8.0
KXATPCHALLENGERMATCH-26JUL27BASNAK-BAS,KXATPCHALLENGERMATCH-26JUL27BASNAK,Challenger,no,0.0,7.0,7.0,5.81,2.38,0.1792,0.0,7.0,8.19,-1.3691999999999995,2026-07-27 10:32:36.009621+00:00,7.0,7.0,0.0,5.81,2.3800000000000003,0.1792,2026-07-27 09:08:43.852109+00:00,2026-07-27 09:17:32.811626+00:00,2,1,bot,2026-07-27,2026-07-27 09:08:43.852109+00:00,84.0,1,7.0
KXATPCHALLENGERMATCH-26JUL27BLACOM-COM,KXATPCHALLENGERMATCH-26JUL27BLACOM,Challenger,yes,100.0,9.0,9.0,6.12,4.41,0.1371,0.0,9.0,10.530000000000001,-1.6671000000000011,2026-07-27 09:57:15.959380+00:00,9.0,9.0,0.0,6.12,4.41,0.1371,2026-07-27 08:50:44.108418+00:00,2026-07-27 09:26:55.903801+00:00,2,1,bot,2026-07-27,2026-07-27 08:50:44.108418+00:00,69.0,1,9.0
KXATPCHALLENGERMATCH-26JUL27MILVAN-MIL,KXATPCHALLENGERMATCH-26JUL27MILVAN,Challenger,yes,100.0,9.0,9.0,6.03,0.45,0.0,0.0,9.0,6.48,2.5199999999999996,2026-07-28 19:12:26.060885+00:00,9.0,9.0,0.0,6.03,0.45,0.0,2026-07-28 17:56:19.066414+00:00,2026-07-28 19:06:34.750701+00:00,2,1,bot,2026-07-27,2026-07-28 17:56:08.876018+00:00,67.0,1,9.0
KXATPCHALLENGERMATCH-26JUL27POLKOV-POL,KXATPCHALLENGERMATCH-26JUL27POLKOV,Challenger,yes,100.0,7.0,7.0,5.6,0.14,0.0784,0.0,7.0,5.739999999999999,1.1816000000000006,2026-07-27 10:12:25.955728+00:00,7.0,7.0,0.0,5.6000000000000005,0.14,0.0784,2026-07-27 09:25:12.983626+00:00,2026-07-27 10:05:08.041680+00:00,2,1,bot,2026-07-27,2026-07-27 09:25:12.983626+00:00,80.0,1,7.0
KXATPCHALLENGERMATCH-26JUL27SAHTUR-SAH,KXATPCHALLENGERMATCH-26JUL27SAHTUR,Challenger,no,0.0,7.0,7.0,5.88,1.82,0.1602,0.0,7.0,7.7,-0.8602000000000002,2026-07-27 10:37:26.011473+00:00,7.0,7.0,0.0,5.88,1.82,0.1602,2026-07-27 08:51:11.432586+00:00,2026-07-27 09:07:37.174316+00:00,2,1,bot,2026-07-27,2026-07-27 08:51:11.432586+00:00,84.0,1,7.0
KXATPCHALLENGERMATCH-26JUL27VRBJAN-VRB,KXATPCHALLENGERMATCH-26JUL27VRBJAN,Challenger,yes,100.0,8.0,8.0,5.68,3.44,0.2527,0.0,8.0,9.12,-1.3726999999999991,2026-07-27 10:37:26.015273+00:00,8.0,8.0,0.0,5.68,3.44,0.25270000000000004,2026-07-27 08:48:01.711918+00:00,2026-07-27 09:50:32.161217+00:00,2,1,bot,2026-07-27,2026-07-27 08:48:01.711918+00:00,71.0,1,8.0
KXATPCHALLENGERMATCH-26JUL28ADDPOU-ADD,KXATPCHALLENGERMATCH-26JUL28ADDPOU,Challenger,yes,100.0,11.0,11.0,5.94,7.59,0.0,0.0,11.0,13.530000000000001,-2.530000000000001,2026-07-28 17:02:26.071818+00:00,11.0,11.0,0.0,5.94,7.59,0.0,2026-07-28 15:55:29.649445+00:00,2026-07-28 16:21:15.255616+00:00,2,1,bot,2026-07-28,2026-07-28 15:54:27.624146+00:00,54.0,1,11.0
KXATPCHALLENGERMATCH-26JUL28ALKSIN-ALK,KXATPCHALLENGERMATCH-26JUL28ALKSIN,Challenger,no,0.0,8.0,8.0,5.6,3.84,0.2574,0.0,8.0,9.44,-1.6973999999999996,2026-07-28 14:02:46.019504+00:00,8.0,8.0,0.0,5.6,3.84,0.2574,2026-07-28 13:01:31.509269+00:00,2026-07-28 13:32:06.565765+00:00,2,1,bot,2026-07-28,2026-07-28 13:01:31.509269+00:00,70.0,1,8.0
KXATPCHALLENGERMATCH-26JUL28ARNPIE-PIE,KXATPCHALLENGERMATCH-26JUL28ARNPIE,Challenger,yes,100.0,9.0,9.0,6.12,0.09,0.1372,0.0,9.0,6.21,2.6528,2026-07-28 14:52:35.961643+00:00,9.0,9.0,0.0,6.12,0.09,0.1372,2026-07-28 14:23:12.849814+00:00,2026-07-28 14:47:29.021171+00:00,3,2,bot,2026-07-28,2026-07-28 14:00:44.610948+00:00,66.0,2,9.0
KXATPCHALLENGERMATCH-26JUL28GOMCER-GOM,KXATPCHALLENGERMATCH-26JUL28GOMCER,Challenger,yes,100.0,8.0,8.0,5.84,0.4,0.0,0.0,8.0,6.24,1.7599999999999998,2026-07-28 15:32:36.029081+00:00,8.0,8.0,0.0,5.84,0.4,0.0,2026-07-28 14:44:34.507303+00:00,2026-07-28 15:26:16.143097+00:00,2,1,bot,2026-07-28,2026-07-28 14:44:30.919623+00:00,73.0,1,8.0
KXATPCHALLENGERMATCH-26JUL28HOUCAR-CAR,KXATPCHALLENGERMATCH-26JUL28HOUCAR,Challenger,yes,100.0,9.0,9.0,5.85,0.09,0.1434,0.0,9.0,5.9399999999999995,2.9166000000000003,2026-07-28 10:42:46.011884+00:00,9.0,9.0,0.0,5.8500000000000005,0.09,0.1434,2026-07-28 09:33:39.349756+00:00,2026-07-28 10:38:34.806167+00:00,2,1,bot,2026-07-28,2026-07-28 09:33:39.349756+00:00,65.0,1,9.0
KXATPCHALLENGERMATCH-26JUL28KASFER-FER,KXATPCHALLENGERMATCH-26JUL28KASFER,Challenger,yes,100.0,25.0,25.0,11.77,12.16,0.5497,0.0,25.0,23.93,0.5203000000000003,2026-07-28 10:42:46.010685+00:00,25.0,25.000000000000004,0.0,11.77,12.160000000000002,0.5497,2026-07-28 09:00:41.918111+00:00,2026-07-28 10:07:05.326182+00:00,5,2,bot,2026-07-28,2026-07-28 09:00:41.918111+00:00,66.0,2,25.0
KXATPCHALLENGERMATCH-26JUL28KIRINC-INC,KXATPCHALLENGERMATCH-26JUL28KIRINC,Challenger,yes,100.0,8.0,8.0,5.84,0.4,0.1104,0.0,8.0,6.24,1.6495999999999997,2026-07-28 09:37:46.008485+00:00,8.0,8.0,0.0,5.84,0.4,0.1104,2026-07-28 09:06:15.214308+00:00,2026-07-28 09:17:27.783372+00:00,2,1,bot,2026-07-28,2026-07-28 09:06:15.214308+00:00,74.0,1,8.0
KXATPCHALLENGERMATCH-26JUL28KRUHEN-HEN,KXATPCHALLENGERMATCH-26JUL28KRUHEN,Challenger,no,0.0,9.0,9.0,5.22,5.31,0.3059,0.0,9.0,10.53,-1.8358999999999994,2026-07-28 10:32:46.009972+00:00,9.0,9.0,0.0,5.22,5.31,0.3059,2026-07-28 09:00:43.116640+00:00,2026-07-28 09:39:13.350451+00:00,2,1,bot,2026-07-28,2026-07-28 09:00:43.116640+00:00,68.0,1,9.0
KXATPCHALLENGERMATCH-26JUL28MAENEU-MAE,KXATPCHALLENGERMATCH-26JUL28MAENEU,Challenger,yes,100.0,9.0,9.0,6.03,0.09,0.1393,0.0,9.0,6.12,2.7407,2026-07-28 16:07:15.960013+00:00,9.0,9.0,0.0,6.03,0.09,0.1393,2026-07-28 15:35:15.966024+00:00,2026-07-28 15:53:17.002146+00:00,2,1,bot,2026-07-28,2026-07-28 15:35:15.966024+00:00,67.0,1,9.0
KXATPCHALLENGERMATCH-26JUL28NIKBAR-NIK,KXATPCHALLENGERMATCH-26JUL28NIKBAR,Challenger,no,0.0,9.0,9.0,5.67,6.12,0.284,0.0,9.0,11.79,-3.073999999999999,2026-07-28 11:02:56.015572+00:00,9.0,9.0,0.0,5.67,6.12,0.28400000000000003,2026-07-28 09:26:09.510031+00:00,2026-07-28 10:12:06.045530+00:00,2,1,bot,2026-07-28,2026-07-28 09:26:09.510031+00:00,64.0,1,9.0
KXATPCHALLENGERMATCH-26JUL28OLITAB-OLI,KXATPCHALLENGERMATCH-26JUL28OLITAB,Challenger,yes,100.0,8.0,8.0,5.92,0.4,0.1078,0.0,8.0,6.32,1.5721999999999996,2026-07-28 14:17:35.957698+00:00,8.0,8.0,0.0,5.92,0.4,0.1078,2026-07-28 13:45:56.422044+00:00,2026-07-28 14:02:49.253959+00:00,2,1,bot,2026-07-28,2026-07-28 13:45:56.422044+00:00,74.0,1,8.0
KXATPCHALLENGERMATCH-26JUL28RIBTOR-RIB,KXATPCHALLENGERMATCH-26JUL28RIBTOR,Challenger,no,0.0,9.0,9.0,6.12,5.67,0.1371,0.0,9.0,11.79,-2.9270999999999994,2026-07-28 10:57:36.014908+00:00,9.0,9.0,0.0,6.12,5.67,0.1371,2026-07-28 09:23:32.812297+00:00,2026-07-28 10:21:38.116705+00:00,2,1,bot,2026-07-28,2026-07-28 09:23:32.812297+00:00,68.0,1,9.0
KXATPCHALLENGERMATCH-26JUL28SCHGOM-GOM,KXATPCHALLENGERMATCH-26JUL28SCHGOM,Challenger,yes,100.0,9.0,9.0,6.21,0.09,0.1348,0.0,9.0,6.3,2.5652000000000004,2026-07-28 14:02:46.011719+00:00,9.0,9.0,0.0,6.209999999999999,0.09,0.1348,2026-07-28 13:31:09.464361+00:00,2026-07-28 13:45:42.992995+00:00,2,1,bot,2026-07-28,2026-07-28 13:31:09.464361+00:00,69.0,1,9.0
KXATPCHALLENGERMATCH-26JUL28SKAFAU-SKA,KXATPCHALLENGERMATCH-26JUL28SKAFAU,Challenger,yes,100.0,9.0,9.0,6.12,0.09,0.1371,0.0,9.0,6.21,2.6529,2026-07-28 10:57:36.015886+00:00,9.0,9.0,0.0,6.12,0.09,0.1371,2026-07-28 09:56:08.495869+00:00,2026-07-28 10:52:13.100043+00:00,2,1,bot,2026-07-28,2026-07-28 09:56:08.495869+00:00,68.0,1,9.0
KXATPCHALLENGERMATCH-26JUL28TABSQU-TAB,KXATPCHALLENGERMATCH-26JUL28TABSQU,Challenger,no,0.0,20.0,20.0,12.08,12.48,0.4966,0.0,20.0,24.560000000000002,-5.056600000000002,2026-07-28 15:32:36.026383+00:00,20.0,20.0,0.0,12.08,12.479999999999999,0.49660000000000004,2026-07-28 14:09:49.107299+00:00,2026-07-28 15:12:44.300124+00:00,5,3,bot,2026-07-28,2026-07-28 14:09:49.107299+00:00,74.0,2,20.0
KXATPCHALLENGERMATCH-26JUL28VRBBAS-BAS,KXATPCHALLENGERMATCH-26JUL28VRBBAS,Challenger,yes,100.0,8.0,8.0,5.6,0.4,0.1176,0.0,8.0,6.0,1.8824,2026-07-28 11:12:25.961766+00:00,8.0,8.0,0.0,5.6,0.4,0.1176,2026-07-28 10:17:32.209858+00:00,2026-07-28 10:55:21.962820+00:00,2,1,bot,2026-07-28,2026-07-28 10:17:32.209858+00:00,70.0,1,8.0
KXATPCHALLENGERMATCH-26JUL28ZHULAN-ZHU,KXATPCHALLENGERMATCH-26JUL28ZHULAN,Challenger,yes,100.0,9.0,9.0,6.21,0.45,0.0,0.0,9.0,6.66,2.34,2026-07-28 19:27:06.071519+00:00,9.0,9.0,0.0,6.209999999999999,0.45,0.0,2026-07-28 18:33:38.997396+00:00,2026-07-28 19:19:13.937620+00:00,2,1,bot,2026-07-28,2026-07-28 18:32:30.132984+00:00,69.0,1,9.0
KXATPMATCH-26JUL25BLODAR-BLO,KXATPMATCH-26JUL25BLODAR,ATP,yes,100.0,11.11,0.0,1.8887,0.0,0.1098,1111.0,11.11,1.8887,9.1115,2026-07-25 21:46:56.276941+00:00,11.11,0.0,0.0,1.8887,0.0,0.1098,2026-07-25 21:03:26.612394+00:00,2026-07-25 21:03:26.612394+00:00,1,1,manual,2026-07-25,2026-07-25 21:03:26.612394+00:00,99.0,1,11.11
KXATPMATCH-26JUL25BLODAR-DAR,KXATPMATCH-26JUL25BLODAR,ATP,no,0.0,91.12,91.12,63.784,18.224,2.3602,0.0,91.12,82.008,6.751800000000009,2026-07-25 21:46:56.278243+00:00,91.12,91.12,0.0,63.78399999999999,18.224,2.3602,2026-07-25 20:37:31.811537+00:00,2026-07-25 20:55:44.605396+00:00,4,3,manual,2026-07-25,2026-07-25 20:37:31.811537+00:00,99.0,1,91.12
KXATPMATCH-26JUL25BOYCLA-CLA,KXATPMATCH-26JUL25BOYCLA,ATP,no,0.0,212.77,134.28,28.3649,110.1096,3.0211,0.0,134.28,138.4745,-7.215600000000006,2026-07-26 05:52:16.028607+00:00,212.76999999999998,134.28,0.0,28.3649,110.1096,3.0211,2026-07-26 04:33:50.446268+00:00,2026-07-26 05:23:34.923026+00:00,7,6,manual,2026-07-25,2026-07-26 04:33:50.446268+00:00,99.0,3,212.77
KXATPMATCH-26JUL25HEWLAJ-HEW,KXATPMATCH-26JUL25HEWLAJ,ATP,yes,100.0,43.3,66.18,23.815,17.4036,1.2523,0.0,43.3,41.2186,0.8290999999999951,2026-07-25 18:52:06.009723+00:00,43.3,43.3,22.88,23.815,7.794,1.2523,2026-07-25 18:35:14.762077+00:00,2026-07-25 18:48:03.356501+00:00,3,1,manual,2026-07-25,2026-07-25 18:35:14.762077+00:00,99.0,2,43.3
KXATPMATCH-26JUL25KWONRUB-KWON,KXATPMATCH-26JUL25KWONRUB,ATP,yes,100.0,30.45,30.45,24.6645,2.436,0.485,0.0,30.45,27.1005,2.864499999999999,2026-07-26 05:27:36.026216+00:00,30.45,30.45,0.0,24.6645,2.436,0.485,2026-07-26 04:57:23.790210+00:00,2026-07-26 05:17:18.447958+00:00,2,1,manual,2026-07-25,2026-07-26 04:57:23.790210+00:00,99.0,1,30.45
KXATPMATCH-26JUL25KWONRUB-RUB,KXATPMATCH-26JUL25KWONRUB,ATP,no,0.0,62.42,62.42,1.8726,59.299,0.3348,0.0,62.42,61.1716,0.9136000000000037,2026-07-26 05:27:36.026216+00:00,62.42,62.42,0.0,1.8726,59.299,0.3348,2026-07-26 04:20:19.174160+00:00,2026-07-26 04:37:51.960450+00:00,2,1,manual,2026-07-25,2026-07-26 04:20:19.174160+00:00,99.0,1,62.42
KXATPMATCH-26JUL25MAGJOH-JOH,KXATPMATCH-26JUL25MAGJOH,ATP,no,0.0,32.76,0.0,24.57,0.0,0.4301,0.0,0.0,24.57,-25.0001,2026-07-26 02:42:06.025675+00:00,32.76,0.0,0.0,24.57,0.0,0.43010000000000004,2026-07-26 01:48:02.867309+00:00,2026-07-26 01:48:02.867309+00:00,2,2,manual,2026-07-25,2026-07-26 01:48:02.867309+00:00,75.0,1,32.76
KXATPMATCH-26JUL25MEJHER-HER,KXATPMATCH-26JUL25MEJHER,ATP,yes,100.0,31.56,31.56,23.3544,1.2624,0.51,0.0,31.56,24.616799999999998,6.433200000000001,2026-07-26 04:52:06.085618+00:00,31.56,31.56,0.0,23.3544,1.2624,0.51,2026-07-26 04:23:23.414215+00:00,2026-07-26 04:43:11.594077+00:00,2,1,manual,2026-07-25,2026-07-26 04:23:23.414215+00:00,99.0,1,31.56
KXATPMATCH-26JUL25OCOMAR-OCO,KXATPMATCH-26JUL25OCOMAR,ATP,no,0.0,6.15,0.0,1.2915,0.0,0.0715,0.0,0.0,1.2915,-1.363,2026-07-25 21:52:16.066342+00:00,6.15,0.0,0.0,1.2915,0.0,0.0715,2026-07-25 21:31:12.060441+00:00,2026-07-25 21:31:12.060441+00:00,1,1,bot,2026-07-25,2026-07-25 21:31:12.060441+00:00,99.0,1,6.15
KXATPMATCH-26JUL25SHEHAR-SHE,KXATPMATCH-26JUL25SHEHAR,ATP,yes,100.0,34.97,0.0,24.479,0.0,0.5141,3497.0,34.97,24.479,9.9769,2026-07-25 18:22:15.966245+00:00,34.97,0.0,0.0,24.479,0.0,0.5141,2026-07-25 18:13:45.735815+00:00,2026-07-25 18:13:45.735815+00:00,1,1,manual,2026-07-25,2026-07-25 18:13:45.735815+00:00,99.0,1,34.97
KXATPMATCH-26JUL25SVAYME-SVA,KXATPMATCH-26JUL25SVAYME,ATP,yes,100.0,70.29,70.29,54.1233,0.7029,0.8836,0.0,70.29,54.8262,14.580200000000007,2026-07-25 20:42:06.012914+00:00,70.29,70.29,0.0,54.12330000000001,0.7029000000000001,0.8835999999999999,2026-07-25 19:46:19.675692+00:00,2026-07-25 20:36:05.808361+00:00,2,1,manual,2026-07-25,2026-07-25 19:46:19.675692+00:00,99.0,1,70.29
KXATPMATCH-26JUL25VANGAS-VAN,KXATPMATCH-26JUL25VANGAS,ATP,yes,100.0,35.55,35.55,24.4595,3.555,0.7582,0.0,35.55,28.014499999999998,6.7772999999999985,2026-07-25 18:42:06.025440+00:00,35.55,35.55,0.0,24.4595,3.5549999999999997,0.7582,2026-07-25 17:12:43.258817+00:00,2026-07-25 17:55:07.610298+00:00,4,3,manual,2026-07-25,2026-07-25 17:12:43.258817+00:00,69.0,1,35.55
KXATPMATCH-26JUL26DAMSHE-DAM,KXATPMATCH-26JUL26DAMSHE,ATP,yes,100.0,41.89,41.89,19.2694,12.9859,0.8853,0.0,41.89,32.255300000000005,8.749399999999994,2026-07-26 16:32:26.026320+00:00,41.89,41.89,0.0,19.2694,12.9859,0.8853000000000001,2026-07-26 15:15:41.226464+00:00,2026-07-26 15:36:05.310624+00:00,2,1,manual,2026-07-26,2026-07-26 15:15:41.226464+00:00,99.0,1,41.89
KXATPMATCH-26JUL26DAMSHE-SHE,KXATPMATCH-26JUL26DAMSHE,ATP,no,0.0,97.72,40.53,47.9658,5.2689,1.9495,0.0,40.53,53.234700000000004,-14.654200000000003,2026-07-26 16:32:26.025572+00:00,97.72,40.53,0.0,47.965799999999994,5.2689,1.9495,2026-07-26 15:00:56.759142+00:00,2026-07-26 15:38:34.907753+00:00,8,7,manual,2026-07-26,2026-07-26 15:00:56.759142+00:00,99.0,3,97.72
KXATPMATCH-26JUL26GIRILA-GIR,KXATPMATCH-26JUL26GIRILA,ATP,yes,100.0,19.41,19.41,14.7516,1.941,0.3702,0.0,19.41,16.6926,2.3472000000000013,2026-07-26 18:32:26.017893+00:00,19.41,19.41,0.0,14.7516,1.941,0.3702,2026-07-26 18:03:09.466806+00:00,2026-07-26 18:13:08.067771+00:00,3,2,manual,2026-07-26,2026-07-26 18:03:09.466806+00:00,99.0,1,19.41
KXATPMATCH-26JUL26GIRILA-ILA,KXATPMATCH-26JUL26GIRILA,ATP,no,0.0,105.07,105.07,18.9126,77.7518,1.4395,0.0,105.07,96.6644,6.966099999999993,2026-07-26 18:32:26.017893+00:00,105.07,105.07,0.0,18.912599999999998,77.7518,1.4394999999999998,2026-07-26 16:49:46.946217+00:00,2026-07-26 18:01:11.631068+00:00,4,1,manual,2026-07-26,2026-07-26 16:49:46.946217+00:00,99.0,1,105.07
KXATPMATCH-26JUL26MARECH-MAR,KXATPMATCH-26JUL26MARECH,ATP,yes,100.0,57.63,0.0,49.5051,0.0,0.485,5763.0,57.63,49.5051,7.6399000000000035,2026-07-26 18:07:16.016694+00:00,57.63,0.0,0.0,49.5051,0.0,0.485,2026-07-26 16:50:16.272935+00:00,2026-07-26 17:24:27.616087+00:00,2,2,manual,2026-07-26,2026-07-26 16:50:16.272935+00:00,99.0,2,57.63
KXATPMATCH-26JUL26MCDSVA-SVA,KXATPMATCH-26JUL26MCDSVA,ATP,yes,100.0,27.6,27.6,19.596,4.432,0.6584,0.0,27.6,24.028,2.913600000000003,2026-07-26 20:27:06.069777+00:00,27.6,27.6,0.0,19.596,4.432,0.6584,2026-07-26 19:45:52.148665+00:00,2026-07-26 20:03:03.882910+00:00,4,1,manual,2026-07-26,2026-07-26 19:45:52.148665+00:00,99.0,1,27.6
KXATPMATCH-26JUL26SVAHEW-SVA,KXATPMATCH-26JUL26SVAHEW,ATP,no,0.0,1.45,0.0,0.9715,0.0,0.0225,0.0,0.0,0.9715,-0.994,2026-07-26 18:37:06.113980+00:00,1.45,0.0,0.0,0.9715,0.0,0.0225,2026-07-26 18:18:03.396457+00:00,2026-07-26 18:18:03.396457+00:00,1,1,bot,2026-07-26,2026-07-26 18:18:03.396457+00:00,99.0,1,1.45
KXATPMATCH-26JUL27GIRHEW-HEW,KXATPMATCH-26JUL27GIRHEW,ATP,yes,100.0,10.0,10.0,6.1,0.5,0.0501,0.0,10.0,6.6,3.3499000000000003,2026-07-28 19:52:15.974849+00:00,10.0,10.0,0.0,6.1,0.5,0.0501,2026-07-28 19:19:42.196522+00:00,2026-07-28 19:34:36.503211+00:00,2,1,bot,2026-07-27,2026-07-28 19:19:40.160515+00:00,61.0,1,10.0
KXATPMATCH-26JUL27MAJPAU-MAJ,KXATPMATCH-26JUL27MAJPAU,ATP,yes,100.0,19.0,19.0,11.46,1.19,0.3357,0.0,19.0,12.65,6.0142999999999995,2026-07-28 17:22:06.308768+00:00,19.0,19.0,0.0,11.459999999999999,1.1900000000000002,0.33569999999999994,2026-07-28 16:03:57.403641+00:00,2026-07-28 17:15:32.380690+00:00,6,3,bot,2026-07-27,2026-07-28 16:03:57.403641+00:00,57.0,2,19.0
KXATPMATCH-26JUL27NISSHA-SHA,KXATPMATCH-26JUL27NISSHA,ATP,no,0.0,8.0,8.0,5.92,3.92,0.2478,0.0,8.0,9.84,-2.0877999999999997,2026-07-27 23:47:16.067006+00:00,8.0,8.0,0.0,5.92,3.92,0.24780000000000002,2026-07-27 22:18:13.349302+00:00,2026-07-27 22:43:08.274779+00:00,2,1,bot,2026-07-27,2026-07-27 22:18:13.349302+00:00,74.0,1,8.0
KXBTC15M-26JUL252115-15,KXBTC15M-26JUL252115,OTHER,no,0.0,51.66,0.0,0.7749,0.0,0.0535,0.0,0.0,0.7749,-0.8284,2026-07-26 01:15:06.094853+00:00,51.66,0.0,0.0,0.7748999999999999,0.0,0.0535,2026-07-26 01:14:36.199427+00:00,2026-07-26 01:14:36.199427+00:00,1,1,bot,2026-07-25,2026-07-26 01:14:36.199427+00:00,2.0,1,51.66
KXBTC15M-26JUL252130-30,KXBTC15M-26JUL252130,OTHER,no,0.0,997.2,20.08,16.3973,9.6384,0.9501,0.0,20.08,26.035700000000002,-6.905800000000004,2026-07-26 01:30:06.038277+00:00,977.12,20.08,20.08,11.3773,15.059999999999999,0.9501000000000001,2026-07-26 01:19:38.370363+00:00,2026-07-26 01:29:37.179946+00:00,6,4,mixed,2026-07-25,2026-07-26 01:19:38.370363+00:00,48.0,4,997.2
KXBTC15M-26JUL252145-45,KXBTC15M-26JUL252145,OTHER,no,0.0,31.56,0.0,24.6168,0.0,0.3791,0.0,0.0,24.6168,-24.995900000000002,2026-07-26 01:45:06.258302+00:00,31.56,0.0,0.0,24.6168,0.0,0.3791,2026-07-26 01:36:18.354461+00:00,2026-07-26 01:36:18.354461+00:00,1,1,manual,2026-07-25,2026-07-26 01:36:18.354461+00:00,78.0,1,31.56
KXCLUBFGAME-26JUL25AUCTOT-TIE,KXCLUBFGAME-26JUL25AUCTOT,OTHER,no,0.0,10.44,0.0,0.9396,0.0,0.0599,0.0,0.0,0.9396,-0.9994999999999999,2026-07-26 04:52:46.014861+00:00,10.44,0.0,0.0,0.9395999999999999,0.0,0.0599,2026-07-26 04:27:33.646094+00:00,2026-07-26 04:27:33.646094+00:00,1,1,manual,2026-07-25,2026-07-26 04:27:33.646094+00:00,99.0,1,10.44
KXCLUBFGAME-26JUL25LFCSUN-LFC,KXCLUBFGAME-26JUL25LFCSUN,OTHER,yes,100.0,117.93,117.93,88.4475,14.1516,2.4197,0.0,117.93,102.5991,12.9112,2026-07-26 00:03:46.061928+00:00,117.93,117.93,0.0,88.4475,14.1516,2.4197,2026-07-25 22:32:07.247302+00:00,2026-07-25 23:43:40.772704+00:00,2,1,manual,2026-07-25,2026-07-25 22:32:07.247302+00:00,99.0,1,117.93
KXELITESERIENGAME-26JUL26SKBVIF-VIF,KXELITESERIENGAME-26JUL26SKBVIF,OTHER,yes,100.0,40.53,40.53,24.318,10.9431,1.2403,0.0,40.53,35.2611,4.028600000000003,2026-07-26 14:33:46.022829+00:00,40.53,40.53,0.0,24.318,10.943100000000001,1.2403000000000002,2026-07-26 14:08:39.489235+00:00,2026-07-26 14:17:50.598533+00:00,3,1,manual,2026-07-26,2026-07-26 14:08:39.489235+00:00,99.0,1,40.53
KXITFMATCH-26JUL25TUDMBI-MBI,KXITFMATCH-26JUL25TUDMBI,ITF-M,no,0.0,11.8,0.0,1.888,0.0,0.1111,0.0,0.0,1.888,-1.9990999999999999,2026-07-25 22:47:36.435302+00:00,11.8,0.0,0.0,1.8880000000000001,0.0,0.1111,2026-07-25 22:31:08.142203+00:00,2026-07-25 22:31:08.142203+00:00,1,1,manual,2026-07-25,2026-07-25 22:31:08.142203+00:00,99.0,1,11.8
KXITFMATCH-26JUL25TUDMBI-TUD,KXITFMATCH-26JUL25TUDMBI,ITF-M,yes,100.0,28.11,28.11,9.2763,10.9629,0.9033,0.0,28.11,20.2392,6.967499999999999,2026-07-25 22:47:36.436615+00:00,28.11,28.11,0.0,9.2763,10.9629,0.9033,2026-07-25 21:55:48.121344+00:00,2026-07-25 22:13:37.764939+00:00,2,1,manual,2026-07-25,2026-07-25 21:55:48.121344+00:00,99.0,1,28.11
KXITFMATCH-26JUL26BRUNEC-NEC,KXITFMATCH-26JUL26BRUNEC,ITF-M,no,0.0,36.47,36.47,24.4349,11.6704,1.1201,0.0,36.47,36.1053,-0.755400000000001,2026-07-27 05:23:56.038433+00:00,36.47,36.47,0.0,24.4349,11.670399999999999,1.1200999999999999,2026-07-27 05:04:29.566563+00:00,2026-07-27 05:12:37.856933+00:00,2,1,manual,2026-07-26,2026-07-27 05:04:29.566563+00:00,99.0,1,36.47
KXITFMATCH-26JUL26CRONAK-CRO,KXITFMATCH-26JUL26CRONAK,ITF-M,yes,100.0,20.18,6.0,14.4642,0.24,0.2845,1418.0,20.18,14.7042,5.1913,2026-07-27 05:58:46.044559+00:00,20.18,6.0,0.0,14.464199999999998,0.24,0.2845,2026-07-27 05:25:10.281388+00:00,2026-07-27 05:48:40.959667+00:00,3,2,mixed,2026-07-26,2026-07-27 05:25:10.281388+00:00,99.0,3,20.18
KXITFMATCH-26JUL26DENHOL-DEN,KXITFMATCH-26JUL26DENHOL,ITF-M,yes,100.0,29.43,0.0,24.7212,0.0,0.2769,2943.0,29.43,24.7212,4.4319,2026-07-26 14:32:56.010176+00:00,29.43,0.0,0.0,24.7212,0.0,0.2769,2026-07-26 13:52:34.408888+00:00,2026-07-26 13:52:34.408888+00:00,1,1,manual,2026-07-26,2026-07-26 13:52:34.408888+00:00,99.0,1,29.43
KXITFMATCH-26JUL26VISVEN-VEN,KXITFMATCH-26JUL26VISVEN,ITF-M,yes,100.0,49.26,0.0,24.1374,0.0,0.8618,4926.0,49.26,24.1374,24.2608,2026-07-27 05:28:25.989399+00:00,49.26,0.0,0.0,24.1374,0.0,0.8618,2026-07-27 05:03:47.116465+00:00,2026-07-27 05:03:47.116465+00:00,1,1,manual,2026-07-26,2026-07-27 05:03:47.116465+00:00,99.0,1,49.26
KXITFMATCH-26JUL26ZAHPER-ZAH,KXITFMATCH-26JUL26ZAHPER,ITF-M,no,0.0,19.78,0.0,4.7472,0.0,0.2526,0.0,0.0,4.7472,-4.9998000000000005,2026-07-26 14:02:56.018959+00:00,19.78,0.0,0.0,4.7472,0.0,0.2526,2026-07-26 13:51:45.290070+00:00,2026-07-26 13:51:45.290070+00:00,1,1,manual,2026-07-26,2026-07-26 13:51:45.290070+00:00,99.0,1,19.78
KXITFMATCH-26JUL27BALBRE-BAL,KXITFMATCH-26JUL27BALBRE,ITF-M,no,0.0,9.0,9.0,5.94,1.35,0.1414,0.0,9.0,7.290000000000001,1.568599999999999,2026-07-27 11:03:16.015840+00:00,9.0,9.0,0.0,5.94,1.3499999999999999,0.1414,2026-07-27 09:25:40.713722+00:00,2026-07-27 10:06:40.582132+00:00,2,1,bot,2026-07-27,2026-07-27 09:25:40.713722+00:00,68.0,1,9.0
KXITFMATCH-26JUL27CAMATK-ATK,KXITFMATCH-26JUL27CAMATK,ITF-M,yes,100.0,12.0,12.0,6.0,2.52,0.21,0.0,12.0,8.52,3.2700000000000005,2026-07-28 03:59:56.013351+00:00,12.0,12.0,0.0,6.0,2.52,0.21,2026-07-28 02:50:40.290139+00:00,2026-07-28 03:51:54.199408+00:00,2,1,bot,2026-07-27,2026-07-28 02:50:40.290139+00:00,50.0,1,12.0
KXITFMATCH-26JUL27DUHLUT-LUT,KXITFMATCH-26JUL27DUHLUT,ITF-M,yes,100.0,11.0,11.0,5.61,2.53,0.3289,0.0,11.0,8.14,2.5310999999999995,2026-07-27 07:08:25.974154+00:00,11.0,11.0,0.0,5.61,2.5300000000000002,0.32889999999999997,2026-07-27 06:21:50.627299+00:00,2026-07-27 06:41:20.756521+00:00,3,2,bot,2026-07-27,2026-07-27 06:21:50.627299+00:00,52.0,1,11.0
KXITFMATCH-26JUL27GUABOR-GUA,KXITFMATCH-26JUL27GUABOR,ITF-M,no,0.0,7.0,7.0,5.67,2.24,0.1822,0.0,7.0,7.91,-1.0922,2026-07-27 10:18:16.008177+00:00,7.0,7.0,0.0,5.67,2.24,0.1822,2026-07-27 09:27:24.815748+00:00,2026-07-27 09:36:32.375668+00:00,2,1,bot,2026-07-27,2026-07-27 09:27:24.815748+00:00,81.0,1,7.0
KXITFMATCH-26JUL27JIXKOX-KOX,KXITFMATCH-26JUL27JIXKOX,ITF-M,yes,100.0,16.0,16.0,10.88,4.24,0.3152,0.0,16.0,15.120000000000001,0.5647999999999991,2026-07-27 06:48:35.959969+00:00,16.0,16.0,0.0,10.879999999999999,4.24,0.3152,2026-07-27 05:58:11.927642+00:00,2026-07-27 06:28:22.686710+00:00,4,2,bot,2026-07-27,2026-07-27 05:58:11.927642+00:00,83.0,6,16.0
KXITFMATCH-26JUL27KOZSEL-KOZ,KXITFMATCH-26JUL27KOZSEL,ITF-M,yes,100.0,10.0,10.0,5.2,3.1,0.3246,0.0,10.0,8.3,1.3753999999999993,2026-07-27 08:03:46.031360+00:00,10.0,10.0,0.0,5.2,3.0999999999999996,0.32460000000000006,2026-07-27 06:24:48.371304+00:00,2026-07-27 06:47:22.795500+00:00,3,1,bot,2026-07-27,2026-07-27 06:24:48.371304+00:00,55.0,1,10.0
KXITFMATCH-26JUL27SENKHO-KHO,KXITFMATCH-26JUL27SENKHO,ITF-M,yes,100.0,10.0,10.0,4.5,2.4,0.1733,0.0,10.0,6.9,2.9266999999999994,2026-07-27 06:58:25.976674+00:00,10.0,10.0,0.0,4.5,2.4,0.1733,2026-07-27 06:01:12.294496+00:00,2026-07-27 06:13:56.187666+00:00,2,1,bot,2026-07-27,2026-07-27 06:01:12.294496+00:00,48.0,1,10.0
KXITFMATCH-26JUL27TAKKRI-KRI,KXITFMATCH-26JUL27TAKKRI,ITF-M,no,0.0,12.0,12.0,6.12,8.16,0.3928,0.0,12.0,14.280000000000001,-2.672800000000001,2026-07-27 10:38:05.963550+00:00,12.0,12.0,0.0,6.12,8.16,0.39280000000000004,2026-07-27 09:25:37.668190+00:00,2026-07-27 09:56:04.258938+00:00,3,2,bot,2026-07-27,2026-07-27 09:25:37.668190+00:00,52.0,1,12.0
KXITFMATCH-26JUL28BELKAR-KAR,KXITFMATCH-26JUL28BELKAR,ITF-M,yes,100.0,9.0,9.0,5.94,0.09,0.1414,0.0,9.0,6.03,2.8286,2026-07-28 12:08:36.006834+00:00,9.0,9.0,0.0,5.94,0.09,0.1414,2026-07-28 10:50:52.723052+00:00,2026-07-28 12:04:12.518298+00:00,2,1,bot,2026-07-28,2026-07-28 10:50:52.723052+00:00,66.0,1,9.0
KXITFMATCH-26JUL28BREJAN-BRE,KXITFMATCH-26JUL28BREJAN,ITF-M,yes,100.0,24.0,24.0,11.55,17.34,0.7149,0.0,24.0,28.89,-5.604900000000001,2026-07-28 16:07:56.023959+00:00,24.0,24.0,0.0,11.55,17.340000000000003,0.7149,2026-07-28 14:22:08.309733+00:00,2026-07-28 14:48:51.871601+00:00,4,2,bot,2026-07-28,2026-07-28 14:00:39.892181+00:00,69.0,3,24.0
KXITFMATCH-26JUL28COCCOM-COM,KXITFMATCH-26JUL28COCCOM,ITF-M,yes,100.0,8.0,8.0,5.92,0.4,0.1078,0.0,8.0,6.32,1.5721999999999996,2026-07-28 14:13:26.007163+00:00,8.0,8.0,0.0,5.92,0.4,0.1078,2026-07-28 13:26:08.135156+00:00,2026-07-28 13:36:22.218668+00:00,2,1,bot,2026-07-28,2026-07-28 13:26:08.135156+00:00,74.0,1,8.0
KXITFMATCH-26JUL28DHOREC-REC,KXITFMATCH-26JUL28DHOREC,ITF-M,no,0.0,8.0,8.0,5.6,5.6,0.2352,0.0,8.0,11.2,-3.435199999999999,2026-07-28 16:57:46.013665+00:00,8.0,8.0,0.0,5.6,5.6,0.2352,2026-07-28 15:55:34.605435+00:00,2026-07-28 16:33:19.468351+00:00,2,1,bot,2026-07-28,2026-07-28 15:55:34.605435+00:00,70.0,1,8.0
KXITFMATCH-26JUL28DUSFIL-FIL,KXITFMATCH-26JUL28DUSFIL,ITF-M,,,,,,,,,,,,,9.0,9.0,0.0,6.12,5.529999999999999,0.28529999999999994,2026-07-28 19:33:16.516757+00:00,2026-07-28 20:02:45.161373+00:00,3,1,bot,2026-07-28,2026-07-28 19:33:16.516757+00:00,68.0,1,9.0
KXITFMATCH-26JUL28FONORT-FON,KXITFMATCH-26JUL28FONORT,ITF-M,yes,100.0,8.0,8.0,5.68,0.4,0.0,0.0,8.0,6.08,1.92,2026-07-28 17:27:46.053319+00:00,8.0,8.0,0.0,5.68,0.4,0.0,2026-07-28 17:05:08.896511+00:00,2026-07-28 17:16:40.178435+00:00,2,1,bot,2026-07-28,2026-07-28 17:04:13.130332+00:00,71.0,1,8.0
KXITFMATCH-26JUL28FRYCOQ-FRY,KXITFMATCH-26JUL28FRYCOQ,ITF-M,no,0.0,12.0,12.0,5.88,8.88,0.1617,0.0,12.0,14.760000000000002,-2.9217000000000017,2026-07-28 14:23:15.971696+00:00,12.0,12.0,0.0,5.88,8.879999999999999,0.1617,2026-07-28 12:53:07.306627+00:00,2026-07-28 13:29:36.791428+00:00,2,1,bot,2026-07-28,2026-07-28 12:53:03.818780+00:00,49.0,1,12.0
KXITFMATCH-26JUL28FUNSHA-FUN,KXITFMATCH-26JUL28FUNSHA,ITF-M,yes,100.0,34.0,34.0,11.68,20.28,0.7093,0.0,34.0,31.96,1.330699999999999,2026-07-28 14:08:26.011124+00:00,34.0,34.0,0.0,11.68,20.28,0.7093,2026-07-28 12:52:46.569729+00:00,2026-07-28 13:37:36.240760+00:00,4,2,bot,2026-07-28,2026-07-28 12:52:46.569729+00:00,46.0,2,34.0
KXITFMATCH-26JUL28HUDPED-PED,KXITFMATCH-26JUL28HUDPED,ITF-M,no,0.0,23.0,23.0,12.0,9.79,0.5284,0.0,23.0,21.79,0.6816000000000009,2026-07-28 12:13:46.010330+00:00,23.0,23.0,0.0,12.0,9.79,0.5284,2026-07-28 10:28:31.671383+00:00,2026-07-28 11:07:42.385872+00:00,5,2,bot,2026-07-28,2026-07-28 10:28:31.671383+00:00,68.0,2,23.0
KXITFMATCH-26JUL28HUELEI-LEI,KXITFMATCH-26JUL28HUELEI,ITF-M,,,,,,,,,,,,,9.0,9.0,0.0,6.209999999999999,5.31,0.1524,2026-07-28 19:56:09.593913+00:00,2026-07-28 20:06:25.139449+00:00,2,1,bot,2026-07-28,2026-07-28 19:56:09.533793+00:00,69.0,1,9.0
KXITFMATCH-26JUL28IANTAB-IAN,KXITFMATCH-26JUL28IANTAB,ITF-M,no,0.0,9.0,9.0,6.12,4.77,0.2941,0.0,9.0,10.89,-2.1841000000000004,2026-07-28 12:23:46.007935+00:00,9.0,9.0,0.0,6.12,4.7700000000000005,0.29410000000000003,2026-07-28 10:38:40.933204+00:00,2026-07-28 11:21:30.334386+00:00,2,1,bot,2026-07-28,2026-07-28 10:38:40.933204+00:00,68.0,1,9.0
KXITFMATCH-26JUL28KAMHOH-HOH,KXITFMATCH-26JUL28KAMHOH,ITF-M,yes,100.0,14.0,14.0,6.16,4.06,0.2415,0.0,14.0,10.219999999999999,3.5385000000000013,2026-07-28 10:19:26.007686+00:00,14.0,14.0,0.0,6.16,4.06,0.2415,2026-07-28 10:09:13.392865+00:00,2026-07-28 10:11:13.871678+00:00,2,1,bot,2026-07-28,2026-07-28 10:09:13.392865+00:00,44.0,1,14.0
KXITFMATCH-26JUL28LESMEN-MEN,KXITFMATCH-26JUL28LESMEN,ITF-M,no,0.0,9.0,9.0,5.67,5.94,0.2884,0.0,9.0,11.61,-2.8983999999999996,2026-07-28 18:43:06.056344+00:00,9.0,9.0,0.0,5.67,5.94,0.2884,2026-07-28 17:25:39.176756+00:00,2026-07-28 18:18:06.550214+00:00,3,1,bot,2026-07-28,2026-07-28 17:25:39.176756+00:00,63.0,1,9.0
KXITFMATCH-26JUL28MAZEDE-EDE,KXITFMATCH-26JUL28MAZEDE,ITF-M,no,0.0,18.0,18.0,6.12,14.4,0.4844,0.0,18.0,20.52,-3.0043999999999995,2026-07-28 17:57:35.956692+00:00,18.0,18.0,0.0,6.12,14.400000000000002,0.4844,2026-07-28 17:04:11.722069+00:00,2026-07-28 17:25:59.750921+00:00,3,1,bot,2026-07-28,2026-07-28 17:04:11.722069+00:00,34.0,1,18.0
KXITFMATCH-26JUL28MECORL-ORL,KXITFMATCH-26JUL28MECORL,ITF-M,yes,100.0,8.0,8.0,5.84,0.4,0.0,0.0,8.0,6.24,1.7599999999999998,2026-07-28 19:02:56.060170+00:00,8.0,8.0,0.0,5.84,0.4,0.0,2026-07-28 17:56:23.315710+00:00,2026-07-28 18:54:05.629515+00:00,2,1,bot,2026-07-28,2026-07-28 17:55:30.264375+00:00,73.0,1,8.0
KXITFMATCH-26JUL28MUNLEC-LEC,KXITFMATCH-26JUL28MUNLEC,ITF-M,no,0.0,8.0,8.0,5.44,3.84,0.2617,0.0,8.0,9.280000000000001,-1.5417000000000012,2026-07-28 13:53:46.005093+00:00,8.0,8.0,0.0,5.44,3.84,0.2617,2026-07-28 13:13:09.466478+00:00,2026-07-28 13:18:29.783230+00:00,2,1,bot,2026-07-28,2026-07-28 13:13:09.466478+00:00,74.0,1,8.0
KXITFMATCH-26JUL28NAGBRA-NAG,KXITFMATCH-26JUL28NAGBRA,ITF-M,yes,100.0,8.0,8.0,5.68,0.4,0.1154,0.0,8.0,6.08,1.8046,2026-07-28 19:22:56.057055+00:00,8.0,8.0,0.0,5.68,0.4,0.1154,2026-07-28 18:33:08.525947+00:00,2026-07-28 18:58:02.513067+00:00,2,1,bot,2026-07-28,2026-07-28 18:30:07.777175+00:00,74.0,2,8.0
KXITFMATCH-26JUL28OBELIS-LIS,KXITFMATCH-26JUL28OBELIS,ITF-M,yes,100.0,11.0,11.0,5.83,1.76,0.1919,0.0,11.0,7.59,3.2181,2026-07-28 11:58:55.955261+00:00,11.0,11.0,0.0,5.83,1.76,0.1919,2026-07-28 10:59:40.577126+00:00,2026-07-28 11:16:00.485593+00:00,2,1,bot,2026-07-28,2026-07-28 10:59:40.577126+00:00,53.0,1,11.0
KXITFMATCH-26JUL28OLIVER-VER,KXITFMATCH-26JUL28OLIVER,ITF-M,,,,,,,,,,,,,10.0,0.0,0.0,6.0,0.0,0.0,2026-07-28 20:03:57.142977+00:00,2026-07-28 20:03:57.142977+00:00,1,1,bot,2026-07-28,2026-07-28 20:03:53.355129+00:00,60.0,1,10.0
KXITFMATCH-26JUL28OSOCHA-OSO,KXITFMATCH-26JUL28OSOCHA,ITF-M,yes,100.0,8.0,8.0,5.92,0.4,0.1078,0.0,8.0,6.32,1.5721999999999996,2026-07-28 19:32:56.005385+00:00,8.0,8.0,0.0,5.92,0.4,0.1078,2026-07-28 18:50:30.537379+00:00,2026-07-28 19:24:04.940003+00:00,2,1,bot,2026-07-28,2026-07-28 18:50:30.537379+00:00,74.0,1,8.0
KXITFMATCH-26JUL28PERMOL-PER,KXITFMATCH-26JUL28PERMOL,ITF-M,no,0.0,10.0,10.0,5.7,6.9,0.3214,0.0,10.0,12.600000000000001,-2.9214000000000016,2026-07-28 11:04:15.957363+00:00,10.0,10.0,0.0,5.699999999999999,6.899999999999999,0.3214,2026-07-28 10:09:14.506762+00:00,2026-07-28 10:27:28.183454+00:00,3,1,bot,2026-07-28,2026-07-28 10:09:14.506762+00:00,57.0,1,10.0
KXITFMATCH-26JUL28PERZAH-ZAH,KXITFMATCH-26JUL28PERZAH,ITF-M,yes,100.0,9.0,9.0,5.76,0.09,0.1452,0.0,9.0,5.85,3.0048000000000004,2026-07-28 16:52:56.005445+00:00,9.0,9.0,0.0,5.76,0.09,0.1452,2026-07-28 15:55:33.502032+00:00,2026-07-28 16:34:15.899294+00:00,2,1,bot,2026-07-28,2026-07-28 15:55:33.502032+00:00,67.0,1,9.0
KXITFMATCH-26JUL28PLUPLA-PLU,KXITFMATCH-26JUL28PLUPLA,ITF-M,yes,100.0,11.0,11.0,5.94,1.65,0.1913,0.0,11.0,7.59,3.2187,2026-07-28 16:37:46.009733+00:00,11.0,11.0,0.0,5.94,1.65,0.1913,2026-07-28 15:32:55.664458+00:00,2026-07-28 16:28:08.134835+00:00,2,1,bot,2026-07-28,2026-07-28 15:32:55.664458+00:00,54.0,1,11.0
KXITFMATCH-26JUL28ROUSTR-STR,KXITFMATCH-26JUL28ROUSTR,ITF-M,yes,100.0,9.0,9.0,6.12,0.45,0.0,0.0,9.0,6.57,2.4299999999999997,2026-07-28 16:47:46.019645+00:00,9.0,9.0,0.0,6.12,0.45,0.0,2026-07-28 16:01:38.188408+00:00,2026-07-28 16:42:14.125469+00:00,2,1,bot,2026-07-28,2026-07-28 16:01:11.707455+00:00,68.0,1,9.0
KXITFMATCH-26JUL28SALFAB-FAB,KXITFMATCH-26JUL28SALFAB,ITF-M,yes,100.0,13.0,13.0,5.98,3.12,0.2261,0.0,13.0,9.100000000000001,3.6738999999999984,2026-07-28 16:32:55.962838+00:00,13.0,13.0,0.0,5.98,3.12,0.2261,2026-07-28 15:32:54.554187+00:00,2026-07-28 16:16:47.828107+00:00,2,1,bot,2026-07-28,2026-07-28 15:32:54.554187+00:00,48.0,1,13.0
KXITFMATCH-26JUL28SARTOF-SAR,KXITFMATCH-26JUL28SARTOF,ITF-M,yes,100.0,10.0,10.0,5.7,6.9,0.3214,0.0,10.0,12.600000000000001,-2.9214000000000016,2026-07-28 12:53:35.965913+00:00,10.0,10.0,0.0,5.699999999999999,6.8999999999999995,0.3214,2026-07-28 10:45:29.821826+00:00,2026-07-28 11:23:31.748260+00:00,2,1,bot,2026-07-28,2026-07-28 10:45:29.821826+00:00,57.0,1,10.0
KXITFMATCH-26JUL28STOBAE-STO,KXITFMATCH-26JUL28STOBAE,ITF-M,,,,,,,,,,,,,8.0,8.0,0.0,5.84,5.28,0.2361,2026-07-28 19:01:31.236599+00:00,2026-07-28 19:29:12.765187+00:00,2,1,bot,2026-07-28,2026-07-28 19:01:31.236599+00:00,73.0,1,8.0
KXITFMATCH-26JUL28TABSPI-SPI,KXITFMATCH-26JUL28TABSPI,ITF-M,no,0.0,28.0,28.0,12.32,23.0,0.4308,0.0,28.0,35.32,-7.7508,2026-07-28 16:47:46.017876+00:00,28.0,28.0,0.0,12.32,23.0,0.4308,2026-07-28 14:02:11.119047+00:00,2026-07-28 16:33:19.159807+00:00,4,2,bot,2026-07-28,2026-07-28 14:02:11.119047+00:00,62.0,2,28.0
KXITFMATCH-26JUL28VANMAT-VAN,KXITFMATCH-26JUL28VANMAT,ITF-M,yes,100.0,9.0,9.0,5.67,0.45,0.1469,0.0,9.0,6.12,2.7331,2026-07-28 10:49:06.005881+00:00,9.0,9.0,0.0,5.67,0.45,0.1469,2026-07-28 09:59:39.813200+00:00,2026-07-28 10:44:49.202475+00:00,2,1,bot,2026-07-28,2026-07-28 09:59:39.813200+00:00,63.0,1,9.0
KXITFMATCH-26JUL28WEIRIS-RIS,KXITFMATCH-26JUL28WEIRIS,ITF-M,no,0.0,41.0,41.0,18.24,17.8,0.8118,0.0,41.0,36.04,4.148200000000001,2026-07-28 15:37:56.010032+00:00,41.0,41.0,0.0,18.240000000000002,17.8,0.8118000000000001,2026-07-28 13:32:08.765254+00:00,2026-07-28 14:55:14.871067+00:00,8,3,bot,2026-07-28,2026-07-28 13:32:08.765254+00:00,40.0,3,41.0
KXITFWMATCH-26JUL25BUCMAL-BUC,KXITFWMATCH-26JUL25BUCMAL,ITF-W,yes,100.0,72.15,72.15,49.0735,12.5557,1.331,0.0,72.15,61.629200000000004,9.189800000000002,2026-07-25 19:52:06.029024+00:00,72.15,72.15,0.0,49.073499999999996,12.5557,1.331,2026-07-25 18:56:39.245443+00:00,2026-07-25 19:44:16.108506+00:00,6,2,manual,2026-07-25,2026-07-25 18:56:39.245443+00:00,99.0,2,72.15
KXITFWMATCH-26JUL25BUCMAL-MAL,KXITFWMATCH-26JUL25BUCMAL,ITF-W,no,0.0,27.93,27.93,10.3689,21.2268,0.7979,0.0,27.93,31.5957,-4.463600000000001,2026-07-25 19:52:06.029024+00:00,27.93,27.93,0.0,10.3689,21.2268,0.7979,2026-07-25 19:05:14.826071+00:00,2026-07-25 19:30:26.954329+00:00,3,2,mixed,2026-07-25,2026-07-25 19:05:14.826071+00:00,99.0,2,27.93
KXITFWMATCH-26JUL25LUXCHA-CHA,KXITFWMATCH-26JUL25LUXCHA,ITF-W,yes,100.0,11.86,11.86,2.8464,1.779,0.2574,0.0,11.86,4.6254,6.9772,2026-07-25 22:22:46.032736+00:00,11.86,11.86,0.0,2.8463999999999996,1.779,0.25739999999999996,2026-07-25 21:54:36.721603+00:00,2026-07-25 22:13:14.792872+00:00,2,1,manual,2026-07-25,2026-07-25 21:54:36.721603+00:00,99.0,1,11.86
KXITFWMATCH-26JUL25LUXCHA-LUX,KXITFWMATCH-26JUL25LUXCHA,ITF-W,no,0.0,9.4,0.0,0.846,0.0,0.054,0.0,0.0,0.846,-0.9,2026-07-25 22:22:46.031530+00:00,9.4,0.0,0.0,0.846,0.0,0.054,2026-07-25 22:18:21.600910+00:00,2026-07-25 22:18:21.600910+00:00,2,2,manual,2026-07-25,2026-07-25 22:18:21.600910+00:00,99.0,1,9.4
KXITFWMATCH-26JUL26MPECHL-MPE,KXITFWMATCH-26JUL26MPECHL,ITF-W,no,0.0,15.24,35.0,9.7536,24.5,0.7604,1976.0,35.0,34.2536,-0.01399999999999868,2026-07-26 14:47:35.959017+00:00,15.24,0.0,35.0,9.7536,0.0,0.7604,2026-07-26 13:58:38.769807+00:00,2026-07-26 14:22:07.536429+00:00,5,1,manual,2026-07-26,2026-07-26 13:58:38.769807+00:00,99.0,2,15.24
KXITFWMATCH-26JUL27ADASYM-ADA,KXITFWMATCH-26JUL27ADASYM,ITF-W,no,0.0,9.0,9.0,6.12,5.31,0.2895,0.0,9.0,11.43,-2.7194999999999996,2026-07-28 03:50:36.018048+00:00,9.0,9.0,0.0,6.12,5.31,0.2895,2026-07-28 02:57:27.219998+00:00,2026-07-28 03:23:05.126266+00:00,2,1,bot,2026-07-27,2026-07-28 02:57:27.219998+00:00,68.0,1,9.0
KXITFWMATCH-26JUL27PAUTRA-PAU,KXITFWMATCH-26JUL27PAUTRA,ITF-W,yes,100.0,9.0,9.0,6.12,0.09,0.1371,0.0,9.0,6.21,2.6529,2026-07-27 10:33:35.954375+00:00,9.0,9.0,0.0,6.12,0.09,0.1371,2026-07-27 09:37:14.887273+00:00,2026-07-27 10:20:43.654122+00:00,2,1,bot,2026-07-27,2026-07-27 09:37:14.887273+00:00,68.0,1,9.0
KXITFWMATCH-26JUL28AGUHAR-AGU,KXITFWMATCH-26JUL28AGUHAR,ITF-W,,,,,,,,,,,,,20.0,20.0,0.0,12.0,13.5,0.6428999999999999,2026-07-28 17:54:14.103800+00:00,2026-07-28 19:12:27.916801+00:00,5,2,bot,2026-07-28,2026-07-28 17:54:14.103800+00:00,59.0,2,20.0
KXITFWMATCH-26JUL28BORNAJ-NAJ,KXITFWMATCH-26JUL28BORNAJ,ITF-W,yes,100.0,10.0,10.0,6.0,0.6,0.0,0.0,10.0,6.6,3.4000000000000004,2026-07-28 13:23:56.005242+00:00,10.0,10.0,0.0,6.0,0.6,0.0,2026-07-28 12:52:48.469548+00:00,2026-07-28 13:16:03.838026+00:00,2,1,bot,2026-07-28,2026-07-28 12:52:47.578655+00:00,60.0,1,10.0
KXITFWMATCH-26JUL28BRODES-BRO,KXITFWMATCH-26JUL28BRODES,ITF-W,yes,100.0,9.0,9.0,6.03,5.85,0.1393,0.0,9.0,11.879999999999999,-3.019299999999999,2026-07-28 18:43:06.068869+00:00,9.0,9.0,0.0,6.03,5.8500000000000005,0.1393,2026-07-28 17:05:25.305832+00:00,2026-07-28 17:38:18.531923+00:00,2,1,bot,2026-07-28,2026-07-28 17:05:25.305832+00:00,68.0,1,9.0
KXITFWMATCH-26JUL28CEXSHA-SHA,KXITFWMATCH-26JUL28CEXSHA,ITF-W,no,0.0,42.0,42.0,12.0,27.92,0.7885,0.0,42.0,39.92,1.2914999999999983,2026-07-28 14:28:16.009501+00:00,42.0,42.0,0.0,12.0,27.92,0.7885,2026-07-28 13:19:15.172110+00:00,2026-07-28 13:57:50.802221+00:00,4,2,bot,2026-07-28,2026-07-28 13:19:15.172110+00:00,38.0,2,42.0
KXITFWMATCH-26JUL28COLKOI-COL,KXITFWMATCH-26JUL28COLKOI,ITF-W,yes,100.0,9.0,9.0,6.21,0.09,0.1348,0.0,9.0,6.3,2.5652000000000004,2026-07-28 20:08:06.013025+00:00,9.0,9.0,0.0,6.209999999999999,0.09,0.1348,2026-07-28 18:58:09.549167+00:00,2026-07-28 19:57:35.505996+00:00,2,1,bot,2026-07-28,2026-07-28 18:58:09.549167+00:00,69.0,1,9.0
KXITFWMATCH-26JUL28DIGMIK-MIK,KXITFWMATCH-26JUL28DIGMIK,ITF-W,no,0.0,8.0,8.0,5.92,5.12,0.2369,0.0,8.0,11.04,-3.276899999999999,2026-07-28 19:27:46.062345+00:00,8.0,8.0,0.0,5.92,5.12,0.2369,2026-07-28 17:58:39.060523+00:00,2026-07-28 19:10:07.130259+00:00,2,1,bot,2026-07-28,2026-07-28 17:58:39.060523+00:00,74.0,1,8.0
KXITFWMATCH-26JUL28FAVSOU-FAV,KXITFWMATCH-26JUL28FAVSOU,ITF-W,yes,100.0,10.0,10.0,5.8,7.6,0.2983,0.0,10.0,13.399999999999999,-3.698299999999999,2026-07-28 14:33:26.009330+00:00,10.0,10.0,0.0,5.8,7.6,0.2983,2026-07-28 14:00:42.273408+00:00,2026-07-28 14:19:54.879648+00:00,2,1,bot,2026-07-28,2026-07-28 14:00:42.273408+00:00,58.0,1,10.0
KXITFWMATCH-26JUL28FAVSOU-SOU,KXITFWMATCH-26JUL28FAVSOU,ITF-W,no,0.0,11.0,11.0,5.83,7.48,0.3596,0.0,11.0,13.31,-2.6696000000000004,2026-07-28 14:33:26.009330+00:00,11.0,11.0,0.0,5.83,7.48,0.3596,2026-07-28 14:26:09.387654+00:00,2026-07-28 14:27:16.717639+00:00,3,1,bot,2026-07-28,2026-07-28 14:26:09.387654+00:00,53.0,1,11.0
KXITFWMATCH-26JUL28GADBAR-GAD,KXITFWMATCH-26JUL28GADBAR,ITF-W,no,0.0,25.0,25.0,6.0,14.5,0.3192,0.0,25.0,20.5,4.1808,2026-07-28 14:53:36.020738+00:00,25.0,25.0,0.0,6.0,14.499999999999998,0.3192,2026-07-28 13:17:09.762258+00:00,2026-07-28 13:46:10.968716+00:00,2,1,bot,2026-07-28,2026-07-28 13:17:09.762258+00:00,25.0,1,25.0
KXITFWMATCH-26JUL28KULFRO-FRO,KXITFWMATCH-26JUL28KULFRO,ITF-W,,,,,,,,,,,,,9.0,9.0,0.0,5.94,5.3999999999999995,0.1512,2026-07-28 19:12:48.470135+00:00,2026-07-28 19:49:12.062771+00:00,2,1,bot,2026-07-28,2026-07-28 19:10:09.623562+00:00,66.0,2,9.0
KXITFWMATCH-26JUL28MAHDRI-DRI,KXITFWMATCH-26JUL28MAHDRI,ITF-W,no,0.0,9.0,9.0,5.76,5.76,0.1452,0.0,9.0,11.52,-2.6651999999999996,2026-07-28 15:08:05.957121+00:00,9.0,9.0,0.0,5.76,5.76,0.1452,2026-07-28 13:38:05.110060+00:00,2026-07-28 15:02:13.623981+00:00,2,1,bot,2026-07-28,2026-07-28 13:38:05.110060+00:00,64.0,1,9.0
KXITFWMATCH-26JUL28MICBER-MIC,KXITFWMATCH-26JUL28MICBER,ITF-W,no,0.0,11.0,11.0,6.05,7.48,0.3582,0.0,11.0,13.530000000000001,-2.888200000000001,2026-07-28 13:53:56.012343+00:00,11.0,11.0,0.0,6.050000000000001,7.48,0.35819999999999996,2026-07-28 12:54:42.542989+00:00,2026-07-28 13:16:28.514119+00:00,2,1,bot,2026-07-28,2026-07-28 12:52:50.856813+00:00,45.0,2,11.0
KXITFWMATCH-26JUL28MUSGAI-MUS,KXITFWMATCH-26JUL28MUSGAI,ITF-W,no,0.0,11.0,11.0,5.94,6.6,0.3761,0.0,11.0,12.54,-1.9160999999999992,2026-07-28 14:33:26.010581+00:00,11.0,11.0,0.0,5.94,6.6,0.3761,2026-07-28 13:25:23.835672+00:00,2026-07-28 14:19:11.062270+00:00,2,1,bot,2026-07-28,2026-07-28 13:25:23.835672+00:00,54.0,1,11.0
KXITFWMATCH-26JUL28NEWHAZ-HAZ,KXITFWMATCH-26JUL28NEWHAZ,ITF-W,yes,100.0,9.0,9.0,5.76,0.09,0.0,0.0,9.0,5.85,3.1500000000000004,2026-07-28 19:18:06.008578+00:00,9.0,9.0,0.0,5.76,0.09,0.0,2026-07-28 18:25:31.037040+00:00,2026-07-28 19:09:07.186758+00:00,2,1,bot,2026-07-28,2026-07-28 18:25:27.285350+00:00,64.0,1,9.0
KXITFWMATCH-26JUL28NIKHAD-NIK,KXITFWMATCH-26JUL28NIKHAD,ITF-W,no,0.0,14.0,14.0,6.02,7.98,0.4804,0.0,14.0,14.0,-0.4804,2026-07-28 13:13:46.004165+00:00,14.0,14.0,0.0,6.02,7.9799999999999995,0.4804,2026-07-28 12:52:49.766582+00:00,2026-07-28 13:02:37.561301+00:00,2,1,bot,2026-07-28,2026-07-28 12:52:49.766582+00:00,43.0,1,14.0
KXITFWMATCH-26JUL28PLOFER-FER,KXITFWMATCH-26JUL28PLOFER,ITF-W,yes,100.0,9.0,9.0,6.03,5.04,0.1553,0.0,9.0,11.07,-2.2253000000000003,2026-07-28 11:29:06.005696+00:00,9.0,9.0,0.0,6.03,5.040000000000001,0.1553,2026-07-28 10:53:32.708963+00:00,2026-07-28 11:02:06.555648+00:00,2,1,bot,2026-07-28,2026-07-28 10:53:09.638191+00:00,67.0,2,9.0
KXITFWMATCH-26JUL28RUTSPI-SPI,KXITFWMATCH-26JUL28RUTSPI,ITF-W,yes,100.0,8.0,8.0,5.92,4.16,0.2476,0.0,8.0,10.08,-2.3276,2026-07-28 15:17:15.962787+00:00,8.0,8.0,0.0,5.92,4.16,0.24760000000000001,2026-07-28 14:01:25.734173+00:00,2026-07-28 14:13:30.142291+00:00,2,1,bot,2026-07-28,2026-07-28 14:01:25.734173+00:00,74.0,1,8.0
KXITFWMATCH-26JUL28SAGLEV-LEV,KXITFWMATCH-26JUL28SAGLEV,ITF-W,no,0.0,64.0,64.0,18.16,53.4,1.234,0.0,64.0,71.56,-8.794000000000002,2026-07-28 15:54:06.012206+00:00,64.0,64.0,0.0,18.16,53.39999999999999,1.234,2026-07-28 14:17:24.443483+00:00,2026-07-28 15:07:49.866574+00:00,7,3,bot,2026-07-28,2026-07-28 14:17:24.443483+00:00,49.0,3,64.0
KXITFWMATCH-26JUL28SAIPER-SAI,KXITFWMATCH-26JUL28SAIPER,ITF-W,,,,,,,,,,,,,8.0,0.0,0.0,5.92,0.0,0.1078,2026-07-28 20:11:35.195331+00:00,2026-07-28 20:11:35.195331+00:00,1,1,bot,2026-07-28,2026-07-28 20:11:35.195331+00:00,74.0,1,8.0
KXITFWMATCH-26JUL28SRAWIR-WIR,KXITFWMATCH-26JUL28SRAWIR,ITF-W,yes,100.0,8.0,8.0,5.68,0.4,0.1154,0.0,8.0,6.08,1.8046,2026-07-28 11:19:26.007464+00:00,8.0,8.0,0.0,5.68,0.4,0.1154,2026-07-28 10:45:31.009125+00:00,2026-07-28 10:55:25.742183+00:00,2,1,bot,2026-07-28,2026-07-28 10:45:31.009125+00:00,74.0,1,8.0
KXITFWMATCH-26JUL28ZAAFRI-FRI,KXITFWMATCH-26JUL28ZAAFRI,ITF-W,yes,100.0,10.0,10.0,6.2,0.4,0.165,0.0,10.0,6.6000000000000005,3.2349999999999994,2026-07-28 11:53:56.009364+00:00,10.0,10.0,0.0,6.2,0.4,0.165,2026-07-28 10:46:09.524355+00:00,2026-07-28 11:35:32.527678+00:00,2,1,bot,2026-07-28,2026-07-28 10:46:09.524355+00:00,62.0,1,10.0
KXITFWMATCH-26JUL28ZHUHRA-ZHU,KXITFWMATCH-26JUL28ZHUHRA,ITF-W,yes,100.0,9.0,9.0,6.03,0.09,0.1393,0.0,9.0,6.12,2.7407,2026-07-28 19:57:55.956966+00:00,9.0,9.0,0.0,6.03,0.09,0.1393,2026-07-28 18:49:11.848201+00:00,2026-07-28 19:36:21.399560+00:00,2,1,bot,2026-07-28,2026-07-28 18:49:11.848201+00:00,69.0,1,9.0
KXMLSGAME-26JUL25PORRSL-TIE,KXMLSGAME-26JUL25PORRSL,OTHER,no,0.0,13.41,0.0,0.9387,0.0,0.0612,0.0,0.0,0.9387,-0.9999,2026-07-26 04:46:56.375251+00:00,13.41,0.0,0.0,0.9387000000000001,0.0,0.0612,2026-07-26 04:28:39.026740+00:00,2026-07-26 04:28:39.026740+00:00,1,1,manual,2026-07-25,2026-07-26 04:28:39.026740+00:00,99.0,1,13.41
KXMVESPORTSMULTIGAMEEXTENDED-S20260CBEE4CBFB7-636B1EC7F4F,KXMVESPORTSMULTIGAMEEXTENDED-S20260CBEE4CBFB7,OTHER,no,0.0,2325.58,0.0,9.30232,0.0,0.64868,0.0,0.0,9.30232,-9.951,2026-07-25 19:06:06.190507+00:00,2325.58,0.0,0.0,9.30232,0.0,0.64868,2026-07-25 18:14:49.673903+00:00,2026-07-25 18:14:49.673903+00:00,1,1,manual,,2026-07-25 18:14:49.673903+00:00,0.0,1,2325.58
KXWTACHALLENGERMATCH-26JUL25PLEWON-WON,KXWTACHALLENGERMATCH-26JUL25PLEWON,Challenger,yes,100.0,33.61,33.61,24.1992,1.3444,0.5648,0.0,33.61,25.5436,7.501599999999998,2026-07-26 05:02:56.015122+00:00,33.61,33.61,0.0,24.199199999999998,1.3444,0.5648,2026-07-26 04:47:10.721900+00:00,2026-07-26 04:53:23.737936+00:00,3,2,manual,2026-07-25,2026-07-26 04:47:10.721900+00:00,99.0,1,33.61
KXWTACHALLENGERMATCH-26JUL25SHIDON-SHI,KXWTACHALLENGERMATCH-26JUL25SHIDON,Challenger,no,0.0,0.0,15.5,0.0,0.93,0.0612,1550.0,15.5,0.93,14.5088,2026-07-26 02:22:56.017363+00:00,0.0,0.0,15.5,0.0,0.0,0.0612,2026-07-26 01:54:09.292760+00:00,2026-07-26 01:54:09.292760+00:00,1,0,bot,2026-07-25,2026-07-26 01:54:09.292760+00:00,6.0,1,0.0
KXWTAMATCH-26JUL26GIBMAR-MAR,KXWTAMATCH-26JUL26GIBMAR,WTA,yes,100.0,9.0,9.0,6.21,0.45,0.0412,0.0,9.0,6.66,2.2988,2026-07-27 23:57:06.016918+00:00,9.0,9.0,0.0,6.209999999999999,0.45,0.0412,2026-07-27 23:22:38.937728+00:00,2026-07-27 23:41:53.795898+00:00,2,1,bot,2026-07-26,2026-07-27 23:22:18.290635+00:00,69.0,1,9.0
KXWTAMATCH-26JUL26HUNJOH-HUN,KXWTAMATCH-26JUL26HUNJOH,WTA,yes,100.0,27.6,27.6,19.596,5.244,0.6954,0.0,27.6,24.84,2.0646000000000013,2026-07-26 23:52:35.976957+00:00,27.6,27.6,0.0,19.596,5.244,0.6954,2026-07-26 23:10:44.571886+00:00,2026-07-26 23:11:49.769037+00:00,6,3,manual,2026-07-26,2026-07-26 23:10:44.571886+00:00,99.0,1,27.6
KXWTAMATCH-26JUL26HUNJOH-JOH,KXWTAMATCH-26JUL26HUNJOH,WTA,no,0.0,124.72,72.5,12.6748,61.625,0.9581,0.0,72.5,74.2998,-2.7579000000000047,2026-07-26 23:52:35.976285+00:00,124.72,72.5,0.0,12.6748,61.625,0.9581000000000001,2026-07-26 23:33:09.106840+00:00,2026-07-26 23:40:16.049081+00:00,3,2,manual,2026-07-26,2026-07-26 23:33:09.106840+00:00,99.0,2,124.72
KXWTAMATCH-26JUL26KASSMI-SMI,KXWTAMATCH-26JUL26KASSMI,WTA,no,0.0,57.19,57.19,24.0198,27.7368,1.8953,0.0,57.19,51.7566,3.538099999999999,2026-07-26 20:42:26.448747+00:00,57.19,57.19,0.0,24.019799999999996,27.736800000000002,1.8953,2026-07-26 19:23:43.551111+00:00,2026-07-26 19:42:20.079550+00:00,6,1,manual,2026-07-26,2026-07-26 19:23:43.551111+00:00,42.0,1,57.19
KXWTAMATCH-26JUL26PRODRE-DRE,KXWTAMATCH-26JUL26PRODRE,WTA,no,0.0,79.1,0.0,18.984,0.0,1.01,0.0,0.0,18.984,-19.994000000000003,2026-07-27 02:32:26.278979+00:00,79.1,0.0,0.0,18.984,0.0,1.01,2026-07-27 01:34:05.288923+00:00,2026-07-27 01:34:05.288923+00:00,2,2,manual,2026-07-26,2026-07-27 01:34:05.288923+00:00,24.0,1,79.1
KXWTAMATCH-26JUL27EALZHE-ZHE,KXWTAMATCH-26JUL27EALZHE,WTA,,,,,,,,,,,,,9.0,9.0,0.0,6.21,5.3999999999999995,0.2861,2026-07-28 18:31:30.972944+00:00,2026-07-28 19:32:53.440769+00:00,3,2,bot,2026-07-27,2026-07-28 18:31:30.972944+00:00,69.0,1,9.0
KXWTAMATCH-26JUL27KRUBOU-BOU,KXWTAMATCH-26JUL27KRUBOU,WTA,no,0.0,25.0,25.0,12.11,11.23,0.5066,0.0,25.0,23.34,1.1534,2026-07-28 01:57:06.250582+00:00,25.0,25.0,0.0,12.11,11.23,0.5065999999999999,2026-07-28 00:48:14.529559+00:00,2026-07-28 01:29:20.612540+00:00,5,2,bot,2026-07-27,2026-07-28 00:48:14.529559+00:00,69.0,2,25.0
KXWTAMATCH-26JUL27SAMKEY-KEY,KXWTAMATCH-26JUL27SAMKEY,WTA,no,0.0,8.0,8.0,5.84,2.4,0.228,0.0,8.0,8.24,-0.4680000000000002,2026-07-28 00:42:16.051297+00:00,8.0,8.0,0.0,5.84,2.4,0.22799999999999998,2026-07-27 23:32:17.562120+00:00,2026-07-28 00:02:07.888608+00:00,2,1,bot,2026-07-27,2026-07-27 23:32:17.562120+00:00,74.0,1,8.0
KXWTAMATCH-26JUL27SIEPRO-PRO,KXWTAMATCH-26JUL27SIEPRO,WTA,yes,100.0,9.0,9.0,5.94,5.58,0.2899,0.0,9.0,11.52,-2.8098999999999994,2026-07-28 01:52:16.333581+00:00,9.0,9.0,0.0,5.94,5.58,0.2899,2026-07-28 00:53:04.784147+00:00,2026-07-28 01:12:03.729769+00:00,2,1,bot,2026-07-27,2026-07-28 00:53:04.784147+00:00,66.0,1,9.0
KXWTAMATCH-26JUL27SONBRA-SON,KXWTAMATCH-26JUL27SONBRA,WTA,yes,100.0,8.0,8.0,5.76,4.0,0.0633,0.0,8.0,9.76,-1.8232999999999997,2026-07-28 17:27:06.062934+00:00,8.0,8.0,0.0,5.76,4.0,0.0633,2026-07-28 16:06:24.878011+00:00,2026-07-28 16:56:04.352887+00:00,2,1,bot,2026-07-27,2026-07-28 16:06:13.757975+00:00,72.0,1,8.0
KXWTAMATCH-26JUL27WANMCC-WAN,KXWTAMATCH-26JUL27WANMCC,WTA,no,0.0,9.0,9.0,6.12,6.75,0.1525,0.0,9.0,12.870000000000001,-4.022500000000001,2026-07-28 18:47:06.072382+00:00,9.0,9.0,0.0,6.12,6.75,0.1525,2026-07-28 16:26:33.202435+00:00,2026-07-28 17:28:55.656331+00:00,2,1,bot,2026-07-27,2026-07-28 16:17:40.195031+00:00,67.0,2,9.0
KXWTAMATCH-26JUL28BUCKUD-BUC,KXWTAMATCH-26JUL28BUCKUD,WTA,no,0.0,9.0,9.0,6.03,5.49,0.2892,0.0,9.0,11.52,-2.8091999999999997,2026-07-28 17:32:25.970882+00:00,9.0,9.0,0.0,6.03,5.49,0.2892,2026-07-28 16:06:11.655061+00:00,2026-07-28 17:03:29.092392+00:00,2,1,bot,2026-07-28,2026-07-28 16:06:11.655061+00:00,67.0,1,9.0
