ticker,pnl,cost,fee,contracts,klass,tier,event,t_entry,entry_c,n_buys
KXATPCHALLENGERMATCH-26JUL25FEAZHE-FEA,6.899299999999991,67.8648,0.8659,75.63,manual,Challenger,KXATPCHALLENGERMATCH-26JUL25FEAZHE,2026-07-25 18:43:18.041408+00:00,99.0,2
KXATPCHALLENGERMATCH-26JUL25MICSUR-MIC,9.614799999999997,50.5553,0.7399,60.91,manual,Challenger,KXATPCHALLENGERMATCH-26JUL25MICSUR,2026-07-25 21:02:04.313710+00:00,99.0,1
KXATPCHALLENGERMATCH-26JUL26BITYIL-YIL,4.228599999999998,11.52,0.2514,16.0,bot,Challenger,KXATPCHALLENGERMATCH-26JUL26BITYIL,2026-07-27 07:44:17.339097+00:00,38.0,1
KXATPCHALLENGERMATCH-26JUL26CHUBOU-CHU,3.4128,9.36,0.2272,13.0,bot,Challenger,KXATPCHALLENGERMATCH-26JUL26CHUBOU,2026-07-28 03:09:30.386630+00:00,48.0,1
KXATPCHALLENGERMATCH-26JUL26MARLAN-LAN,,,,,bot,Challenger,KXATPCHALLENGERMATCH-26JUL26MARLAN,2026-07-28 01:21:21.362020+00:00,71.0,1
KXATPCHALLENGERMATCH-26JUL26MCKFIL-MCK,1.2436999999999994,28.961399999999998,0.6049,30.81,manual,Challenger,KXATPCHALLENGERMATCH-26JUL26MCKFIL,2026-07-26 14:11:45.275764+00:00,99.0,1
KXATPCHALLENGERMATCH-26JUL26SHETOK-SHE,2.2052,6.66,0.1348,9.0,bot,Challenger,KXATPCHALLENGERMATCH-26JUL26SHETOK,2026-07-27 23:15:25.760830+00:00,69.0,1
KXATPCHALLENGERMATCH-26JUL26ZHUSHE-ZHU,1.0878999999999999,19.41,0.5021,21.0,bot,Challenger,KXATPCHALLENGERMATCH-26JUL26ZHUSHE,2026-07-27 23:39:06.139843+00:00,69.0,2
KXATPCHALLENGERMATCH-26JUL26ZINARS-ZIN,2.24,5.76,0.0,8.0,bot,Challenger,KXATPCHALLENGERMATCH-26JUL26ZINARS,2026-07-27 23:15:28.992652+00:00,72.0,1
KXATPCHALLENGERMATCH-26JUL27BASNAK-BAS,-1.3691999999999995,8.19,0.1792,7.0,bot,Challenger,KXATPCHALLENGERMATCH-26JUL27BASNAK,2026-07-27 09:08:43.852109+00:00,84.0,1
KXATPCHALLENGERMATCH-26JUL27BLACOM-COM,-1.6671000000000002,10.530000000000001,0.1371,9.0,bot,Challenger,KXATPCHALLENGERMATCH-26JUL27BLACOM,2026-07-27 08:50:44.108418+00:00,69.0,1
KXATPCHALLENGERMATCH-26JUL27MILVAN-MIL,2.5199999999999996,6.48,0.0,9.0,bot,Challenger,KXATPCHALLENGERMATCH-26JUL27MILVAN,2026-07-28 17:56:08.876018+00:00,67.0,1
KXATPCHALLENGERMATCH-26JUL27POLKOV-POL,1.1816000000000002,5.739999999999999,0.0784,7.0,bot,Challenger,KXATPCHALLENGERMATCH-26JUL27POLKOV,2026-07-27 09:25:12.983626+00:00,80.0,1
KXATPCHALLENGERMATCH-26JUL27SAHTUR-SAH,-0.8602,7.7,0.1602,7.0,bot,Challenger,KXATPCHALLENGERMATCH-26JUL27SAHTUR,2026-07-27 08:51:11.432586+00:00,84.0,1
KXATPCHALLENGERMATCH-26JUL27VRBJAN-VRB,-1.3726999999999996,9.12,0.2527,8.0,bot,Challenger,KXATPCHALLENGERMATCH-26JUL27VRBJAN,2026-07-27 08:48:01.711918+00:00,71.0,1
KXATPCHALLENGERMATCH-26JUL28ADDPOU-ADD,-2.5300000000000002,13.530000000000001,0.0,11.0,bot,Challenger,KXATPCHALLENGERMATCH-26JUL28ADDPOU,2026-07-28 15:54:27.624146+00:00,54.0,1
KXATPCHALLENGERMATCH-26JUL28ALKSIN-ALK,-1.6973999999999996,9.44,0.2574,8.0,bot,Challenger,KXATPCHALLENGERMATCH-26JUL28ALKSIN,2026-07-28 13:01:31.509269+00:00,70.0,1
KXATPCHALLENGERMATCH-26JUL28ARNPIE-PIE,2.6528,6.21,0.1372,9.0,bot,Challenger,KXATPCHALLENGERMATCH-26JUL28ARNPIE,2026-07-28 14:00:44.610948+00:00,66.0,2
KXATPCHALLENGERMATCH-26JUL28FELMAY-FEL,,,,,bot,Challenger,KXATPCHALLENGERMATCH-26JUL28FELMAY,2026-07-28 14:34:37.092252+00:00,67.0,2
KXATPCHALLENGERMATCH-26JUL28GOMCER-GOM,1.7600000000000002,6.24,0.0,8.0,bot,Challenger,KXATPCHALLENGERMATCH-26JUL28GOMCER,2026-07-28 14:44:30.919623+00:00,73.0,1
KXATPCHALLENGERMATCH-26JUL28HOUCAR-CAR,2.9166000000000003,5.9399999999999995,0.1434,9.0,bot,Challenger,KXATPCHALLENGERMATCH-26JUL28HOUCAR,2026-07-28 09:33:39.349756+00:00,65.0,1
KXATPCHALLENGERMATCH-26JUL28KASFER-FER,0.5203000000000003,23.93,0.5497,25.0,bot,Challenger,KXATPCHALLENGERMATCH-26JUL28KASFER,2026-07-28 09:00:41.918111+00:00,66.0,2
KXATPCHALLENGERMATCH-26JUL28KIRINC-INC,1.6496000000000002,6.24,0.1104,8.0,bot,Challenger,KXATPCHALLENGERMATCH-26JUL28KIRINC,2026-07-28 09:06:15.214308+00:00,74.0,1
KXATPCHALLENGERMATCH-26JUL28KRUHEN-HEN,-1.8358999999999994,10.53,0.3059,9.0,bot,Challenger,KXATPCHALLENGERMATCH-26JUL28KRUHEN,2026-07-28 09:00:43.116640+00:00,68.0,1
KXATPCHALLENGERMATCH-26JUL28MAENEU-MAE,2.7407,6.12,0.1393,9.0,bot,Challenger,KXATPCHALLENGERMATCH-26JUL28MAENEU,2026-07-28 15:35:15.966024+00:00,67.0,1
KXATPCHALLENGERMATCH-26JUL28MOLTOP-MOL,,,,,bot,Challenger,KXATPCHALLENGERMATCH-26JUL28MOLTOP,2026-07-28 09:35:06.794024+00:00,67.0,2
KXATPCHALLENGERMATCH-26JUL28MONJOR-MON,,,,,bot,Challenger,KXATPCHALLENGERMATCH-26JUL28MONJOR,2026-07-28 17:53:09.534157+00:00,72.0,1
KXATPCHALLENGERMATCH-26JUL28NIKBAR-NIK,-3.074,11.79,0.284,9.0,bot,Challenger,KXATPCHALLENGERMATCH-26JUL28NIKBAR,2026-07-28 09:26:09.510031+00:00,64.0,1
KXATPCHALLENGERMATCH-26JUL28OLITAB-OLI,1.5722,6.32,0.1078,8.0,bot,Challenger,KXATPCHALLENGERMATCH-26JUL28OLITAB,2026-07-28 13:45:56.422044+00:00,74.0,1
KXATPCHALLENGERMATCH-26JUL28RIBTOR-RIB,-2.9271000000000003,11.79,0.1371,9.0,bot,Challenger,KXATPCHALLENGERMATCH-26JUL28RIBTOR,2026-07-28 09:23:32.812297+00:00,68.0,1
KXATPCHALLENGERMATCH-26JUL28SCHGOM-GOM,2.5652000000000004,6.3,0.1348,9.0,bot,Challenger,KXATPCHALLENGERMATCH-26JUL28SCHGOM,2026-07-28 13:31:09.464361+00:00,69.0,1
KXATPCHALLENGERMATCH-26JUL28SKAFAU-SKA,2.6529,6.21,0.1371,9.0,bot,Challenger,KXATPCHALLENGERMATCH-26JUL28SKAFAU,2026-07-28 09:56:08.495869+00:00,68.0,1
KXATPCHALLENGERMATCH-26JUL28TABSQU-TAB,-5.0566,24.560000000000002,0.4966,20.0,bot,Challenger,KXATPCHALLENGERMATCH-26JUL28TABSQU,2026-07-28 14:09:49.107299+00:00,74.0,2
KXATPCHALLENGERMATCH-26JUL28VRBBAS-BAS,1.8824000000000005,6.0,0.1176,8.0,bot,Challenger,KXATPCHALLENGERMATCH-26JUL28VRBBAS,2026-07-28 10:17:32.209858+00:00,70.0,1
KXATPCHALLENGERMATCH-26JUL28ZHULAN-ZHU,2.34,6.66,0.0,9.0,bot,Challenger,KXATPCHALLENGERMATCH-26JUL28ZHULAN,2026-07-28 18:32:30.132984+00:00,69.0,1
KXATPMATCH-26JUL25BLODAR-BLO,9.1115,1.8887,0.1098,11.11,manual,ATP,KXATPMATCH-26JUL25BLODAR,2026-07-25 21:03:26.612394+00:00,99.0,1
KXATPMATCH-26JUL25BLODAR-DAR,6.751800000000006,82.008,2.3602,91.12,manual,ATP,KXATPMATCH-26JUL25BLODAR,2026-07-25 20:37:31.811537+00:00,99.0,1
KXATPMATCH-26JUL25BOYCLA-CLA,-7.215600000000006,138.4745,3.0211,212.77,manual,ATP,KXATPMATCH-26JUL25BOYCLA,2026-07-26 04:33:50.446268+00:00,99.0,3
KXATPMATCH-26JUL25HEWLAJ-HEW,0.8290999999999951,41.2186,1.2523,43.3,manual,ATP,KXATPMATCH-26JUL25HEWLAJ,2026-07-25 18:35:14.762077+00:00,99.0,2
KXATPMATCH-26JUL25KWONRUB-KWON,2.864499999999999,27.1005,0.485,30.45,manual,ATP,KXATPMATCH-26JUL25KWONRUB,2026-07-26 04:57:23.790210+00:00,99.0,1
KXATPMATCH-26JUL25KWONRUB-RUB,0.9136000000000037,61.1716,0.3348,62.42,manual,ATP,KXATPMATCH-26JUL25KWONRUB,2026-07-26 04:20:19.174160+00:00,99.0,1
KXATPMATCH-26JUL25MAGJOH-JOH,-25.0001,24.57,0.4301,32.76,manual,ATP,KXATPMATCH-26JUL25MAGJOH,2026-07-26 01:48:02.867309+00:00,75.0,1
KXATPMATCH-26JUL25MEJHER-HER,6.433200000000001,24.616799999999998,0.51,31.56,manual,ATP,KXATPMATCH-26JUL25MEJHER,2026-07-26 04:23:23.414215+00:00,99.0,1
KXATPMATCH-26JUL25OCOMAR-OCO,-1.363,1.2915,0.0715,6.15,manual,ATP,KXATPMATCH-26JUL25OCOMAR,2026-07-25 21:31:12.060441+00:00,99.0,1
KXATPMATCH-26JUL25SHEHAR-SHE,9.9769,24.479,0.5141,34.97,manual,ATP,KXATPMATCH-26JUL25SHEHAR,2026-07-25 18:13:45.735815+00:00,99.0,1
KXATPMATCH-26JUL25SVAYME-SVA,14.580200000000007,54.8262,0.8836,70.29,manual,ATP,KXATPMATCH-26JUL25SVAYME,2026-07-25 19:46:19.675692+00:00,99.0,1
KXATPMATCH-26JUL25VANGAS-VAN,6.7772999999999985,28.014499999999998,0.7582,35.55,manual,ATP,KXATPMATCH-26JUL25VANGAS,2026-07-25 17:12:43.258817+00:00,69.0,1
KXATPMATCH-26JUL26DAMSHE-DAM,8.749399999999998,32.255300000000005,0.8853,41.89,manual,ATP,KXATPMATCH-26JUL26DAMSHE,2026-07-26 15:15:41.226464+00:00,99.0,1
KXATPMATCH-26JUL26DAMSHE-SHE,-14.654200000000001,53.234700000000004,1.9495,97.72,manual,ATP,KXATPMATCH-26JUL26DAMSHE,2026-07-26 15:00:56.759142+00:00,99.0,3
KXATPMATCH-26JUL26GIRILA-GIR,2.3472000000000004,16.6926,0.3702,19.41,manual,ATP,KXATPMATCH-26JUL26GIRILA,2026-07-26 18:03:09.466806+00:00,99.0,1
KXATPMATCH-26JUL26GIRILA-ILA,6.966099999999993,96.6644,1.4395,105.07,manual,ATP,KXATPMATCH-26JUL26GIRILA,2026-07-26 16:49:46.946217+00:00,99.0,1
KXATPMATCH-26JUL26MARECH-MAR,7.6399000000000035,49.5051,0.485,57.63,manual,ATP,KXATPMATCH-26JUL26MARECH,2026-07-26 16:50:16.272935+00:00,99.0,2
KXATPMATCH-26JUL26MCDSVA-SVA,2.913600000000001,24.028,0.6584,27.6,manual,ATP,KXATPMATCH-26JUL26MCDSVA,2026-07-26 19:45:52.148665+00:00,99.0,1
KXATPMATCH-26JUL26SVAHEW-SVA,-0.994,0.9715,0.0225,1.45,manual,ATP,KXATPMATCH-26JUL26SVAHEW,2026-07-26 18:18:03.396457+00:00,99.0,1
KXATPMATCH-26JUL27GIRHEW-HEW,3.3499000000000003,6.6,0.0501,10.0,bot,ATP,KXATPMATCH-26JUL27GIRHEW,2026-07-28 19:19:40.160515+00:00,61.0,1
KXATPMATCH-26JUL27MAJPAU-MAJ,6.0142999999999995,12.65,0.3357,19.0,bot,ATP,KXATPMATCH-26JUL27MAJPAU,2026-07-28 16:03:57.403641+00:00,57.0,2
KXATPMATCH-26JUL27MANTIE-MAN,,,,,bot,ATP,KXATPMATCH-26JUL27MANTIE,2026-07-28 18:44:13.750287+00:00,60.0,1
KXATPMATCH-26JUL27NISSHA-SHA,-2.0877999999999997,9.84,0.2478,8.0,bot,ATP,KXATPMATCH-26JUL27NISSHA,2026-07-27 22:18:13.349302+00:00,74.0,1
KXITFMATCH-26JUL25TUDMBI-MBI,-1.9990999999999999,1.888,0.1111,11.8,manual,ITF-M,KXITFMATCH-26JUL25TUDMBI,2026-07-25 22:31:08.142203+00:00,99.0,1
KXITFMATCH-26JUL25TUDMBI-TUD,6.967500000000001,20.2392,0.9033,28.11,manual,ITF-M,KXITFMATCH-26JUL25TUDMBI,2026-07-25 21:55:48.121344+00:00,99.0,1
KXITFMATCH-26JUL26BRUNEC-NEC,-0.755400000000001,36.1053,1.1201,36.47,manual,ITF-M,KXITFMATCH-26JUL26BRUNEC,2026-07-27 05:04:29.566563+00:00,99.0,1
KXITFMATCH-26JUL26CRONAK-CRO,5.1913,14.7042,0.2845,20.18,mixed,ITF-M,KXITFMATCH-26JUL26CRONAK,2026-07-27 05:25:10.281388+00:00,99.0,3
KXITFMATCH-26JUL26DENHOL-DEN,4.4319,24.7212,0.2769,29.43,manual,ITF-M,KXITFMATCH-26JUL26DENHOL,2026-07-26 13:52:34.408888+00:00,99.0,1
KXITFMATCH-26JUL26VISVEN-VEN,24.2608,24.1374,0.8618,49.26,manual,ITF-M,KXITFMATCH-26JUL26VISVEN,2026-07-27 05:03:47.116465+00:00,99.0,1
KXITFMATCH-26JUL26ZAHPER-ZAH,-4.9998000000000005,4.7472,0.2526,19.78,manual,ITF-M,KXITFMATCH-26JUL26ZAHPER,2026-07-26 13:51:45.290070+00:00,99.0,1
KXITFMATCH-26JUL27BALBRE-BAL,1.5685999999999996,7.290000000000001,0.1414,9.0,bot,ITF-M,KXITFMATCH-26JUL27BALBRE,2026-07-27 09:25:40.713722+00:00,68.0,1
KXITFMATCH-26JUL27CAMATK-ATK,3.27,8.52,0.21,12.0,bot,ITF-M,KXITFMATCH-26JUL27CAMATK,2026-07-28 02:50:40.290139+00:00,50.0,1
KXITFMATCH-26JUL27DUHLUT-LUT,2.5311,8.14,0.3289,11.0,bot,ITF-M,KXITFMATCH-26JUL27DUHLUT,2026-07-27 06:21:50.627299+00:00,52.0,1
KXITFMATCH-26JUL27GUABOR-GUA,-1.0922,7.91,0.1822,7.0,bot,ITF-M,KXITFMATCH-26JUL27GUABOR,2026-07-27 09:27:24.815748+00:00,81.0,1
KXITFMATCH-26JUL27JIXKOX-KOX,0.5647999999999991,15.120000000000001,0.3152,16.0,bot,ITF-M,KXITFMATCH-26JUL27JIXKOX,2026-07-27 05:58:11.927642+00:00,83.0,6
KXITFMATCH-26JUL27KOZSEL-KOZ,1.3753999999999997,8.3,0.3246,10.0,bot,ITF-M,KXITFMATCH-26JUL27KOZSEL,2026-07-27 06:24:48.371304+00:00,55.0,1
KXITFMATCH-26JUL27SENKHO-KHO,2.9267000000000003,6.9,0.1733,10.0,bot,ITF-M,KXITFMATCH-26JUL27SENKHO,2026-07-27 06:01:12.294496+00:00,48.0,1
KXITFMATCH-26JUL27TAKKRI-KRI,-2.6728,14.280000000000001,0.3928,12.0,bot,ITF-M,KXITFMATCH-26JUL27TAKKRI,2026-07-27 09:25:37.668190+00:00,52.0,1
KXITFMATCH-26JUL28BELKAR-KAR,2.8286,6.03,0.1414,9.0,bot,ITF-M,KXITFMATCH-26JUL28BELKAR,2026-07-28 10:50:52.723052+00:00,66.0,1
KXITFMATCH-26JUL28BREJAN-BRE,-5.604900000000001,28.89,0.7149,24.0,bot,ITF-M,KXITFMATCH-26JUL28BREJAN,2026-07-28 14:00:39.892181+00:00,69.0,3
KXITFMATCH-26JUL28COCCOM-COM,1.5722,6.32,0.1078,8.0,bot,ITF-M,KXITFMATCH-26JUL28COCCOM,2026-07-28 13:26:08.135156+00:00,74.0,1
KXITFMATCH-26JUL28DHOREC-REC,-3.435199999999999,11.2,0.2352,8.0,bot,ITF-M,KXITFMATCH-26JUL28DHOREC,2026-07-28 15:55:34.605435+00:00,70.0,1
KXITFMATCH-26JUL28DUSFIL-FIL,-2.9352999999999994,11.649999999999999,0.28529999999999994,9.0,bot,ITF-M,KXITFMATCH-26JUL28DUSFIL,2026-07-28 19:33:16.516757+00:00,68.0,1
KXITFMATCH-26JUL28FONORT-FON,1.9200000000000004,6.08,0.0,8.0,bot,ITF-M,KXITFMATCH-26JUL28FONORT,2026-07-28 17:04:13.130332+00:00,71.0,1
KXITFMATCH-26JUL28FRYCOQ-FRY,-2.921700000000001,14.760000000000002,0.1617,12.0,bot,ITF-M,KXITFMATCH-26JUL28FRYCOQ,2026-07-28 12:53:03.818780+00:00,49.0,1
KXITFMATCH-26JUL28FUNSHA-FUN,1.330699999999999,31.96,0.7093,34.0,bot,ITF-M,KXITFMATCH-26JUL28FUNSHA,2026-07-28 12:52:46.569729+00:00,46.0,2
KXITFMATCH-26JUL28HUDPED-PED,0.6816000000000009,21.79,0.5284,23.0,bot,ITF-M,KXITFMATCH-26JUL28HUDPED,2026-07-28 10:28:31.671383+00:00,68.0,2
KXITFMATCH-26JUL28HUELEI-LEI,-2.6723999999999988,11.52,0.1524,9.0,bot,ITF-M,KXITFMATCH-26JUL28HUELEI,2026-07-28 19:56:09.533793+00:00,69.0,1
KXITFMATCH-26JUL28IANTAB-IAN,-2.1840999999999995,10.89,0.2941,9.0,bot,ITF-M,KXITFMATCH-26JUL28IANTAB,2026-07-28 10:38:40.933204+00:00,68.0,1
KXITFMATCH-26JUL28KAMHOH-HOH,3.5385000000000004,10.219999999999999,0.2415,14.0,bot,ITF-M,KXITFMATCH-26JUL28KAMHOH,2026-07-28 10:09:13.392865+00:00,44.0,1
KXITFMATCH-26JUL28LESMEN-MEN,-2.8984000000000005,11.61,0.2884,9.0,bot,ITF-M,KXITFMATCH-26JUL28LESMEN,2026-07-28 17:25:39.176756+00:00,63.0,1
KXITFMATCH-26JUL28MASWRI-MAS,,,,,bot,ITF-M,KXITFMATCH-26JUL28MASWRI,2026-07-28 09:34:02.452534+00:00,69.0,1
KXITFMATCH-26JUL28MAZEDE-EDE,-3.0044000000000013,20.52,0.4844,18.0,bot,ITF-M,KXITFMATCH-26JUL28MAZEDE,2026-07-28 17:04:11.722069+00:00,34.0,1
KXITFMATCH-26JUL28MECORL-ORL,1.7600000000000002,6.24,0.0,8.0,bot,ITF-M,KXITFMATCH-26JUL28MECORL,2026-07-28 17:55:30.264375+00:00,73.0,1
KXITFMATCH-26JUL28MUNLEC-LEC,-1.5417000000000003,9.280000000000001,0.2617,8.0,bot,ITF-M,KXITFMATCH-26JUL28MUNLEC,2026-07-28 13:13:09.466478+00:00,74.0,1
KXITFMATCH-26JUL28NAGBRA-NAG,1.8046000000000004,6.08,0.1154,8.0,bot,ITF-M,KXITFMATCH-26JUL28NAGBRA,2026-07-28 18:30:07.777175+00:00,74.0,2
KXITFMATCH-26JUL28OBELIS-LIS,3.2181,7.59,0.1919,11.0,bot,ITF-M,KXITFMATCH-26JUL28OBELIS,2026-07-28 10:59:40.577126+00:00,53.0,1
KXITFMATCH-26JUL28OLIVER-VER,-6.0,6.0,0.0,10.0,bot,ITF-M,KXITFMATCH-26JUL28OLIVER,2026-07-28 20:03:53.355129+00:00,60.0,1
KXITFMATCH-26JUL28OSOCHA-OSO,1.5722,6.32,0.1078,8.0,bot,ITF-M,KXITFMATCH-26JUL28OSOCHA,2026-07-28 18:50:30.537379+00:00,74.0,1
KXITFMATCH-26JUL28PERMOL-PER,-2.9214000000000007,12.600000000000001,0.3214,10.0,bot,ITF-M,KXITFMATCH-26JUL28PERMOL,2026-07-28 10:09:14.506762+00:00,57.0,1
KXITFMATCH-26JUL28PERZAH-ZAH,3.0048000000000004,5.85,0.1452,9.0,bot,ITF-M,KXITFMATCH-26JUL28PERZAH,2026-07-28 15:55:33.502032+00:00,67.0,1
KXITFMATCH-26JUL28PLUPLA-PLU,3.2186999999999997,7.59,0.1913,11.0,bot,ITF-M,KXITFMATCH-26JUL28PLUPLA,2026-07-28 15:32:55.664458+00:00,54.0,1
KXITFMATCH-26JUL28ROUSTR-STR,2.4299999999999997,6.57,0.0,9.0,bot,ITF-M,KXITFMATCH-26JUL28ROUSTR,2026-07-28 16:01:11.707455+00:00,68.0,1
KXITFMATCH-26JUL28SALFAB-FAB,3.6738999999999993,9.100000000000001,0.2261,13.0,bot,ITF-M,KXITFMATCH-26JUL28SALFAB,2026-07-28 15:32:54.554187+00:00,48.0,1
KXITFMATCH-26JUL28SARTOF-SAR,-2.9214000000000007,12.600000000000001,0.3214,10.0,bot,ITF-M,KXITFMATCH-26JUL28SARTOF,2026-07-28 10:45:29.821826+00:00,57.0,1
KXITFMATCH-26JUL28SCRALB-ALB,,,,,bot,ITF-M,KXITFMATCH-26JUL28SCRALB,2026-07-28 15:32:56.620814+00:00,70.0,1
KXITFMATCH-26JUL28STOBAE-STO,-3.3561,11.120000000000001,0.2361,8.0,bot,ITF-M,KXITFMATCH-26JUL28STOBAE,2026-07-28 19:01:31.236599+00:00,73.0,1
KXITFMATCH-26JUL28TABSPI-SPI,-7.7508,35.32,0.4308,28.0,bot,ITF-M,KXITFMATCH-26JUL28TABSPI,2026-07-28 14:02:11.119047+00:00,62.0,2
KXITFMATCH-26JUL28VANMAT-VAN,2.7331,6.12,0.1469,9.0,bot,ITF-M,KXITFMATCH-26JUL28VANMAT,2026-07-28 09:59:39.813200+00:00,63.0,1
KXITFMATCH-26JUL28WEIRIS-RIS,4.148200000000001,36.04,0.8118,41.0,bot,ITF-M,KXITFMATCH-26JUL28WEIRIS,2026-07-28 13:32:08.765254+00:00,40.0,3
KXITFWMATCH-26JUL25BUCMAL-BUC,9.189800000000004,61.629200000000004,1.331,72.15,manual,ITF-W,KXITFWMATCH-26JUL25BUCMAL,2026-07-25 18:56:39.245443+00:00,99.0,2
KXITFWMATCH-26JUL25BUCMAL-MAL,-4.463600000000001,31.5957,0.7979,27.93,manual,ITF-W,KXITFWMATCH-26JUL25BUCMAL,2026-07-25 19:05:14.826071+00:00,99.0,2
KXITFWMATCH-26JUL25LUXCHA-CHA,6.977200000000001,4.6254,0.2574,11.86,manual,ITF-W,KXITFWMATCH-26JUL25LUXCHA,2026-07-25 21:54:36.721603+00:00,99.0,1
KXITFWMATCH-26JUL25LUXCHA-LUX,-0.9,0.846,0.054,9.4,manual,ITF-W,KXITFWMATCH-26JUL25LUXCHA,2026-07-25 22:18:21.600910+00:00,99.0,1
KXITFWMATCH-26JUL26MPECHL-MPE,-0.01399999999999868,34.2536,0.7604,15.24,manual,ITF-W,KXITFWMATCH-26JUL26MPECHL,2026-07-26 13:58:38.769807+00:00,99.0,2
KXITFWMATCH-26JUL27ADASYM-ADA,-2.7194999999999996,11.43,0.2895,9.0,bot,ITF-W,KXITFWMATCH-26JUL27ADASYM,2026-07-28 02:57:27.219998+00:00,68.0,1
KXITFWMATCH-26JUL27PAUTRA-PAU,2.6529,6.21,0.1371,9.0,bot,ITF-W,KXITFWMATCH-26JUL27PAUTRA,2026-07-27 09:37:14.887273+00:00,68.0,1
KXITFWMATCH-26JUL28AGUHAR-AGU,-6.1429,25.5,0.6428999999999999,20.0,bot,ITF-W,KXITFWMATCH-26JUL28AGUHAR,2026-07-28 17:54:14.103800+00:00,59.0,2
KXITFWMATCH-26JUL28ANGCRO-CRO,,,,,bot,ITF-W,KXITFWMATCH-26JUL28ANGCRO,2026-07-28 18:34:34.026926+00:00,66.0,1
KXITFWMATCH-26JUL28BORNAJ-NAJ,3.4,6.6,0.0,10.0,bot,ITF-W,KXITFWMATCH-26JUL28BORNAJ,2026-07-28 12:52:47.578655+00:00,60.0,1
KXITFWMATCH-26JUL28BRODES-BRO,-3.0193,11.879999999999999,0.1393,9.0,bot,ITF-W,KXITFWMATCH-26JUL28BRODES,2026-07-28 17:05:25.305832+00:00,68.0,1
KXITFWMATCH-26JUL28CEXSHA-SHA,1.2914999999999983,39.92,0.7885,42.0,bot,ITF-W,KXITFWMATCH-26JUL28CEXSHA,2026-07-28 13:19:15.172110+00:00,38.0,2
KXITFWMATCH-26JUL28COLKOI-COL,2.5652000000000004,6.3,0.1348,9.0,bot,ITF-W,KXITFWMATCH-26JUL28COLKOI,2026-07-28 18:58:09.549167+00:00,69.0,1
KXITFWMATCH-26JUL28DIGMIK-MIK,-3.2769,11.04,0.2369,8.0,bot,ITF-W,KXITFWMATCH-26JUL28DIGMIK,2026-07-28 17:58:39.060523+00:00,74.0,1
KXITFWMATCH-26JUL28FAVSOU-FAV,-3.6982999999999997,13.399999999999999,0.2983,10.0,bot,ITF-W,KXITFWMATCH-26JUL28FAVSOU,2026-07-28 14:00:42.273408+00:00,58.0,1
KXITFWMATCH-26JUL28FAVSOU-SOU,-2.6696000000000004,13.31,0.3596,11.0,bot,ITF-W,KXITFWMATCH-26JUL28FAVSOU,2026-07-28 14:26:09.387654+00:00,53.0,1
KXITFWMATCH-26JUL28GADBAR-GAD,4.1808,20.5,0.3192,25.0,bot,ITF-W,KXITFWMATCH-26JUL28GADBAR,2026-07-28 13:17:09.762258+00:00,25.0,1
KXITFWMATCH-26JUL28KULFRO-FRO,-2.4912,11.34,0.1512,9.0,bot,ITF-W,KXITFWMATCH-26JUL28KULFRO,2026-07-28 19:10:09.623562+00:00,66.0,2
KXITFWMATCH-26JUL28MAHDRI-DRI,-2.6651999999999996,11.52,0.1452,9.0,bot,ITF-W,KXITFWMATCH-26JUL28MAHDRI,2026-07-28 13:38:05.110060+00:00,64.0,1
KXITFWMATCH-26JUL28MICBER-MIC,-2.8882000000000003,13.530000000000001,0.3582,11.0,bot,ITF-W,KXITFWMATCH-26JUL28MICBER,2026-07-28 12:52:50.856813+00:00,45.0,2
KXITFWMATCH-26JUL28MUSGAI-MUS,-1.9161000000000001,12.54,0.3761,11.0,bot,ITF-W,KXITFWMATCH-26JUL28MUSGAI,2026-07-28 13:25:23.835672+00:00,54.0,1
KXITFWMATCH-26JUL28NEWHAZ-HAZ,3.1500000000000004,5.85,0.0,9.0,bot,ITF-W,KXITFWMATCH-26JUL28NEWHAZ,2026-07-28 18:25:27.285350+00:00,64.0,1
KXITFWMATCH-26JUL28NIKHAD-NIK,-0.4804,14.0,0.4804,14.0,bot,ITF-W,KXITFWMATCH-26JUL28NIKHAD,2026-07-28 12:52:49.766582+00:00,43.0,1
KXITFWMATCH-26JUL28PLOFER-FER,-2.2253000000000003,11.07,0.1553,9.0,bot,ITF-W,KXITFWMATCH-26JUL28PLOFER,2026-07-28 10:53:09.638191+00:00,67.0,2
KXITFWMATCH-26JUL28RUTSPI-SPI,-2.3276,10.08,0.2476,8.0,bot,ITF-W,KXITFWMATCH-26JUL28RUTSPI,2026-07-28 14:01:25.734173+00:00,74.0,1
KXITFWMATCH-26JUL28SAGLEV-LEV,-8.793999999999995,71.56,1.234,64.0,bot,ITF-W,KXITFWMATCH-26JUL28SAGLEV,2026-07-28 14:17:24.443483+00:00,49.0,3
KXITFWMATCH-26JUL28SAIPER-SAI,1.9722,5.92,0.1078,8.0,bot,ITF-W,KXITFWMATCH-26JUL28SAIPER,2026-07-28 20:11:35.195331+00:00,74.0,1
KXITFWMATCH-26JUL28SRAWIR-WIR,1.8046000000000004,6.08,0.1154,8.0,bot,ITF-W,KXITFWMATCH-26JUL28SRAWIR,2026-07-28 10:45:31.009125+00:00,74.0,1
KXITFWMATCH-26JUL28ZAAFRI-FRI,3.235,6.6000000000000005,0.165,10.0,bot,ITF-W,KXITFWMATCH-26JUL28ZAAFRI,2026-07-28 10:46:09.524355+00:00,62.0,1
KXITFWMATCH-26JUL28ZHUHRA-ZHU,2.7407,6.12,0.1393,9.0,bot,ITF-W,KXITFWMATCH-26JUL28ZHUHRA,2026-07-28 18:49:11.848201+00:00,69.0,1
KXWTACHALLENGERMATCH-26JUL25PLEWON-WON,7.501599999999998,25.5436,0.5648,33.61,manual,Challenger,KXWTACHALLENGERMATCH-26JUL25PLEWON,2026-07-26 04:47:10.721900+00:00,99.0,1
KXWTACHALLENGERMATCH-26JUL25SHIDON-SHI,14.5088,0.93,0.0612,0.0,manual,Challenger,KXWTACHALLENGERMATCH-26JUL25SHIDON,2026-07-26 01:54:09.292760+00:00,6.0,1
KXWTAMATCH-26JUL26GIBMAR-MAR,2.2988,6.66,0.0412,9.0,bot,WTA,KXWTAMATCH-26JUL26GIBMAR,2026-07-27 23:22:18.290635+00:00,69.0,1
KXWTAMATCH-26JUL26HUNJOH-HUN,2.0646000000000013,24.84,0.6954,27.6,manual,WTA,KXWTAMATCH-26JUL26HUNJOH,2026-07-26 23:10:44.571886+00:00,99.0,1
KXWTAMATCH-26JUL26HUNJOH-JOH,-2.7578999999999976,74.2998,0.9581,124.72,manual,WTA,KXWTAMATCH-26JUL26HUNJOH,2026-07-26 23:33:09.106840+00:00,99.0,2
KXWTAMATCH-26JUL26KASSMI-SMI,3.5380999999999956,51.7566,1.8953,57.19,manual,WTA,KXWTAMATCH-26JUL26KASSMI,2026-07-26 19:23:43.551111+00:00,42.0,1
KXWTAMATCH-26JUL26PRODRE-DRE,-19.994000000000003,18.984,1.01,79.1,manual,WTA,KXWTAMATCH-26JUL26PRODRE,2026-07-27 01:34:05.288923+00:00,24.0,1
KXWTAMATCH-26JUL27EALZHE-ZHE,-2.8960999999999997,11.61,0.2861,9.0,bot,WTA,KXWTAMATCH-26JUL27EALZHE,2026-07-28 18:31:30.972944+00:00,69.0,1
KXWTAMATCH-26JUL27KRUBOU-BOU,1.1534,23.34,0.5066,25.0,bot,WTA,KXWTAMATCH-26JUL27KRUBOU,2026-07-28 00:48:14.529559+00:00,69.0,2
KXWTAMATCH-26JUL27SAMKEY-KEY,-0.46799999999999975,8.24,0.228,8.0,bot,WTA,KXWTAMATCH-26JUL27SAMKEY,2026-07-27 23:32:17.562120+00:00,74.0,1
KXWTAMATCH-26JUL27SIEPRO-PRO,-2.8099000000000003,11.52,0.2899,9.0,bot,WTA,KXWTAMATCH-26JUL27SIEPRO,2026-07-28 00:53:04.784147+00:00,66.0,1
KXWTAMATCH-26JUL27SONBRA-SON,-1.8232999999999997,9.76,0.0633,8.0,bot,WTA,KXWTAMATCH-26JUL27SONBRA,2026-07-28 16:06:13.757975+00:00,72.0,1
KXWTAMATCH-26JUL27WANMCC-WAN,-4.0225,12.870000000000001,0.1525,9.0,bot,WTA,KXWTAMATCH-26JUL27WANMCC,2026-07-28 16:17:40.195031+00:00,67.0,2
KXWTAMATCH-26JUL28BUCKUD-BUC,-2.8092000000000006,11.52,0.2892,9.0,bot,WTA,KXWTAMATCH-26JUL28BUCKUD,2026-07-28 16:06:11.655061+00:00,67.0,1
