ticker,event,tournament,entry_ts,exit_ts,entry,exit,contracts,spread,reason,gross,fees,net
KXATPMATCH-26JUN29QUIDAR-QUI,KXATPMATCH-26JUN29QUIDAR,ATP,1782494040,1782748560,61.0,93.0,9,2.000000000000007,target,2.88,0.2,2.6799999999999997
KXATPMATCH-26JUN29HUMBER-HUM,KXATPMATCH-26JUN29HUMBER,ATP,1782579300,1782826920,72.0,33.0,7,2.0,stop,-2.73,0.21000000000000002,-2.94
KXATPMATCH-26JUN29KYPMCD-MCD,KXATPMATCH-26JUN29KYPMCD,ATP,1782594840,1782831780,73.0,34.0,7,2.0,stop,-2.73,0.21000000000000002,-2.94
KXWTAMATCH-26JUN29HADTIM-TIM,KXWTAMATCH-26JUN29HADTIM,WTA,1782669720,1782828480,73.0,94.0,7,1.0,target,1.47,0.13,1.3399999999999999
KXATPCHALLENGERMATCH-26JUN29BOUHAR-HAR,KXATPCHALLENGERMATCH-26JUN29BOUHAR,Challenger,1782748620,1782751380,63.0,94.0,8,2.0,target,2.48,0.18000000000000002,2.3
KXATPMATCH-26JUN29JACGAU-JAC,KXATPMATCH-26JUN29JACGAU,ATP,1782751500,1782828300,70.0,94.0,7,1.0,target,1.68,0.14,1.54
KXATPCHALLENGERMATCH-26JUN30CHAZAH-CHA,KXATPCHALLENGERMATCH-26JUN30CHAZAH,Challenger,1782827940,1782831180,69.0,98.0,7,1.0,target,2.03,0.12,1.9099999999999997
KXATPCHALLENGERMATCH-26JUN30ROCBAS-ROC,KXATPCHALLENGERMATCH-26JUN30ROCBAS,Challenger,1782828360,1782836520,69.0,40.0,7,3.0,stop,-2.03,0.22999999999999998,-2.26
KXATPCHALLENGERMATCH-26JUN30BONMON-MON,KXATPCHALLENGERMATCH-26JUN30BONMON,Challenger,1782828540,1782832320,67.0,98.0,8,2.0,target,2.48,0.15,2.33
KXATPCHALLENGERMATCH-26JUN30LAGCOU-LAG,KXATPCHALLENGERMATCH-26JUN30LAGCOU,Challenger,1782831240,1782833100,67.0,39.0,8,2.0,stop,-2.24,0.27,-2.5100000000000002
KXATPCHALLENGERMATCH-26JUN30ROMCEC-ROM,KXATPCHALLENGERMATCH-26JUN30ROMCEC,Challenger,1782831840,1782833400,69.0,40.0,7,1.0,stop,-2.03,0.22999999999999998,-2.26
KXWTAMATCH-26JUN29RUSMCC-RUS,KXWTAMATCH-26JUN29RUSMCC,WTA,1782833100,1782835920,65.0,38.0,8,1.0,stop,-2.16,0.27,-2.43
KXWTAMATCH-26JUL01SINBAR-SIN,KXWTAMATCH-26JUL01SINBAR,WTA,1782833340,1782918840,65.0,38.0,8,1.0,stop,-2.16,0.27,-2.43
KXATPMATCH-26JUN29HUMBER-HUM,KXATPMATCH-26JUN29HUMBER,ATP,1782833580,1782834600,64.0,25.0,8,2.0,stop,-3.12,0.24,-3.3600000000000003
KXATPCHALLENGERMATCH-26JUN30GOMMON-MON,KXATPCHALLENGERMATCH-26JUN30GOMMON,Challenger,1782834660,1782839880,76.0,98.0,7,1.0,target,1.54,0.09999999999999999,1.44
KXATPCHALLENGERMATCH-26JUN30VASWEH-WEH,KXATPCHALLENGERMATCH-26JUN30VASWEH,Challenger,1782836820,1782837540,75.0,44.0,7,1.0,stop,-2.17,0.23,-2.4
KXATPMATCH-26JUN29MENSAM-SAM,KXATPMATCH-26JUN29MENSAM,ATP,1782836880,1782837480,75.0,44.0,7,1.0,stop,-2.17,0.23,-2.4
KXWTAMATCH-26JUL02PAOGOL-PAO,KXWTAMATCH-26JUL02PAOGOL,WTA,1782838380,1783014240,63.0,37.0,8,2.0,stop,-2.08,0.28,-2.3600000000000003
KXATPCHALLENGERMATCH-26JUN30OSOBER-OSO,KXATPCHALLENGERMATCH-26JUN30OSOBER,Challenger,1782840240,1782841500,72.0,98.0,7,2.0,target,1.82,0.11,1.71
KXATPCHALLENGERMATCH-26JUN30WOLHAR-WOL,KXATPCHALLENGERMATCH-26JUN30WOLHAR,Challenger,1782843060,1782847860,68.0,40.0,8,1.0,stop,-2.24,0.27,-2.5100000000000002
KXATPCHALLENGERMATCH-26JUN30ANDMEL-MEL,KXATPCHALLENGERMATCH-26JUN30ANDMEL,Challenger,1782847860,1782850140,62.0,93.0,8,1.0,target,2.48,0.18000000000000002,2.3
KXWTAMATCH-26JUL02RAKSAK-SAK,KXWTAMATCH-26JUL02RAKSAK,WTA,1782848400,1783011420,66.0,39.0,8,2.0,stop,-2.16,0.27,-2.43
KXATPMATCH-26JUL02FERVIR-VIR,KXATPMATCH-26JUL02FERVIR,ATP,1782851340,1782988260,62.0,36.0,8,3.000000000000007,stop,-2.08,0.27,-2.35
KXATPMATCH-26JUL01MOCQUI-QUI,KXATPMATCH-26JUL01MOCQUI,ATP,1782918900,1782919620,71.0,42.0,7,1.0,stop,-2.03,0.22999999999999998,-2.26
KXATPCHALLENGERMATCH-26JUL01RINERH-RIN,KXATPCHALLENGERMATCH-26JUL01RINERH,Challenger,1782919920,1782923640,69.0,100.0,7,3.0,settlement,2.17,0.11,2.06
KXATPMATCH-26JUL02BERFIL-FIL,KXATPMATCH-26JUL02BERFIL,ATP,1782923700,1783006560,70.0,41.0,7,1.0,stop,-2.03,0.22999999999999998,-2.26
KXATPCHALLENGERMATCH-26JUL02COUVAS-VAS,KXATPCHALLENGERMATCH-26JUL02COUVAS,Challenger,1782988320,1782995520,65.0,38.0,8,3.0,stop,-2.16,0.27,-2.43
KXATPMATCH-26JUL02KHAHAN-KHA,KXATPMATCH-26JUL02KHAHAN,ATP,1782995580,1783010940,63.0,95.0,8,1.0,target,2.56,0.17,2.39
KXATPMATCH-26JUL02MENDIM-MEN,KXATPMATCH-26JUL02MENDIM,ATP,1783006620,1783014600,63.0,37.0,8,1.0,stop,-2.08,0.28,-2.3600000000000003
KXWTAMATCH-26JUL02MERTIM-TIM,KXWTAMATCH-26JUL02MERTIM,WTA,1783011000,1783012380,68.0,40.0,8,1.0,stop,-2.24,0.27,-2.5100000000000002
KXWTAMATCH-26JUL02CIRBIR-CIR,KXWTAMATCH-26JUL02CIRBIR,WTA,1783011480,1783016580,69.0,98.0,7,1.0,target,2.03,0.12,1.9099999999999997
KXWTAMATCH-26JUL03ALEJOV-JOV,KXWTAMATCH-26JUL03ALEJOV,WTA,1783012500,1783088700,67.0,39.0,8,1.0,stop,-2.24,0.27,-2.5100000000000002
KXATPMATCH-26JUL02TIACHO-TIA,KXATPMATCH-26JUL02TIACHO,ATP,1783014360,1783020240,71.0,98.0,7,1.0,target,1.8900000000000001,0.12,1.77
KXATPMATCH-26JUL03HURPAU-PAU,KXATPMATCH-26JUL03HURPAU,ATP,1783014720,1783095180,67.0,39.0,8,1.0,stop,-2.24,0.27,-2.5100000000000002
KXATPMATCH-26JUL02MENDIM-MEN,KXATPMATCH-26JUL02MENDIM,ATP,1783016640,1783019760,70.0,41.0,7,1.0,stop,-2.03,0.22999999999999998,-2.26
KXWTAMATCH-26JUL03BARKRE-KRE,KXWTAMATCH-26JUL03BARKRE,WTA,1783019820,1783099800,66.0,98.0,8,1.0,target,2.56,0.15,2.41
KXATPCHALLENGERMATCH-26JUL03BASCEC-CEC,KXATPCHALLENGERMATCH-26JUL03BASCEC,Challenger,1783030860,1783080480,67.0,98.0,8,3.0,target,2.48,0.15,2.33
KXATPCHALLENGERMATCH-26JUL03KENWAT-WAT,KXATPCHALLENGERMATCH-26JUL03KENWAT,Challenger,1783081020,1783088760,65.0,98.0,8,2.0,target,2.64,0.15,2.49
KXATPCHALLENGERMATCH-26JUL03HARSHI-SHI,KXATPCHALLENGERMATCH-26JUL03HARSHI,Challenger,1783088760,1783127160,66.0,98.0,8,1.0,target,2.56,0.15,2.41
KXWTAMATCH-26JUL04ANIKEY-KEY,KXWTAMATCH-26JUL04ANIKEY,WTA,1783088880,1783180200,61.0,36.0,9,1.0,stop,-2.25,0.3,-2.55
KXWTAMATCH-26JUL05PEGJOV-PEG,KXWTAMATCH-26JUL05PEGJOV,WTA,1783096440,1783256040,69.0,40.0,7,3.0,stop,-2.03,0.22999999999999998,-2.26
KXATPCHALLENGERMATCH-26JUL03MELPAC-PAC,KXATPCHALLENGERMATCH-26JUL03MELPAC,Challenger,1783100040,1783100220,51.0,30.0,10,1.0,stop,-2.1,0.32999999999999996,-2.43
KXATPCHALLENGERMATCH-26JUL03WINMAN-WIN,KXATPCHALLENGERMATCH-26JUL03WINMAN,Challenger,1783100760,1783132500,66.0,98.0,8,1.0,target,2.56,0.15,2.41
KXWTAMATCH-26JUL05SABOSA-SAB,KXWTAMATCH-26JUL05SABOSA,WTA,1783129380,1783270320,69.0,40.0,7,1.0,stop,-2.03,0.22999999999999998,-2.26
KXATPCHALLENGERMATCH-26JUL04KASPIR-PIR,KXATPCHALLENGERMATCH-26JUL04KASPIR,Challenger,1783134240,1783166640,67.0,39.0,8,1.0,stop,-2.24,0.27,-2.5100000000000002
KXATPMATCH-26JUL04KHACOB-KHA,KXATPMATCH-26JUL04KHACOB,ATP,1783166700,1783175700,61.0,36.0,9,1.0,stop,-2.25,0.3,-2.55
KXWTAMATCH-26JUL05MUCKRE-MUC,KXWTAMATCH-26JUL05MUCKRE,WTA,1783175820,1783261020,61.0,93.0,9,1.0,target,2.88,0.2,2.6799999999999997
KXWTAMATCH-26JUL04CIRNOS-NOS,KXWTAMATCH-26JUL04CIRNOS,WTA,1783180260,1783181520,84.0,49.0,6,1.0,stop,-2.0999999999999996,0.16999999999999998,-2.2699999999999996
KXWTAMATCH-26JUL04ANIKEY-KEY,KXWTAMATCH-26JUL04ANIKEY,WTA,1783182000,1783183920,61.0,93.0,9,1.0,target,2.88,0.2,2.6799999999999997
KXATPMATCH-26JUL04TIABUB-TIA,KXATPMATCH-26JUL04TIABUB,ATP,1783185720,1783190880,67.0,39.0,8,1.0,stop,-2.24,0.27,-2.5100000000000002
KXATPCHALLENGERMATCH-26JUL04HERPDA-PDA,KXATPCHALLENGERMATCH-26JUL04HERPDA,Challenger,1783191420,1783194780,69.0,98.0,7,1.0,target,2.03,0.12,1.9099999999999997
KXATPMATCH-26JUL04DIMBER-DIM,KXATPMATCH-26JUL04DIMBER,ATP,1783195440,1783196520,73.0,43.0,7,1.0,stop,-2.1,0.23,-2.33
KXATPMATCH-26JUL04DIMBER-DIM,KXATPMATCH-26JUL04DIMBER,ATP,1783197540,1783198440,86.0,97.0,6,2.0,target,0.66,0.08,0.5800000000000001
KXATPCHALLENGERMATCH-26JUL05DIACEC-DIA,KXATPCHALLENGERMATCH-26JUL05DIACEC,Challenger,1783200060,1783247160,68.0,29.0,8,3.0,stop,-3.12,0.25,-3.37
KXATPMATCH-26JUL06FRIBUB-FRI,KXATPMATCH-26JUL06FRIBUB,ATP,1783247460,1783363560,67.0,98.0,8,1.0,target,2.48,0.15,2.33
KXATPCHALLENGERMATCH-26JUL05PDACAS-PDA,KXATPCHALLENGERMATCH-26JUL05PDACAS,Challenger,1783256340,1783272000,63.0,37.0,8,1.0,stop,-2.08,0.28,-2.3600000000000003
KXATPCHALLENGERMATCH-26JUL05RAMNEU-NEU,KXATPCHALLENGERMATCH-26JUL05RAMNEU,Challenger,1783261080,1783262820,64.0,98.0,8,3.0,target,2.72,0.15,2.5700000000000003
KXWTAMATCH-26JUL05MUCKRE-MUC,KXWTAMATCH-26JUL05MUCKRE,WTA,1783262940,1783265220,63.0,97.0,8,1.0,target,2.72,0.16,2.56
KXATPCHALLENGERMATCH-26JUL05PRICOU-COU,KXATPCHALLENGERMATCH-26JUL05PRICOU,Challenger,1783265700,1783267020,69.0,95.0,7,1.0,target,1.82,0.14,1.6800000000000002
KXATPMATCH-26JUL05AUGDAV-DAV,KXATPMATCH-26JUL05AUGDAV,ATP,1783267080,1783270140,65.0,38.0,8,1.0,stop,-2.16,0.27,-2.43
KXATPCHALLENGERMATCH-26JUL05CIZCAZ-CIZ,KXATPCHALLENGERMATCH-26JUL05CIZCAZ,Challenger,1783270200,1783271940,64.0,97.0,8,1.0,target,2.64,0.15,2.49
KXATPCHALLENGERMATCH-26JUL05BINPOL-BIN,KXATPCHALLENGERMATCH-26JUL05BINPOL,Challenger,1783271460,1783273620,72.0,33.0,7,1.0,stop,-2.73,0.21000000000000002,-2.94
KXATPCHALLENGERMATCH-26JUL05ELLJOH-JOH,KXATPCHALLENGERMATCH-26JUL05ELLJOH,Challenger,1783272660,1783275600,60.0,93.0,9,1.0,target,2.97,0.21000000000000002,2.7600000000000002
KXATPCHALLENGERMATCH-26JUL05GANZIN-ZIN,KXATPCHALLENGERMATCH-26JUL05GANZIN,Challenger,1783272900,1783274100,81.0,94.0,6,2.0,target,0.78,0.1,0.68
KXATPCHALLENGERMATCH-26JUL05PDACAS-PDA,KXATPCHALLENGERMATCH-26JUL05PDACAS,Challenger,1783275000,1783277160,60.0,93.0,9,1.0,target,2.97,0.21000000000000002,2.7600000000000002
KXATPCHALLENGERMATCH-26JUL05MORMAR-MOR,KXATPCHALLENGERMATCH-26JUL05MORMAR,Challenger,1783275840,1783279200,66.0,100.0,8,1.0,settlement,2.72,0.13,2.5900000000000003
KXATPCHALLENGERMATCH-26JUL05NUNCLA-CLA,KXATPCHALLENGERMATCH-26JUL05NUNCLA,Challenger,1783277340,1783281420,66.0,97.0,8,1.0,target,2.48,0.15,2.33
KXATPCHALLENGERMATCH-26JUL05IMAMIL-MIL,KXATPCHALLENGERMATCH-26JUL05IMAMIL,Challenger,1783278480,1783282620,71.0,98.0,7,1.0,target,1.8900000000000001,0.12,1.77
KXWTAMATCH-26JUL05BENGAU-GAU,KXWTAMATCH-26JUL05BENGAU,WTA,1783280820,1783282920,67.0,39.0,8,3.000000000000007,stop,-2.24,0.27,-2.5100000000000002
KXATPCHALLENGERMATCH-26JUL05VILPER-PER,KXATPCHALLENGERMATCH-26JUL05VILPER,Challenger,1783285020,1783285620,74.0,95.0,7,1.0,target,1.47,0.13,1.3399999999999999
KXWTAMATCH-26JUL05BENGAU-GAU,KXWTAMATCH-26JUL05BENGAU,WTA,1783285860,1783288680,58.99999999999999,94.0,9,1.0,target,3.150000000000001,0.2,2.9500000000000006
KXATPCHALLENGERMATCH-26JUL05SEKMAL-MAL,KXATPCHALLENGERMATCH-26JUL05SEKMAL,Challenger,1783287240,1783289880,66.0,97.0,8,1.0,target,2.48,0.15,2.33
KXATPCHALLENGERMATCH-26JUL06WEHVAN-WEH,KXATPCHALLENGERMATCH-26JUL06WEHVAN,Challenger,1783293540,1783343040,62.0,97.0,8,1.0,target,2.8,0.16,2.6399999999999997
KXATPCHALLENGERMATCH-26JUL06SEGBRA-SEG,KXATPCHALLENGERMATCH-26JUL06SEGBRA,Challenger,1783297020,1783333380,65.0,38.0,8,3.0,stop,-2.16,0.27,-2.43
KXATPCHALLENGERMATCH-26JUL06HUAPUR-PUR,KXATPCHALLENGERMATCH-26JUL06HUAPUR,Challenger,1783296840,1783338060,66.0,39.0,8,3.0,stop,-2.16,0.27,-2.43
KXATPCHALLENGERMATCH-26JUL06PRIORA-PRI,KXATPCHALLENGERMATCH-26JUL06PRIORA,Challenger,1783333440,1783335660,57.00000000000001,94.0,9,1.0,target,3.3299999999999996,0.2,3.1299999999999994
KXATPCHALLENGERMATCH-26JUL06MARHAM-MAR,KXATPCHALLENGERMATCH-26JUL06MARHAM,Challenger,1783336080,1783340040,65.0,38.0,8,1.0,stop,-2.16,0.27,-2.43
KXATPCHALLENGERMATCH-26JUL06DELWAL-WAL,KXATPCHALLENGERMATCH-26JUL06DELWAL,Challenger,1783338420,1783338780,68.0,40.0,8,1.0,stop,-2.24,0.27,-2.5100000000000002
KXATPCHALLENGERMATCH-26JUL06POTFEL-POT,KXATPCHALLENGERMATCH-26JUL06POTFEL,Challenger,1783339380,1783340220,69.0,40.0,7,1.0,stop,-2.03,0.22999999999999998,-2.26
KXATPCHALLENGERMATCH-26JUL06KOZJOH-KOZ,KXATPCHALLENGERMATCH-26JUL06KOZJOH,Challenger,1783341960,1783463040,70.0,98.0,7,3.0,target,1.9600000000000002,0.12,1.8400000000000003
KXATPCHALLENGERMATCH-26JUL06WALNEU-WAL,KXATPCHALLENGERMATCH-26JUL06WALNEU,Challenger,1783340580,1783344480,72.0,98.0,7,1.0,target,1.82,0.11,1.71
KXATPCHALLENGERMATCH-26JUL06HUAPUR-PUR,KXATPCHALLENGERMATCH-26JUL06HUAPUR,Challenger,1783343100,1783343580,69.0,40.0,7,3.0,stop,-2.03,0.22999999999999998,-2.26
KXATPCHALLENGERMATCH-26JUL06DONCIZ-DON,KXATPCHALLENGERMATCH-26JUL06DONCIZ,Challenger,1783343700,1783347060,67.0,98.0,8,1.0,target,2.48,0.15,2.33
KXATPMATCH-26JUL06DECOB-DE,KXATPMATCH-26JUL06DECOB,ATP,1783344660,1783346340,61.0,36.0,9,1.0,stop,-2.25,0.3,-2.55
KXATPCHALLENGERMATCH-26JUL06IVADIN-IVA,KXATPCHALLENGERMATCH-26JUL06IVADIN,Challenger,1783346400,1783349160,63.0,97.0,8,1.0,target,2.72,0.16,2.56
KXATPCHALLENGERMATCH-26JUL06MONCOU-MON,KXATPCHALLENGERMATCH-26JUL06MONCOU,Challenger,1783347120,1783369260,69.0,40.0,7,2.0,stop,-2.03,0.22999999999999998,-2.26
KXATPCHALLENGERMATCH-26JUL06FOMDHA-DHA,KXATPCHALLENGERMATCH-26JUL06FOMDHA,Challenger,1783349940,1783354860,66.0,39.0,8,2.0,stop,-2.16,0.27,-2.43
KXATPCHALLENGERMATCH-26JUL06SANARN-SAN,KXATPCHALLENGERMATCH-26JUL06SANARN,Challenger,1783358880,1783362180,64.0,37.0,8,2.0,stop,-2.16,0.27,-2.43
KXATPMATCH-26JUL06DIMFER-FER,KXATPMATCH-26JUL06DIMFER,ATP,1783365180,1783365240,62.0,36.0,8,1.0,stop,-2.08,0.27,-2.35
KXATPMATCH-26JUL06LEHZVE-ZVE,KXATPMATCH-26JUL06LEHZVE,ATP,1783367820,1783440720,60.0,98.0,9,1.0,target,3.42,0.18,3.2399999999999998
KXWTAMATCH-26JUL07PEGGAU-PEG,KXWTAMATCH-26JUL07PEGGAU,WTA,1783369860,1783432980,61.0,36.0,9,2.000000000000007,stop,-2.25,0.3,-2.55
KXATPCHALLENGERMATCH-26JUL06MONCOU-MON,KXATPCHALLENGERMATCH-26JUL06MONCOU,Challenger,1783370400,1783370880,69.0,40.0,7,3.0,stop,-2.03,0.22999999999999998,-2.26
KXATPCHALLENGERMATCH-26JUL06ABOALVA-ALVA,KXATPCHALLENGERMATCH-26JUL06ABOALVA,Challenger,1783375800,1783377300,74.0,43.0,7,1.0,stop,-2.17,0.23,-2.4
KXATPCHALLENGERMATCH-26JUL06ABOALVA-ALVA,KXATPCHALLENGERMATCH-26JUL06ABOALVA,Challenger,1783378320,1783378680,70.0,41.0,7,1.0,stop,-2.03,0.22999999999999998,-2.26
KXATPCHALLENGERMATCH-26JUL06VARFER-FER,KXATPCHALLENGERMATCH-26JUL06VARFER,Challenger,1783378740,1783380300,69.0,40.0,7,1.0,stop,-2.03,0.22999999999999998,-2.26
KXATPCHALLENGERMATCH-26JUL07DEDTAB-DED,KXATPCHALLENGERMATCH-26JUL07DEDTAB,Challenger,1783414800,1783416240,72.0,42.0,7,1.0,stop,-2.1,0.22,-2.3200000000000003
KXATPCHALLENGERMATCH-26JUL07GOMDAL-GOM,KXATPCHALLENGERMATCH-26JUL07GOMDAL,Challenger,1783416600,1783417800,64.0,37.0,8,1.0,stop,-2.16,0.27,-2.43
KXATPCHALLENGERMATCH-26JUL07BARKOP-KOP,KXATPCHALLENGERMATCH-26JUL07BARKOP,Challenger,1783417860,1783420980,71.0,98.0,7,3.0,target,1.8900000000000001,0.12,1.77
KXATPCHALLENGERMATCH-26JUL07FORLOG-FOR,KXATPCHALLENGERMATCH-26JUL07FORLOG,Challenger,1783421100,1783424160,68.0,40.0,8,1.0,stop,-2.24,0.27,-2.5100000000000002
KXATPCHALLENGERMATCH-26JUL07PRIBAR-PRI,KXATPCHALLENGERMATCH-26JUL07PRIBAR,Challenger,1783426560,1783426800,52.0,30.0,10,1.0,stop,-2.2,0.32999999999999996,-2.5300000000000002
KXATPCHALLENGERMATCH-26JUL07RINGEN-RIN,KXATPCHALLENGERMATCH-26JUL07RINGEN,Challenger,1783428600,1783432740,66.0,98.0,8,1.0,target,2.56,0.15,2.41
KXATPCHALLENGERMATCH-26JUL07MRVVIL-VIL,KXATPCHALLENGERMATCH-26JUL07MRVVIL,Challenger,1783434360,1783437000,65.0,95.0,8,1.0,target,2.4,0.16,2.2399999999999998
KXATPCHALLENGERMATCH-26JUL07MCDSMI-MCD,KXATPCHALLENGERMATCH-26JUL07MCDSMI,Challenger,1783436460,1783437420,69.0,98.0,7,1.0,target,2.03,0.12,1.9099999999999997
KXWTAMATCH-26JUL07OSAMUC-OSA,KXWTAMATCH-26JUL07OSAMUC,WTA,1783437180,1783438500,65.0,38.0,8,1.0,stop,-2.16,0.27,-2.43
KXATPCHALLENGERMATCH-26JUL07MRVVIL-VIL,KXATPCHALLENGERMATCH-26JUL07MRVVIL,Challenger,1783438020,1783438500,79.0,46.0,6,1.0,stop,-1.98,0.18,-2.16
KXATPCHALLENGERMATCH-26JUL07BASGAU-GAU,KXATPCHALLENGERMATCH-26JUL07BASGAU,Challenger,1783440960,1783443600,71.0,98.0,7,1.0,target,1.8900000000000001,0.12,1.77
KXATPCHALLENGERMATCH-26JUL07HAMWAL-WAL,KXATPCHALLENGERMATCH-26JUL07HAMWAL,Challenger,1783441560,1783444800,69.0,98.0,7,1.0,target,2.03,0.12,1.9099999999999997
KXATPCHALLENGERMATCH-26JUL07ONCCAM-CAM,KXATPCHALLENGERMATCH-26JUL07ONCCAM,Challenger,1783444980,1783445520,63.0,37.0,8,3.0,stop,-2.08,0.28,-2.3600000000000003
KXATPCHALLENGERMATCH-26JUL07SKAPET-PET,KXATPCHALLENGERMATCH-26JUL07SKAPET,Challenger,1783446540,1783448220,69.0,95.0,7,2.0,target,1.82,0.14,1.6800000000000002
KXATPCHALLENGERMATCH-26JUL06ILARYB-RYB,KXATPCHALLENGERMATCH-26JUL06ILARYB,Challenger,1783447680,1783451820,71.0,42.0,7,1.0,stop,-2.03,0.22999999999999998,-2.26
KXATPCHALLENGERMATCH-26JUL07FERPAV-FER,KXATPCHALLENGERMATCH-26JUL07FERPAV,Challenger,1783451100,1783454340,72.0,42.0,7,2.0,stop,-2.1,0.22,-2.3200000000000003
KXATPCHALLENGERMATCH-26JUL07POPPDA-POP,KXATPCHALLENGERMATCH-26JUL07POPPDA,Challenger,1783454100,1783454340,63.0,37.0,8,2.0,stop,-2.08,0.28,-2.3600000000000003
KXATPCHALLENGERMATCH-26JUL06BARZIN-ZIN,KXATPCHALLENGERMATCH-26JUL06BARZIN,Challenger,1783454580,1783456680,71.0,98.0,7,2.0,target,1.8900000000000001,0.12,1.77
KXATPCHALLENGERMATCH-26JUL06JUNMOR-MOR,KXATPCHALLENGERMATCH-26JUL06JUNMOR,Challenger,1783457640,1783457760,53.0,31.0,10,1.0,stop,-2.2,0.32999999999999996,-2.5300000000000002
KXATPCHALLENGERMATCH-26JUL07MENAVE-AVE,KXATPCHALLENGERMATCH-26JUL07MENAVE,Challenger,1783462860,1783464780,66.0,39.0,8,3.0,stop,-2.16,0.27,-2.43
KXATPCHALLENGERMATCH-26JUL08DEDSVR-SVR,KXATPCHALLENGERMATCH-26JUL08DEDSVR,Challenger,1783463760,1783503360,65.0,38.0,8,2.0,stop,-2.16,0.27,-2.43
KXATPCHALLENGERMATCH-26JUL08KOPDHA-KOP,KXATPCHALLENGERMATCH-26JUL08KOPDHA,Challenger,1783468080,1783514040,69.0,40.0,7,3.0,stop,-2.03,0.22999999999999998,-2.26
KXATPCHALLENGERMATCH-26JUL08DEMGIU-GIU,KXATPCHALLENGERMATCH-26JUL08DEMGIU,Challenger,1783469520,1783501680,70.0,41.0,7,3.0,stop,-2.03,0.22999999999999998,-2.26
KXATPCHALLENGERMATCH-26JUL08KYMGUE-KYM,KXATPCHALLENGERMATCH-26JUL08KYMGUE,Challenger,1783471380,1783531260,70.0,98.0,7,2.0,target,1.9600000000000002,0.12,1.8400000000000003
KXATPCHALLENGERMATCH-26JUL08MAGSOT-SOT,KXATPCHALLENGERMATCH-26JUL08MAGSOT,Challenger,1783502160,1783523940,64.0,37.0,8,1.0,stop,-2.16,0.27,-2.43
KXATPCHALLENGERMATCH-26JUL08DEMGIU-GIU,KXATPCHALLENGERMATCH-26JUL08DEMGIU,Challenger,1783503480,1783507320,69.0,98.0,7,2.0,target,2.03,0.12,1.9099999999999997
KXATPCHALLENGERMATCH-26JUL08ZHODE-ZHO,KXATPCHALLENGERMATCH-26JUL08ZHODE,Challenger,1783507860,1783508820,79.0,46.0,6,2.0,stop,-1.98,0.18,-2.16
KXATPCHALLENGERMATCH-26JUL08ZHODE-ZHO,KXATPCHALLENGERMATCH-26JUL08ZHODE,Challenger,1783509780,1783512240,62.0,97.0,8,1.0,target,2.8,0.16,2.6399999999999997
KXATPCHALLENGERMATCH-26JUL08RIBDOD-RIB,KXATPCHALLENGERMATCH-26JUL08RIBDOD,Challenger,1783512660,1783513200,75.0,44.0,7,1.0,stop,-2.17,0.23,-2.4
KXATPCHALLENGERMATCH-26JUL08MELAND-MEL,KXATPCHALLENGERMATCH-26JUL08MELAND,Challenger,1783513440,1783537560,68.0,40.0,8,2.0,stop,-2.24,0.27,-2.5100000000000002
KXATPCHALLENGERMATCH-26JUL08BRAGRA-GRA,KXATPCHALLENGERMATCH-26JUL08BRAGRA,Challenger,1783514760,1783517700,71.0,98.0,7,1.0,target,1.8900000000000001,0.12,1.77
KXATPCHALLENGERMATCH-26JUL08MARKAS-MAR,KXATPCHALLENGERMATCH-26JUL08MARKAS,Challenger,1783517760,1783520640,61.0,36.0,9,1.0,stop,-2.25,0.3,-2.55
KXATPCHALLENGERMATCH-26JUL08NEUJUS-NEU,KXATPCHALLENGERMATCH-26JUL08NEUJUS,Challenger,1783521420,1783523220,66.0,39.0,8,1.0,stop,-2.16,0.27,-2.43
KXATPCHALLENGERMATCH-26JUL08RINOFN-RIN,KXATPCHALLENGERMATCH-26JUL08RINOFN,Challenger,1783523280,1783523940,84.0,98.0,6,1.0,target,0.8400000000000001,0.06999999999999999,0.7700000000000001
KXATPMATCH-26JUL08FRIZVE-ZVE,KXATPMATCH-26JUL08FRIZVE,ATP,1783524000,1783527420,68.0,98.0,8,1.0,target,2.4,0.15,2.25
KXATPMATCH-26JUL08COBFER-FER,KXATPMATCH-26JUL08COBFER,ATP,1783524840,1783527120,53.0,93.0,10,3.000000000000007,target,4.0,0.22999999999999998,3.77
KXATPCHALLENGERMATCH-26JUL08MAGSOT-SOT,KXATPCHALLENGERMATCH-26JUL08MAGSOT,Challenger,1783527180,1783529640,62.0,98.0,8,1.0,target,2.88,0.16,2.7199999999999998
KXATPCHALLENGERMATCH-26JUL08CHOREH-REH,KXATPCHALLENGERMATCH-26JUL08CHOREH,Challenger,1783527600,1783530960,67.0,39.0,8,1.0,stop,-2.24,0.27,-2.5100000000000002
KXATPCHALLENGERMATCH-26JUL08DAMARN-DAM,KXATPCHALLENGERMATCH-26JUL08DAMARN,Challenger,1783529700,1783531320,57.99999999999999,34.0,9,1.0,stop,-2.1599999999999993,0.31,-2.4699999999999993
KXATPCHALLENGERMATCH-26JUL08MARKAS-MAR,KXATPCHALLENGERMATCH-26JUL08MARKAS,Challenger,1783531860,1783532640,73.0,43.0,7,1.0,stop,-2.1,0.23,-2.33
KXATPCHALLENGERMATCH-26JUL08VARALVA-VAR,KXATPCHALLENGERMATCH-26JUL08VARALVA,Challenger,1783532040,1783534140,60.0,93.0,9,1.0,target,2.97,0.21000000000000002,2.7600000000000002
KXATPCHALLENGERMATCH-26JUL08JOHMAL-MAL,KXATPCHALLENGERMATCH-26JUL08JOHMAL,Challenger,1783532220,1783555500,64.0,37.0,8,3.0,stop,-2.16,0.27,-2.43
KXATPCHALLENGERMATCH-26JUL08ILANOG-ILA,KXATPCHALLENGERMATCH-26JUL08ILANOG,Challenger,1783534500,1783536360,71.0,42.0,7,1.0,stop,-2.03,0.22999999999999998,-2.26
KXATPCHALLENGERMATCH-26JUL08VARALVA-VAR,KXATPCHALLENGERMATCH-26JUL08VARALVA,Challenger,1783535160,1783539600,71.0,98.0,7,1.0,target,1.8900000000000001,0.12,1.77
KXATPCHALLENGERMATCH-26JUL08MELAND-MEL,KXATPCHALLENGERMATCH-26JUL08MELAND,Challenger,1783538820,1783540020,56.00000000000001,33.0,9,1.0,stop,-2.0700000000000007,0.30000000000000004,-2.370000000000001
KXATPCHALLENGERMATCH-26JUL08PIRDZU-PIR,KXATPCHALLENGERMATCH-26JUL08PIRDZU,Challenger,1783541220,1783542000,68.0,40.0,8,1.0,stop,-2.24,0.27,-2.5100000000000002
KXATPCHALLENGERMATCH-26JUL08MILUCH-MIL,KXATPCHALLENGERMATCH-26JUL08MILUCH,Challenger,1783547100,1783549680,68.0,97.0,8,1.0,target,2.32,0.15,2.17
KXATPCHALLENGERMATCH-26JUL08CASBLA-BLA,KXATPCHALLENGERMATCH-26JUL08CASBLA,Challenger,1783549980,1783550760,63.0,37.0,8,1.0,stop,-2.08,0.28,-2.3600000000000003
KXATPCHALLENGERMATCH-26JUL08JOHMAL-MAL,KXATPCHALLENGERMATCH-26JUL08JOHMAL,Challenger,1783558440,1783615500,61.0,36.0,9,2.000000000000007,stop,-2.25,0.3,-2.55
KXATPCHALLENGERMATCH-26JUL09GAUDIA-GAU,KXATPCHALLENGERMATCH-26JUL09GAUDIA,Challenger,1783589100,1783590180,57.00000000000001,33.0,9,2.000000000000007,stop,-2.1600000000000006,0.30000000000000004,-2.460000000000001
KXATPCHALLENGERMATCH-26JUL09MCDKRU-MCD,KXATPCHALLENGERMATCH-26JUL09MCDKRU,Challenger,1783595520,1783600080,62.0,93.0,8,1.0,target,2.48,0.18000000000000002,2.3
KXATPCHALLENGERMATCH-26JUL09CORDEN-DEN,KXATPCHALLENGERMATCH-26JUL09CORDEN,Challenger,1783597260,1783598160,66.0,39.0,8,3.0,stop,-2.16,0.27,-2.43
KXATPCHALLENGERMATCH-26JUL09CORDEN-DEN,KXATPCHALLENGERMATCH-26JUL09CORDEN,Challenger,1783600500,1783602180,66.0,39.0,8,3.0,stop,-2.16,0.27,-2.43
KXWTAMATCH-26JUL09MUCGAU-MUC,KXWTAMATCH-26JUL09MUCGAU,WTA,1783601280,1783607640,64.0,37.0,8,1.0,stop,-2.16,0.27,-2.43
KXATPCHALLENGERMATCH-26JUL09ROYWAL-WAL,KXATPCHALLENGERMATCH-26JUL09ROYWAL,Challenger,1783602540,1783603440,63.0,37.0,8,2.000000000000007,stop,-2.08,0.28,-2.3600000000000003
KXATPCHALLENGERMATCH-26JUL09ROYWAL-WAL,KXATPCHALLENGERMATCH-26JUL09ROYWAL,Challenger,1783604580,1783605060,66.0,39.0,8,1.0,stop,-2.16,0.27,-2.43
KXATPCHALLENGERMATCH-26JUL09COPMIC-MIC,KXATPCHALLENGERMATCH-26JUL09COPMIC,Challenger,1783605900,1783607040,64.0,37.0,8,1.0,stop,-2.16,0.27,-2.43
KXATPCHALLENGERMATCH-26JUL09GASPET-PET,KXATPCHALLENGERMATCH-26JUL09GASPET,Challenger,1783606500,1783608960,60.0,35.0,9,1.0,stop,-2.25,0.31,-2.56
KXWTAMATCH-26JUL09MUCGAU-MUC,KXWTAMATCH-26JUL09MUCGAU,WTA,1783609140,1783609560,60.0,35.0,9,1.0,stop,-2.25,0.31,-2.56
KXATPCHALLENGERMATCH-26JUL09CLAHAR-HAR,KXATPCHALLENGERMATCH-26JUL09CLAHAR,Challenger,1783610100,1783611600,66.0,39.0,8,1.0,stop,-2.16,0.27,-2.43
KXATPCHALLENGERMATCH-26JUL09MENMCC-MEN,KXATPCHALLENGERMATCH-26JUL09MENMCC,Challenger,1783611000,1783612680,68.0,40.0,8,2.0,stop,-2.24,0.27,-2.5100000000000002
KXATPCHALLENGERMATCH-26JUL09MRVBON-BON,KXATPCHALLENGERMATCH-26JUL09MRVBON,Challenger,1783612020,1783612980,65.0,95.0,8,1.0,target,2.4,0.16,2.2399999999999998
KXATPCHALLENGERMATCH-26JUL09CLAHAR-HAR,KXATPCHALLENGERMATCH-26JUL09CLAHAR,Challenger,1783612560,1783612980,69.0,40.0,7,2.0,stop,-2.03,0.22999999999999998,-2.26
KXATPCHALLENGERMATCH-26JUL08FEALAJ-FEA,KXATPCHALLENGERMATCH-26JUL08FEALAJ,Challenger,1783612740,1783617720,73.0,94.0,7,1.0,target,1.47,0.13,1.3399999999999999
KXATPCHALLENGERMATCH-26JUL09MENMCC-MEN,KXATPCHALLENGERMATCH-26JUL09MENMCC,Challenger,1783613760,1783618380,63.0,94.0,8,1.0,target,2.48,0.18000000000000002,2.3
KXATPCHALLENGERMATCH-26JUL09ONCBRO-ONC,KXATPCHALLENGERMATCH-26JUL09ONCBRO,Challenger,1783614180,1783621020,70.0,41.0,7,1.0,stop,-2.03,0.22999999999999998,-2.26
KXATPCHALLENGERMATCH-26JUL09SAIBAR-SAI,KXATPCHALLENGERMATCH-26JUL09SAIBAR,Challenger,1783616220,1783620240,63.0,100.0,8,1.0,settlement,2.96,0.14,2.82
KXATPCHALLENGERMATCH-26JUL09MANGAL-MAN,KXATPCHALLENGERMATCH-26JUL09MANGAL,Challenger,1783626720,1783628340,65.0,38.0,8,1.0,stop,-2.16,0.27,-2.43
KXATPCHALLENGERMATCH-26JUL09TOMWAL-WAL,KXATPCHALLENGERMATCH-26JUL09TOMWAL,Challenger,1783627020,1783633140,71.0,98.0,7,1.0,target,1.8900000000000001,0.12,1.77
KXATPCHALLENGERMATCH-26JUL09MANGAL-MAN,KXATPCHALLENGERMATCH-26JUL09MANGAL,Challenger,1783629300,1783629360,41.0,24.0,13,1.0,stop,-2.21,0.4,-2.61
KXATPCHALLENGERMATCH-26JUL09CASAMB-CAS,KXATPCHALLENGERMATCH-26JUL09CASAMB,Challenger,1783630620,1783631160,64.0,37.0,8,1.0,stop,-2.16,0.27,-2.43
KXATPCHALLENGERMATCH-26JUL09CASAMB-CAS,KXATPCHALLENGERMATCH-26JUL09CASAMB,Challenger,1783632540,1783634640,68.0,95.0,8,1.0,target,2.16,0.16,2.0
KXATPCHALLENGERMATCH-26JUL09JOHBLA-JOH,KXATPCHALLENGERMATCH-26JUL09JOHBLA,Challenger,1783635480,1783637040,61.0,36.0,9,2.000000000000007,stop,-2.25,0.3,-2.55
KXATPCHALLENGERMATCH-26JUL09FEAKOZ-KOZ,KXATPCHALLENGERMATCH-26JUL09FEAKOZ,Challenger,1783637400,1783639800,58.99999999999999,34.0,9,1.0,stop,-2.249999999999999,0.31,-2.559999999999999
KXATPCHALLENGERMATCH-26JUL10MIDPIR-PIR,KXATPCHALLENGERMATCH-26JUL10MIDPIR,Challenger,1783648500,1783693740,68.0,98.0,8,3.0,target,2.4,0.15,2.25
KXATPCHALLENGERMATCH-26JUL10MONSEA-SEA,KXATPCHALLENGERMATCH-26JUL10MONSEA,Challenger,1783648800,1783689360,70.0,98.0,7,1.0,target,1.9600000000000002,0.12,1.8400000000000003
KXATPCHALLENGERMATCH-26JUL10GEAWAL-WAL,KXATPCHALLENGERMATCH-26JUL10GEAWAL,Challenger,1783655100,1783697040,65.0,38.0,8,3.0,stop,-2.16,0.27,-2.43
KXATPCHALLENGERMATCH-26JUL10KASKYM-KYM,KXATPCHALLENGERMATCH-26JUL10KASKYM,Challenger,1783680240,1783681500,66.0,39.0,8,1.0,stop,-2.16,0.27,-2.43
KXATPCHALLENGERMATCH-26JUL10BASGIL-GIL,KXATPCHALLENGERMATCH-26JUL10BASGIL,Challenger,1783682220,1783692180,61.0,36.0,9,3.000000000000007,stop,-2.25,0.3,-2.55
KXATPCHALLENGERMATCH-26JUL10NEUSQU-SQU,KXATPCHALLENGERMATCH-26JUL10NEUSQU,Challenger,1783689540,1783690200,75.0,98.0,7,2.0,target,1.61,0.11,1.5
KXATPCHALLENGERMATCH-26JUL10GEAWAL-WAL,KXATPCHALLENGERMATCH-26JUL10GEAWAL,Challenger,1783698660,1783701600,74.0,95.0,7,1.0,target,1.47,0.13,1.3399999999999999
KXATPCHALLENGERMATCH-26JUL10SAIDEL-SAI,KXATPCHALLENGERMATCH-26JUL10SAIDEL,Challenger,1783700400,1783702500,66.0,39.0,8,1.0,stop,-2.16,0.27,-2.43
KXATPCHALLENGERMATCH-26JUL10ROYDAN-ROY,KXATPCHALLENGERMATCH-26JUL10ROYDAN,Challenger,1783702680,1783704420,62.0,36.0,8,1.0,stop,-2.08,0.27,-2.35
KXATPCHALLENGERMATCH-26JUL10BROBAL-BRO,KXATPCHALLENGERMATCH-26JUL10BROBAL,Challenger,1783703280,1783704960,63.0,93.0,8,1.0,target,2.4,0.18000000000000002,2.2199999999999998
KXATPCHALLENGERMATCH-26JUL10ROYDAN-ROY,KXATPCHALLENGERMATCH-26JUL10ROYDAN,Challenger,1783707300,1783709700,61.0,93.0,9,2.000000000000007,target,2.88,0.2,2.6799999999999997
KXATPCHALLENGERMATCH-26JUL10BERBON-BON,KXATPCHALLENGERMATCH-26JUL10BERBON,Challenger,1783707600,1783713720,57.99999999999999,95.0,9,3.0,target,3.3300000000000005,0.19,3.1400000000000006
KXATPCHALLENGERMATCH-26JUL10BLAFEA-FEA,KXATPCHALLENGERMATCH-26JUL10BLAFEA,Challenger,1783707840,1783723500,64.0,97.0,8,1.0,target,2.64,0.15,2.49
KXATPCHALLENGERMATCH-26JUL10VARPDA-VAR,KXATPCHALLENGERMATCH-26JUL10VARPDA,Challenger,1783707840,1783711860,62.0,93.0,8,1.0,target,2.48,0.18000000000000002,2.3
KXATPCHALLENGERMATCH-26JUL10BERBON-BON,KXATPCHALLENGERMATCH-26JUL10BERBON,Challenger,1783714740,1783716120,62.0,36.0,8,1.0,stop,-2.08,0.27,-2.35
KXATPCHALLENGERMATCH-26JUL11CHIGRA-GRA,KXATPCHALLENGERMATCH-26JUL11CHIGRA,Challenger,1783727640,1783773300,61.0,36.0,9,2.000000000000007,stop,-2.25,0.3,-2.55
KXATPCHALLENGERMATCH-26JUL11BROCOP-COP,KXATPCHALLENGERMATCH-26JUL11BROCOP,Challenger,1783737480,1783785960,70.0,41.0,7,1.0,stop,-2.03,0.22999999999999998,-2.26
KXATPMATCH-26JUL11GOMSAI-SAI,KXATPMATCH-26JUL11GOMSAI,ATP,1783739400,1783795620,70.0,98.0,7,2.0,target,1.9600000000000002,0.12,1.8400000000000003
KXATPCHALLENGERMATCH-26JUL11BERDEL-DEL,KXATPCHALLENGERMATCH-26JUL11BERDEL,Challenger,1783740660,1783783260,69.0,40.0,7,1.0,stop,-2.03,0.22999999999999998,-2.26
KXATPCHALLENGERMATCH-26JUL11GIUDAM-GIU,KXATPCHALLENGERMATCH-26JUL11GIUDAM,Challenger,1783773360,1783782540,63.0,95.0,8,1.0,target,2.56,0.17,2.39
KXATPCHALLENGERMATCH-26JUL11PIRKYM-PIR,KXATPCHALLENGERMATCH-26JUL11PIRKYM,Challenger,1783783560,1783789860,60.0,93.0,9,2.000000000000007,target,2.97,0.21000000000000002,2.7600000000000002
KXATPMATCH-26JUL11TOPMAR-TOP,KXATPMATCH-26JUL11TOPMAR,ATP,1783785060,1783785540,65.0,98.0,8,1.0,target,2.64,0.15,2.49
KXATPCHALLENGERMATCH-26JUL11BERDEL-DEL,KXATPCHALLENGERMATCH-26JUL11BERDEL,Challenger,1783786260,1783789200,56.00000000000001,100.0,9,1.0,settlement,3.9599999999999995,0.16,3.7999999999999994
KXATPMATCH-26JUL11NARGUE-GUE,KXATPMATCH-26JUL11NARGUE,ATP,1783786560,1783789440,67.0,98.0,8,1.0,target,2.48,0.15,2.33
KXATPCHALLENGERMATCH-26JUL11DIAGAS-GAS,KXATPCHALLENGERMATCH-26JUL11DIAGAS,Challenger,1783790280,1783790520,60.0,93.0,9,1.0,target,2.97,0.21000000000000002,2.7600000000000002
KXATPCHALLENGERMATCH-26JUL11ROYDRO-ROY,KXATPCHALLENGERMATCH-26JUL11ROYDRO,Challenger,1783792980,1783794420,63.0,37.0,8,1.0,stop,-2.08,0.28,-2.3600000000000003
KXATPCHALLENGERMATCH-26JUL11WALMIC-WAL,KXATPCHALLENGERMATCH-26JUL11WALMIC,Challenger,1783796880,1783797840,75.0,93.0,7,1.0,target,1.26,0.14,1.12
KXATPMATCH-26JUL12CHOBAS-CHO,KXATPMATCH-26JUL12CHOBAS,ATP,1783801860,1784032440,63.0,37.0,8,3.0,stop,-2.08,0.28,-2.3600000000000003
KXATPCHALLENGERMATCH-26JUL11GALFEA-GAL,KXATPCHALLENGERMATCH-26JUL11GALFEA,Challenger,1783804860,1783806000,57.00000000000001,33.0,9,1.0,stop,-2.1600000000000006,0.30000000000000004,-2.460000000000001
KXATPCHALLENGERMATCH-26JUL11GALFEA-GAL,KXATPCHALLENGERMATCH-26JUL11GALFEA,Challenger,1783807080,1783807260,72.0,42.0,7,1.0,stop,-2.1,0.22,-2.3200000000000003
KXATPMATCH-26JUL12GUEGOM-GUE,KXATPMATCH-26JUL12GUEGOM,ATP,1783812540,1783872360,62.0,36.0,8,1.0,stop,-2.08,0.27,-2.35
KXATPCHALLENGERMATCH-26JUL12CHISEA-SEA,KXATPCHALLENGERMATCH-26JUL12CHISEA,Challenger,1783816260,1783859940,68.0,98.0,8,3.0,target,2.4,0.15,2.25
KXATPMATCH-26JUL12TABHUE-TAB,KXATPMATCH-26JUL12TABHUE,ATP,1783829760,1783848120,60.0,35.0,9,2.000000000000007,stop,-2.25,0.31,-2.56
KXATPMATCH-26JUL12BUEMAR-MAR,KXATPMATCH-26JUL12BUEMAR,ATP,1783848420,1783851540,70.0,98.0,7,1.0,target,1.9600000000000002,0.12,1.8400000000000003
KXWTAMATCH-26JUL12HERKAZ-HER,KXWTAMATCH-26JUL12HERKAZ,WTA,1783851960,1783852860,64.0,97.0,8,1.0,target,2.64,0.15,2.49
KXATPMATCH-26JUL12PASKAS-PAS,KXATPMATCH-26JUL12PASKAS,ATP,1783854300,1783858200,70.0,98.0,7,1.0,target,1.9600000000000002,0.12,1.8400000000000003
KXATPCHALLENGERMATCH-26JUL12GUTCAM-CAM,KXATPCHALLENGERMATCH-26JUL12GUTCAM,Challenger,1783858260,1783859280,70.0,98.0,7,1.0,target,1.9600000000000002,0.12,1.8400000000000003
KXATPCHALLENGERMATCH-26JUL12PIETAB-TAB,KXATPCHALLENGERMATCH-26JUL12PIETAB,Challenger,1783860000,1783863000,62.0,94.0,8,1.0,target,2.56,0.18000000000000002,2.38
KXWTAMATCH-26JUL12FETPIE-FET,KXWTAMATCH-26JUL12FETPIE,WTA,1783860180,1783860540,60.0,35.0,9,1.0,stop,-2.25,0.31,-2.56
KXATPCHALLENGERMATCH-26JUL12CHOGAS-GAS,KXATPCHALLENGERMATCH-26JUL12CHOGAS,Challenger,1783861380,1783862340,63.0,37.0,8,1.0,stop,-2.08,0.28,-2.3600000000000003
KXATPCHALLENGERMATCH-26JUL12BROGIU-GIU,KXATPCHALLENGERMATCH-26JUL12BROGIU,Challenger,1783863000,1783866900,68.0,40.0,8,1.0,stop,-2.24,0.27,-2.5100000000000002
KXATPMATCH-26JUL12MOLFAU-FAU,KXATPMATCH-26JUL12MOLFAU,ATP,1783863300,1783866480,63.0,93.0,8,1.0,target,2.4,0.18000000000000002,2.2199999999999998
KXATPMATCH-26JUL12CARSAN-SAN,KXATPMATCH-26JUL12CARSAN,ATP,1783867140,1783867980,57.99999999999999,93.0,9,3.000000000000007,target,3.150000000000001,0.21000000000000002,2.940000000000001
KXATPCHALLENGERMATCH-26JUL12FUEROS-FUE,KXATPCHALLENGERMATCH-26JUL12FUEROS,Challenger,1783867680,1783868820,70.0,98.0,7,1.0,target,1.9600000000000002,0.12,1.8400000000000003
KXATPCHALLENGERMATCH-26JUL12MARFOR-FOR,KXATPCHALLENGERMATCH-26JUL12MARFOR,Challenger,1783869540,1783872600,70.0,98.0,7,1.0,target,1.9600000000000002,0.12,1.8400000000000003
KXWTAMATCH-26JUL12MICKUL-MIC,KXWTAMATCH-26JUL12MICKUL,WTA,1783871700,1783872000,62.0,36.0,8,1.0,stop,-2.08,0.27,-2.35
KXATPCHALLENGERMATCH-26JUL12FANBIG-FAN,KXATPCHALLENGERMATCH-26JUL12FANBIG,Challenger,1783872060,1783876380,63.0,37.0,8,1.0,stop,-2.08,0.28,-2.3600000000000003
KXWTAMATCH-26JUL12MICKUL-MIC,KXWTAMATCH-26JUL12MICKUL,WTA,1783873380,1783875120,74.0,43.0,7,1.0,stop,-2.17,0.23,-2.4
KXATPMATCH-26JUL13MARMID-MID,KXATPMATCH-26JUL13MARMID,ATP,1783874700,1783937100,61.0,36.0,9,3.000000000000007,stop,-2.25,0.3,-2.55
KXWTAMATCH-26JUL12LEPBUR-BUR,KXWTAMATCH-26JUL12LEPBUR,WTA,1783875180,1783875660,68.0,40.0,8,3.0,stop,-2.24,0.27,-2.5100000000000002
KXATPCHALLENGERMATCH-26JUL12HECISO-HEC,KXATPCHALLENGERMATCH-26JUL12HECISO,Challenger,1783875720,1783877160,68.0,40.0,8,1.0,stop,-2.24,0.27,-2.5100000000000002
KXATPMATCH-26JUL13PASKRU-PAS,KXATPMATCH-26JUL13PASKRU,ATP,1783880640,1783935180,68.0,40.0,8,2.0,stop,-2.24,0.27,-2.5100000000000002
KXATPCHALLENGERMATCH-26JUL12FEAWAL-WAL,KXATPCHALLENGERMATCH-26JUL12FEAWAL,Challenger,1783883400,1783887060,58.99999999999999,94.0,9,1.0,target,3.150000000000001,0.2,2.9500000000000006
KXATPCHALLENGERMATCH-26JUL12FEAWAL-WAL,KXATPCHALLENGERMATCH-26JUL12FEAWAL,Challenger,1783889340,1783889940,79.0,46.0,6,1.0,stop,-1.98,0.18,-2.16
KXATPMATCH-26JUL13FAUDAM-FAU,KXATPMATCH-26JUL13FAUDAM,ATP,1783891020,1783948260,61.0,93.0,9,2.000000000000007,target,2.88,0.2,2.6799999999999997
KXATPCHALLENGERMATCH-26JUL13ALVKUM-KUM,KXATPCHALLENGERMATCH-26JUL13ALVKUM,Challenger,1783935240,1783937640,72.0,98.0,7,1.0,target,1.82,0.11,1.71
KXATPCHALLENGERMATCH-26JUL13TABVIN-VIN,KXATPCHALLENGERMATCH-26JUL13TABVIN,Challenger,1783937160,1783938060,65.0,38.0,8,3.0,stop,-2.16,0.27,-2.43
KXATPMATCH-26JUL13TABROD-TAB,KXATPMATCH-26JUL13TABROD,ATP,1783937700,1783939440,61.0,36.0,9,1.0,stop,-2.25,0.3,-2.55
KXATPCHALLENGERMATCH-26JUL13BINFUE-FUE,KXATPCHALLENGERMATCH-26JUL13BINFUE,Challenger,1783938120,1783938300,60.0,35.0,9,1.0,stop,-2.25,0.31,-2.56
KXATPMATCH-26JUL13MARMID-MID,KXATPMATCH-26JUL13MARMID,ATP,1783938360,1783940460,64.0,97.0,8,1.0,target,2.64,0.15,2.49
KXATPCHALLENGERMATCH-26JUL13MORFAN-MOR,KXATPCHALLENGERMATCH-26JUL13MORFAN,Challenger,1783939500,1783958040,67.0,39.0,8,1.0,stop,-2.24,0.27,-2.5100000000000002
KXATPCHALLENGERMATCH-26JUL13BINFUE-FUE,KXATPCHALLENGERMATCH-26JUL13BINFUE,Challenger,1783940760,1783942560,65.0,38.0,8,1.0,stop,-2.16,0.27,-2.43
KXATPMATCH-26JUL13TABROD-TAB,KXATPMATCH-26JUL13TABROD,ATP,1783943100,1783946340,64.0,95.0,8,1.0,target,2.48,0.16,2.32
KXWTAMATCH-26JUL13BONSOR-BON,KXWTAMATCH-26JUL13BONSOR,WTA,1783948500,1783952880,64.0,97.0,8,1.0,target,2.64,0.15,2.49
KXATPMATCH-26JUL13FAUDAM-FAU,KXATPMATCH-26JUL13FAUDAM,ATP,1783949700,1783951500,61.0,36.0,9,1.0,stop,-2.25,0.3,-2.55
KXATPCHALLENGERMATCH-26JUL13GIUALM-GIU,KXATPCHALLENGERMATCH-26JUL13GIUALM,Challenger,1783951560,1783961760,65.0,38.0,8,2.0,stop,-2.16,0.27,-2.43
KXATPCHALLENGERMATCH-26JUL13ARSDAL-DAL,KXATPCHALLENGERMATCH-26JUL13ARSDAL,Challenger,1783952940,1783954140,73.0,43.0,7,1.0,stop,-2.1,0.23,-2.33
KXATPCHALLENGERMATCH-26JUL13KUMLAG-LAG,KXATPCHALLENGERMATCH-26JUL13KUMLAG,Challenger,1783954200,1783963860,61.0,93.0,9,2.000000000000007,target,2.88,0.2,2.6799999999999997
KXATPCHALLENGERMATCH-26JUL13REHJUS-JUS,KXATPCHALLENGERMATCH-26JUL13REHJUS,Challenger,1783958100,1783958880,68.0,98.0,8,1.0,target,2.4,0.15,2.25
KXATPCHALLENGERMATCH-26JUL13TROGEO-TRO,KXATPCHALLENGERMATCH-26JUL13TROGEO,Challenger,1783958940,1783959000,64.0,37.0,8,1.0,stop,-2.16,0.27,-2.43
KXATPCHALLENGERMATCH-26JUL13MONANG-ANG,KXATPCHALLENGERMATCH-26JUL13MONANG,Challenger,1783959660,1783960800,67.0,98.0,8,2.0,target,2.48,0.15,2.33
KXWTAMATCH-26JUL13MATMIC-MIC,KXWTAMATCH-26JUL13MATMIC,WTA,1783961100,1783971000,61.0,93.0,9,1.0,target,2.88,0.2,2.6799999999999997
KXATPCHALLENGERMATCH-26JUL13PALGON-PAL,KXATPCHALLENGERMATCH-26JUL13PALGON,Challenger,1783963500,1783966740,65.0,93.0,8,1.0,target,2.24,0.17,2.0700000000000003
KXATPCHALLENGERMATCH-26JUL13NAPBAL-NAP,KXATPCHALLENGERMATCH-26JUL13NAPBAL,Challenger,1783963920,1783968540,68.0,98.0,8,1.0,target,2.4,0.15,2.25
KXWTAMATCH-26JUL13BURLEP-LEP,KXWTAMATCH-26JUL13BURLEP,WTA,1783966860,1783967640,49.0,93.0,11,2.000000000000007,target,4.84,0.26,4.58
KXATPCHALLENGERMATCH-26JUL13RADIVA-RAD,KXATPCHALLENGERMATCH-26JUL13RADIVA,Challenger,1783968300,1783968660,60.0,35.0,9,1.0,stop,-2.25,0.31,-2.56
KXATPCHALLENGERMATCH-26JUL13PERTOB-PER,KXATPCHALLENGERMATCH-26JUL13PERTOB,Challenger,1783971060,1783973220,70.0,41.0,7,3.0,stop,-2.03,0.22999999999999998,-2.26
KXATPCHALLENGERMATCH-26JUL13POLMIY-POL,KXATPCHALLENGERMATCH-26JUL13POLMIY,Challenger,1783971780,1783972860,81.0,48.0,6,1.0,stop,-1.98,0.18,-2.16
KXATPCHALLENGERMATCH-26JUL13NOGBRO-NOG,KXATPCHALLENGERMATCH-26JUL13NOGBRO,Challenger,1783972380,1783975440,67.0,39.0,8,2.0,stop,-2.24,0.27,-2.5100000000000002
KXATPCHALLENGERMATCH-26JUL13INCSTE-STE,KXATPCHALLENGERMATCH-26JUL13INCSTE,Challenger,1783975140,1783978020,70.0,41.0,7,1.0,stop,-2.03,0.22999999999999998,-2.26
KXATPCHALLENGERMATCH-26JUL13KENSHE-SHE,KXATPCHALLENGERMATCH-26JUL13KENSHE,Challenger,1783984920,1783986180,67.0,39.0,8,1.0,stop,-2.24,0.27,-2.5100000000000002
KXATPCHALLENGERMATCH-26JUL13BOUZHA-BOU,KXATPCHALLENGERMATCH-26JUL13BOUZHA,Challenger,1783988880,1783990200,69.0,40.0,7,1.0,stop,-2.03,0.22999999999999998,-2.26
KXATPCHALLENGERMATCH-26JUL13BOUZHA-BOU,KXATPCHALLENGERMATCH-26JUL13BOUZHA,Challenger,1783991160,1783992720,62.0,98.0,8,1.0,target,2.88,0.16,2.7199999999999998
KXATPCHALLENGERMATCH-26JUL13SHIHAR-SHI,KXATPCHALLENGERMATCH-26JUL13SHIHAR,Challenger,1783991580,1783992900,72.0,42.0,7,1.0,stop,-2.1,0.22,-2.3200000000000003
KXATPCHALLENGERMATCH-26JUL13VUKBRO-VUK,KXATPCHALLENGERMATCH-26JUL13VUKBRO,Challenger,1783995180,1783999680,64.0,37.0,8,1.0,stop,-2.16,0.27,-2.43
KXATPCHALLENGERMATCH-26JUL14FUEPRI-PRI,KXATPCHALLENGERMATCH-26JUL14FUEPRI,Challenger,1784014140,1784037120,70.0,41.0,7,1.0,stop,-2.03,0.22999999999999998,-2.26
KXATPCHALLENGERMATCH-26JUL14CASGHI-GHI,KXATPCHALLENGERMATCH-26JUL14CASGHI,Challenger,1784019720,1784022780,61.0,93.0,9,2.000000000000007,target,2.88,0.2,2.6799999999999997
KXATPCHALLENGERMATCH-26JUL14GALFOR-FOR,KXATPCHALLENGERMATCH-26JUL14GALFOR,Challenger,1784020860,1784021640,61.0,36.0,9,1.0,stop,-2.25,0.3,-2.55
KXATPCHALLENGERMATCH-26JUL14VILRIB-VIL,KXATPCHALLENGERMATCH-26JUL14VILRIB,Challenger,1784024340,1784027040,65.0,98.0,8,1.0,target,2.64,0.15,2.49
KXATPCHALLENGERMATCH-26JUL14BRUNIJ-NIJ,KXATPCHALLENGERMATCH-26JUL14BRUNIJ,Challenger,1784025960,1784027880,54.0,31.0,10,1.0,stop,-2.3000000000000003,0.32999999999999996,-2.6300000000000003
KXATPCHALLENGERMATCH-26JUL14RONGIU-GIU,KXATPCHALLENGERMATCH-26JUL14RONGIU,Challenger,1784032980,1784034780,63.0,37.0,8,2.0,stop,-2.08,0.28,-2.3600000000000003
KXWTAMATCH-26JUL14SALIBR-IBR,KXWTAMATCH-26JUL14SALIBR,WTA,1784033040,1784036700,70.0,98.0,7,1.0,target,1.9600000000000002,0.12,1.8400000000000003
KXATPCHALLENGERMATCH-26JUL14MARMAY-MAR,KXATPCHALLENGERMATCH-26JUL14MARMAY,Challenger,1784033520,1784042640,57.99999999999999,95.0,9,1.0,target,3.3300000000000005,0.19,3.1400000000000006
KXATPMATCH-26JUL15CERKEC-KEC,KXATPMATCH-26JUL15CERKEC,ATP,1784035440,1784195640,61.0,36.0,9,2.0,stop,-2.25,0.3,-2.55
KXATPMATCH-26JUL14TRAKRU-TRA,KXATPMATCH-26JUL14TRAKRU,ATP,1784036760,1784038860,65.0,98.0,8,2.0,target,2.64,0.15,2.49
KXWTAMATCH-26JUL14BULPRI-PRI,KXWTAMATCH-26JUL14BULPRI,WTA,1784037540,1784040000,64.0,97.0,8,1.0,target,2.64,0.15,2.49
KXATPCHALLENGERMATCH-26JUL14FUEPRI-PRI,KXATPCHALLENGERMATCH-26JUL14FUEPRI,Challenger,1784038920,1784039280,71.0,42.0,7,2.0,stop,-2.03,0.22999999999999998,-2.26
KXATPCHALLENGERMATCH-26JUL14SURECH-SUR,KXATPCHALLENGERMATCH-26JUL14SURECH,Challenger,1784040120,1784053200,61.0,36.0,9,2.000000000000007,stop,-2.25,0.3,-2.55
KXATPCHALLENGERMATCH-26JUL14FORGOR-FOR,KXATPCHALLENGERMATCH-26JUL14FORGOR,Challenger,1784043600,1784048220,66.0,39.0,8,3.000000000000007,stop,-2.16,0.27,-2.43
KXWTAMATCH-26JUL14UDVROM-UDV,KXWTAMATCH-26JUL14UDVROM,WTA,1784043720,1784047080,74.0,43.0,7,3.0,stop,-2.17,0.23,-2.4
KXATPCHALLENGERMATCH-26JUL14URSPAL-PAL,KXATPCHALLENGERMATCH-26JUL14URSPAL,Challenger,1784047140,1784049180,67.0,98.0,8,2.0,target,2.48,0.15,2.33
KXATPCHALLENGERMATCH-26JUL14MRVCAN-CAN,KXATPCHALLENGERMATCH-26JUL14MRVCAN,Challenger,1784048340,1784052600,68.0,40.0,8,1.0,stop,-2.24,0.27,-2.5100000000000002
KXWTAMATCH-26JUL13SAKTON-TON,KXWTAMATCH-26JUL13SAKTON,WTA,1784049240,1784053320,72.0,42.0,7,1.0,stop,-2.1,0.22,-2.3200000000000003
KXATPCHALLENGERMATCH-26JUL14OUAFIC-OUA,KXATPCHALLENGERMATCH-26JUL14OUAFIC,Challenger,1784052660,1784053140,68.0,40.0,8,1.0,stop,-2.24,0.27,-2.5100000000000002
KXATPMATCH-26JUL15KYMTSI-TSI,KXATPMATCH-26JUL15KYMTSI,ATP,1784053800,1784210280,71.0,42.0,7,2.0,stop,-2.03,0.22999999999999998,-2.26
KXATPCHALLENGERMATCH-26JUL14OUAFIC-OUA,KXATPCHALLENGERMATCH-26JUL14OUAFIC,Challenger,1784054340,1784054700,60.0,35.0,9,1.0,stop,-2.25,0.31,-2.56
KXATPCHALLENGERMATCH-26JUL14ZHOKOZ-ZHO,KXATPCHALLENGERMATCH-26JUL14ZHOKOZ,Challenger,1784054340,1784056080,75.0,44.0,7,3.0,stop,-2.17,0.23,-2.4
KXWTAMATCH-26JUL15HONPAR-PAR,KXWTAMATCH-26JUL15HONPAR,WTA,1784054820,1784140560,63.0,37.0,8,2.0,stop,-2.08,0.28,-2.3600000000000003
KXWTAMATCH-26JUL15AVAMAR-MAR,KXWTAMATCH-26JUL15AVAMAR,WTA,1784056260,1784138640,61.0,36.0,9,1.0,stop,-2.25,0.3,-2.55
KXATPMATCH-26JUL15COBBUR-BUR,KXATPMATCH-26JUL15COBBUR,ATP,1784138700,1784140920,71.0,98.0,7,2.0,target,1.8900000000000001,0.12,1.77
KXATPCHALLENGERMATCH-26JUL15ZHOPER-ZHO,KXATPCHALLENGERMATCH-26JUL15ZHOPER,Challenger,1784140620,1784141100,63.0,37.0,8,1.0,stop,-2.08,0.28,-2.3600000000000003
KXWTAMATCH-26JUL16VALSAS-VAL,KXWTAMATCH-26JUL16VALSAS,WTA,1784141040,1784216880,69.0,98.0,7,1.0,target,2.03,0.12,1.9099999999999997
KXATPMATCH-26JUL15BASTIR-TIR,KXATPMATCH-26JUL15BASTIR,ATP,1784141160,1784199120,70.0,41.0,7,1.0,stop,-2.03,0.22999999999999998,-2.26
KXATPCHALLENGERMATCH-26JUL16DELDAL-DEL,KXATPCHALLENGERMATCH-26JUL16DELDAL,Challenger,1784195760,1784216460,62.0,36.0,8,1.0,stop,-2.08,0.27,-2.35
KXATPMATCH-26JUL16MERDRO-MER,KXATPMATCH-26JUL16MERDRO,ATP,1784199180,1784214000,62.0,94.0,8,1.0,target,2.56,0.18000000000000002,2.38
KXATPCHALLENGERMATCH-26JUL16BICCAS-CAS,KXATPCHALLENGERMATCH-26JUL16BICCAS,Challenger,1784210340,1784212740,69.0,40.0,7,1.0,stop,-2.03,0.22999999999999998,-2.26
KXWTAMATCH-26JUL16KORANN-KOR,KXWTAMATCH-26JUL16KORANN,WTA,1784213460,1784214780,65.0,93.0,8,2.000000000000007,target,2.24,0.17,2.0700000000000003
KXATPCHALLENGERMATCH-26JUL16BICCAS-CAS,KXATPCHALLENGERMATCH-26JUL16BICCAS,Challenger,1784214300,1784223600,68.0,40.0,8,2.0,stop,-2.24,0.27,-2.5100000000000002
KXATPMATCH-26JUL17RINTSI-TSI,KXATPMATCH-26JUL17RINTSI,ATP,1784218260,1784309460,62.0,36.0,8,3.000000000000007,stop,-2.08,0.27,-2.35
KXATPCHALLENGERMATCH-26JUL16DELDAL-DEL,KXATPCHALLENGERMATCH-26JUL16DELDAL,Challenger,1784218380,1784220180,64.0,95.0,8,2.0,target,2.48,0.16,2.32
KXATPCHALLENGERMATCH-26JUL16MCCTOM-TOM,KXATPCHALLENGERMATCH-26JUL16MCCTOM,Challenger,1784219580,1784220000,64.0,37.0,8,1.0,stop,-2.16,0.27,-2.43
KXWTAMATCH-26JUL15IBRBAD-IBR,KXWTAMATCH-26JUL15IBRBAD,WTA,1784220060,1784220360,62.0,36.0,8,1.0,stop,-2.08,0.27,-2.35
KXATPCHALLENGERMATCH-26JUL16MCCTOM-TOM,KXATPCHALLENGERMATCH-26JUL16MCCTOM,Challenger,1784221320,1784224740,65.0,95.0,8,2.0,target,2.4,0.16,2.2399999999999998
KXWTAMATCH-26JUL15IBRBAD-IBR,KXWTAMATCH-26JUL15IBRBAD,WTA,1784221440,1784221860,72.0,42.0,7,3.0,stop,-2.1,0.22,-2.3200000000000003
KXWTAMATCH-26JUL17OLIBUR-OLI,KXWTAMATCH-26JUL17OLIBUR,WTA,1784222760,1784302140,64.0,97.0,8,1.0,target,2.64,0.15,2.49
KXWTAMATCH-26JUL17VALKOR-VAL,KXWTAMATCH-26JUL17VALKOR,WTA,1784224740,1784300580,62.0,36.0,8,3.000000000000007,stop,-2.08,0.27,-2.35
KXATPCHALLENGERMATCH-26JUL16FUESEY-SEY,KXATPCHALLENGERMATCH-26JUL16FUESEY,Challenger,1784228700,1784228880,61.0,36.0,9,1.0,stop,-2.25,0.3,-2.55
KXWTAMATCH-26JUL16UDVKAW-UDV,KXWTAMATCH-26JUL16UDVKAW,WTA,1784228940,1784230440,63.0,98.0,8,1.0,target,2.8,0.16,2.6399999999999997
KXATPCHALLENGERMATCH-26JUL16GLISEK-SEK,KXATPCHALLENGERMATCH-26JUL16GLISEK,Challenger,1784230800,1784232420,69.0,40.0,7,1.0,stop,-2.03,0.22999999999999998,-2.26
KXATPMATCH-26JUL17RUBBAE-RUB,KXATPMATCH-26JUL17RUBBAE,ATP,1784235060,1784297520,62.0,94.0,8,2.0,target,2.56,0.18000000000000002,2.38
KXATPMATCH-26JUL17BURMER-MER,KXATPMATCH-26JUL17BURMER,ATP,1784297580,1784310900,64.0,97.0,8,1.0,target,2.64,0.15,2.49
KXATPCHALLENGERMATCH-26JUL17DRAGEA-GEA,KXATPCHALLENGERMATCH-26JUL17DRAGEA,Challenger,1784300640,1784319660,66.0,98.0,8,1.0,target,2.56,0.15,2.41
KXATPCHALLENGERMATCH-26JUL17ADDIVA-IVA,KXATPCHALLENGERMATCH-26JUL17ADDIVA,Challenger,1784302200,1784316720,70.0,94.0,7,1.0,target,1.68,0.14,1.54
KXATPCHALLENGERMATCH-26JUL17FORTOM-TOM,KXATPCHALLENGERMATCH-26JUL17FORTOM,Challenger,1784309520,1784345220,68.0,98.0,8,2.0,target,2.4,0.15,2.25
KXATPCHALLENGERMATCH-26JUL17WONJOH-WON,KXATPCHALLENGERMATCH-26JUL17WONJOH,Challenger,1784310960,1784330820,65.0,38.0,8,2.0,stop,-2.16,0.27,-2.43
KXWTAMATCH-26JUL17ZIDMAR-ZID,KXWTAMATCH-26JUL17ZIDMAR,WTA,1784317080,1784317800,69.0,98.0,7,1.0,target,2.03,0.12,1.9099999999999997
KXATPCHALLENGERMATCH-26JUL17SANALM-SAN,KXATPCHALLENGERMATCH-26JUL17SANALM,Challenger,1784318040,1784326500,69.0,98.0,7,1.0,target,2.03,0.12,1.9099999999999997
KXATPCHALLENGERMATCH-26JUL17RODCRA-CRA,KXATPCHALLENGERMATCH-26JUL17RODCRA,Challenger,1784319720,1784320260,67.0,39.0,8,1.0,stop,-2.24,0.27,-2.5100000000000002
KXATPMATCH-26JUL17DZUMOL-MOL,KXATPMATCH-26JUL17DZUMOL,ATP,1784320320,1784322720,71.0,42.0,7,1.0,stop,-2.03,0.22999999999999998,-2.26
KXWTAMATCH-26JUL18SAKKOR-SAK,KXWTAMATCH-26JUL18SAKKOR,WTA,1784322780,1784397600,63.0,95.0,8,1.0,target,2.56,0.17,2.39
KXATPMATCH-26JUL18MERDZU-MER,KXATPMATCH-26JUL18MERDZU,ATP,1784330940,1784400480,70.0,41.0,7,3.0,stop,-2.03,0.22999999999999998,-2.26
KXATPCHALLENGERMATCH-26JUL17WONJOH-WON,KXATPCHALLENGERMATCH-26JUL17WONJOH,Challenger,1784333460,1784333820,57.00000000000001,33.0,9,2.0,stop,-2.1600000000000006,0.30000000000000004,-2.460000000000001
KXATPMATCH-26JUL18COLCER-COL,KXATPMATCH-26JUL18COLCER,ATP,1784340180,1784367000,61.0,36.0,9,1.0,stop,-2.25,0.3,-2.55
KXATPCHALLENGERMATCH-26JUL18CASGEA-GEA,KXATPCHALLENGERMATCH-26JUL18CASGEA,Challenger,1784346960,1784411100,66.0,98.0,8,3.0,target,2.56,0.15,2.41
KXATPMATCH-26JUL18CINMIC-CIN,KXATPMATCH-26JUL18CINMIC,ATP,1784371800,1784373840,69.0,98.0,7,1.0,target,2.03,0.12,1.9099999999999997
KXATPMATCH-26JUL18BUTTAB-BUT,KXATPMATCH-26JUL18BUTTAB,ATP,1784374560,1784379720,69.0,40.0,7,2.0,stop,-2.03,0.22999999999999998,-2.26
KXATPMATCH-26JUL18SHETSI-TSI,KXATPMATCH-26JUL18SHETSI,ATP,1784381040,1784382780,70.0,98.0,7,1.0,target,1.9600000000000002,0.12,1.8400000000000003
KXATPMATCH-26JUL18HEIFEL-FEL,KXATPMATCH-26JUL18HEIFEL,ATP,1784385600,1784388540,66.0,98.0,8,1.0,target,2.56,0.15,2.41
KXATPCHALLENGERMATCH-26JUL18ALCVIL-VIL,KXATPCHALLENGERMATCH-26JUL18ALCVIL,Challenger,1784388720,1784392620,54.0,31.0,10,1.0,stop,-2.3000000000000003,0.32999999999999996,-2.6300000000000003
KXATPMATCH-26JUL18KOPHER-KOP,KXATPMATCH-26JUL18KOPHER,ATP,1784392680,1784396220,78.0,98.0,7,1.0,target,1.4000000000000001,0.09999999999999999,1.3
KXWTAMATCH-26JUL18BADZID-ZID,KXWTAMATCH-26JUL18BADZID,WTA,1784396400,1784396700,61.0,36.0,9,2.0,stop,-2.25,0.3,-2.55
KXATPMATCH-26JUL19PELBUE-PEL,KXATPMATCH-26JUL19PELBUE,ATP,1784396820,1784460360,70.0,41.0,7,3.0,stop,-2.03,0.22999999999999998,-2.26
KXWTAMATCH-26JUL18BADZID-ZID,KXWTAMATCH-26JUL18BADZID,WTA,1784399580,1784399760,75.0,44.0,7,1.0,stop,-2.17,0.23,-2.4
KXWTAMATCH-26JUL19SALKNU-SAL,KXWTAMATCH-26JUL19SALKNU,WTA,1784400180,1784472060,68.0,98.0,8,1.0,target,2.4,0.15,2.25
KXATPMATCH-26JUL19DELDJE-DJE,KXATPMATCH-26JUL19DELDJE,ATP,1784403420,1784466540,63.0,95.0,8,1.0,target,2.56,0.17,2.39
KXWTAMATCH-26JUL19COSAKS-COS,KXWTAMATCH-26JUL19COSAKS,WTA,1784411580,1784468400,66.0,39.0,8,2.0,stop,-2.16,0.27,-2.43
KXATPCHALLENGERMATCH-26JUL19RODIVA-ROD,KXATPCHALLENGERMATCH-26JUL19RODIVA,Challenger,1784460480,1784499180,65.0,38.0,8,1.0,stop,-2.16,0.27,-2.43
KXATPMATCH-26JUL19PELBUE-PEL,KXATPMATCH-26JUL19PELBUE,ATP,1784468220,1784468340,61.0,36.0,9,1.0,stop,-2.25,0.3,-2.55
KXATPCHALLENGERMATCH-26JUL19VANRAD-VAN,KXATPCHALLENGERMATCH-26JUL19VANRAD,Challenger,1784468580,1784470440,68.0,98.0,8,1.0,target,2.4,0.15,2.25
KXATPMATCH-26JUL19RODSAC-SAC,KXATPMATCH-26JUL19RODSAC,ATP,1784468820,1784470320,57.00000000000001,33.0,9,3.000000000000007,stop,-2.1600000000000006,0.30000000000000004,-2.460000000000001
KXATPMATCH-26JUL19LUZTAB-TAB,KXATPMATCH-26JUL19LUZTAB,ATP,1784471400,1784472060,54.0,31.0,10,3.000000000000007,stop,-2.3000000000000003,0.32999999999999996,-2.6300000000000003
KXATPCHALLENGERMATCH-26JUL19MALMOR-MAL,KXATPCHALLENGERMATCH-26JUL19MALMOR,Challenger,1784472180,1784476860,70.0,94.0,7,1.0,target,1.68,0.14,1.54
KXATPCHALLENGERMATCH-26JUL19PIENES-NES,KXATPCHALLENGERMATCH-26JUL19PIENES,Challenger,1784473500,1784478000,68.0,40.0,8,1.0,stop,-2.24,0.27,-2.5100000000000002
KXATPCHALLENGERMATCH-26JUL19RITGOM-RIT,KXATPCHALLENGERMATCH-26JUL19RITGOM,Challenger,1784473980,1784478660,67.0,39.0,8,1.0,stop,-2.24,0.27,-2.5100000000000002
KXATPCHALLENGERMATCH-26JUL19VALCAS-VAL,KXATPCHALLENGERMATCH-26JUL19VALCAS,Challenger,1784477760,1784479740,58.99999999999999,34.0,9,1.0,stop,-2.249999999999999,0.31,-2.559999999999999
KXATPCHALLENGERMATCH-26JUL19BARLEO-LEO,KXATPCHALLENGERMATCH-26JUL19BARLEO,Challenger,1784478540,1784479080,77.0,98.0,7,1.0,target,1.47,0.09999999999999999,1.3699999999999999
KXATPCHALLENGERMATCH-26JUL19LANMAY-LAN,KXATPCHALLENGERMATCH-26JUL19LANMAY,Challenger,1784479560,1784482260,70.0,41.0,7,1.0,stop,-2.03,0.22999999999999998,-2.26
KXATPCHALLENGERMATCH-26JUL19ARSMAR-ARS,KXATPCHALLENGERMATCH-26JUL19ARSMAR,Challenger,1784480160,1784482620,70.0,98.0,7,1.0,target,1.9600000000000002,0.12,1.8400000000000003
KXATPMATCH-26JUL19ALTCOL-COL,KXATPMATCH-26JUL19ALTCOL,ATP,1784480460,1784646420,64.0,37.0,8,3.0,stop,-2.16,0.27,-2.43
KXATPCHALLENGERMATCH-26JUL19BANZHU-ZHU,KXATPCHALLENGERMATCH-26JUL19BANZHU,Challenger,1784482320,1784483580,68.0,98.0,8,1.0,target,2.4,0.15,2.25
KXATPCHALLENGERMATCH-26JUL19ROZSHE-SHE,KXATPCHALLENGERMATCH-26JUL19ROZSHE,Challenger,1784485200,1784488200,66.0,39.0,8,1.0,stop,-2.16,0.27,-2.43
KXATPCHALLENGERMATCH-26JUL19CLAKUZ-CLA,KXATPCHALLENGERMATCH-26JUL19CLAKUZ,Challenger,1784487300,1784489520,72.0,42.0,7,1.0,stop,-2.1,0.22,-2.3200000000000003
KXATPCHALLENGERMATCH-26JUL19KIRAGU-KIR,KXATPCHALLENGERMATCH-26JUL19KIRAGU,Challenger,1784488680,1784490240,75.0,44.0,7,1.0,stop,-2.17,0.23,-2.4
KXATPCHALLENGERMATCH-26JUL19IMATRA-IMA,KXATPCHALLENGERMATCH-26JUL19IMATRA,Challenger,1784489640,1784491740,63.0,98.0,8,2.0,target,2.8,0.16,2.6399999999999997
KXATPCHALLENGERMATCH-26JUL19KIRAGU-KIR,KXATPCHALLENGERMATCH-26JUL19KIRAGU,Challenger,1784491380,1784494860,72.0,42.0,7,1.0,stop,-2.1,0.22,-2.3200000000000003
KXATPCHALLENGERMATCH-26JUL19VUKGEA-VUK,KXATPCHALLENGERMATCH-26JUL19VUKGEA,Challenger,1784493900,1784495160,63.0,37.0,8,2.0,stop,-2.08,0.28,-2.3600000000000003
KXWTAMATCH-26JUL20NIEMAL-NIE,KXWTAMATCH-26JUL20NIEMAL,WTA,1784495940,1784544300,61.0,93.0,9,3.000000000000007,target,2.88,0.2,2.6799999999999997
KXATPCHALLENGERMATCH-26JUL20POLBRU-POL,KXATPCHALLENGERMATCH-26JUL20POLBRU,Challenger,1784503740,1784539920,63.0,37.0,8,2.0,stop,-2.08,0.28,-2.3600000000000003
KXATPCHALLENGERMATCH-26JUL20VARDON-VAR,KXATPCHALLENGERMATCH-26JUL20VARDON,Challenger,1784504160,1784539740,68.0,40.0,8,2.0,stop,-2.24,0.27,-2.5100000000000002
KXWTAMATCH-26JUL20VEDBAR-VED,KXWTAMATCH-26JUL20VEDBAR,WTA,1784539860,1784549460,62.0,36.0,8,1.0,stop,-2.08,0.27,-2.35
KXWTAMATCH-26JUL20OKTDOD-DOD,KXWTAMATCH-26JUL20OKTDOD,WTA,1784540700,1784542680,62.0,94.0,8,1.0,target,2.56,0.18000000000000002,2.38
KXATPCHALLENGERMATCH-26JUL20CALKUM-KUM,KXATPCHALLENGERMATCH-26JUL20CALKUM,Challenger,1784542740,1784543880,68.0,40.0,8,2.0,stop,-2.24,0.27,-2.5100000000000002
KXATPCHALLENGERMATCH-26JUL20MAYMAG-MAY,KXATPCHALLENGERMATCH-26JUL20MAYMAG,Challenger,1784544480,1784557800,68.0,40.0,8,1.0,stop,-2.24,0.27,-2.5100000000000002
KXATPCHALLENGERMATCH-26JUL20POLBRU-POL,KXATPCHALLENGERMATCH-26JUL20POLBRU,Challenger,1784544360,1784545620,63.0,37.0,8,1.0,stop,-2.08,0.28,-2.3600000000000003
KXATPCHALLENGERMATCH-26JUL20SURKUZ-SUR,KXATPCHALLENGERMATCH-26JUL20SURKUZ,Challenger,1784546340,1784574720,69.0,40.0,7,2.0,stop,-2.03,0.22999999999999998,-2.26
KXATPCHALLENGERMATCH-26JUL20PALLEO-PAL,KXATPCHALLENGERMATCH-26JUL20PALLEO,Challenger,1784552280,1784552460,57.00000000000001,33.0,9,1.0,stop,-2.1600000000000006,0.30000000000000004,-2.460000000000001
KXATPCHALLENGERMATCH-26JUL20SEYKOL-SEY,KXATPCHALLENGERMATCH-26JUL20SEYKOL,Challenger,1784553000,1784555580,70.0,98.0,7,1.0,target,1.9600000000000002,0.12,1.8400000000000003
KXATPMATCH-26JUL20DIACIN-CIN,KXATPMATCH-26JUL20DIACIN,ATP,1784555940,1784558760,68.0,40.0,8,1.0,stop,-2.24,0.27,-2.5100000000000002
KXATPCHALLENGERMATCH-26JUL20PALLEO-PAL,KXATPCHALLENGERMATCH-26JUL20PALLEO,Challenger,1784557860,1784558220,62.0,36.0,8,1.0,stop,-2.08,0.27,-2.35
KXWTAMATCH-26JUL20AKSCOS-COS,KXWTAMATCH-26JUL20AKSCOS,WTA,1784559120,1784561040,73.0,43.0,7,1.0,stop,-2.1,0.23,-2.33
KXATPCHALLENGERMATCH-26JUL20ALKFIC-ALK,KXATPCHALLENGERMATCH-26JUL20ALKFIC,Challenger,1784559180,1784561700,74.0,98.0,7,2.0,target,1.68,0.11,1.5699999999999998
KXATPCHALLENGERMATCH-26JUL20ZHUMAL-ZHU,KXATPCHALLENGERMATCH-26JUL20ZHUMAL,Challenger,1784561880,1784563200,72.0,97.0,7,1.0,target,1.75,0.12000000000000001,1.63
KXATPCHALLENGERMATCH-26JUL20MAYMAG-MAY,KXATPCHALLENGERMATCH-26JUL20MAYMAG,Challenger,1784562000,1784564760,64.0,37.0,8,2.0,stop,-2.16,0.27,-2.43
KXATPCHALLENGERMATCH-26JUL20JOHAGU-JOH,KXATPCHALLENGERMATCH-26JUL20JOHAGU,Challenger,1784564040,1784569500,63.0,95.0,8,1.0,target,2.56,0.17,2.39
KXATPCHALLENGERMATCH-26JUL20WINARS-WIN,KXATPCHALLENGERMATCH-26JUL20WINARS,Challenger,1784565240,1784567820,67.0,39.0,8,2.0,stop,-2.24,0.27,-2.5100000000000002
KXATPCHALLENGERMATCH-26JUL20KOZPAS-PAS,KXATPCHALLENGERMATCH-26JUL20KOZPAS,Challenger,1784567880,1784570460,61.0,93.0,9,1.0,target,2.88,0.2,2.6799999999999997
KXATPCHALLENGERMATCH-26JUL20WINARS-WIN,KXATPCHALLENGERMATCH-26JUL20WINARS,Challenger,1784569560,1784571300,69.0,40.0,7,1.0,stop,-2.03,0.22999999999999998,-2.26
KXATPCHALLENGERMATCH-26JUL20JOHAGU-JOH,KXATPCHALLENGERMATCH-26JUL20JOHAGU,Challenger,1784570520,1784571300,69.0,40.0,7,2.0,stop,-2.03,0.22999999999999998,-2.26
KXATPCHALLENGERMATCH-26JUL20KYMCLA-CLA,KXATPCHALLENGERMATCH-26JUL20KYMCLA,Challenger,1784572560,1784575440,62.0,36.0,8,2.0,stop,-2.08,0.27,-2.35
KXATPMATCH-26JUL20DJECIN-DJE,KXATPMATCH-26JUL20DJECIN,ATP,1784575740,1784581260,71.0,42.0,7,3.0,stop,-2.03,0.22999999999999998,-2.26
KXATPMATCH-26JUL20ROCMAR-MAR,KXATPMATCH-26JUL20ROCMAR,ATP,1784576820,1784581200,71.0,98.0,7,2.0,target,1.8900000000000001,0.12,1.77
KXATPMATCH-26JUL20DJECIN-DJE,KXATPMATCH-26JUL20DJECIN,ATP,1784582220,1784585940,70.0,65.0,7,3.0,settlement,-0.35000000000000003,0.11,-0.46
KXATPCHALLENGERMATCH-26JUL21BARVIS-VIS,KXATPCHALLENGERMATCH-26JUL21BARVIS,Challenger,1784622180,1784623800,62.0,93.0,8,1.0,target,2.48,0.18000000000000002,2.3
KXATPCHALLENGERMATCH-26JUL21ADDBAX-BAX,KXATPCHALLENGERMATCH-26JUL21ADDBAX,Challenger,1784622720,1784624760,72.0,98.0,7,1.0,target,1.82,0.11,1.71
KXATPCHALLENGERMATCH-26JUL21KUMPAV-KUM,KXATPCHALLENGERMATCH-26JUL21KUMPAV,Challenger,1784623080,1784624040,64.0,37.0,8,1.0,stop,-2.16,0.27,-2.43
KXATPCHALLENGERMATCH-26JUL21GRASAN-GRA,KXATPCHALLENGERMATCH-26JUL21GRASAN,Challenger,1784624280,1784625540,69.0,40.0,7,2.0,stop,-2.03,0.22999999999999998,-2.26
KXATPCHALLENGERMATCH-26JUL21MAYBRA-MAY,KXATPCHALLENGERMATCH-26JUL21MAYBRA,Challenger,1784628960,1784629680,64.0,37.0,8,2.0,stop,-2.16,0.27,-2.43
KXATPCHALLENGERMATCH-26JUL20CREMAT-MAT,KXATPCHALLENGERMATCH-26JUL20CREMAT,Challenger,1784631180,1784631360,63.0,37.0,8,1.0,stop,-2.08,0.28,-2.3600000000000003
KXATPCHALLENGERMATCH-26JUL21NAGNED-NED,KXATPCHALLENGERMATCH-26JUL21NAGNED,Challenger,1784632200,1784636580,69.0,98.0,7,1.0,target,2.03,0.12,1.9099999999999997
KXATPCHALLENGERMATCH-26JUL21HENMON-MON,KXATPCHALLENGERMATCH-26JUL21HENMON,Challenger,1784633280,1784635620,73.0,43.0,7,1.0,stop,-2.1,0.23,-2.33
KXATPMATCH-26JUL21BUEPER-BUE,KXATPMATCH-26JUL21BUEPER,ATP,1784635800,1784637180,69.0,40.0,7,3.0,stop,-2.03,0.22999999999999998,-2.26
KXATPCHALLENGERMATCH-26JUL21HENMON-MON,KXATPCHALLENGERMATCH-26JUL21HENMON,Challenger,1784637000,1784637300,61.0,36.0,9,1.0,stop,-2.25,0.3,-2.55
KXWTAMATCH-26JUL21CARNIE-NIE,KXWTAMATCH-26JUL21CARNIE,WTA,1784639460,1784639820,48.0,28.0,11,1.0,stop,-2.2,0.36,-2.56
KXATPCHALLENGERMATCH-26JUL21DIEBAR-DIE,KXATPCHALLENGERMATCH-26JUL21DIEBAR,Challenger,1784641320,1784645640,63.0,93.0,8,1.0,target,2.4,0.18000000000000002,2.2199999999999998
KXATPCHALLENGERMATCH-26JUL21VILIVA-VIL,KXATPCHALLENGERMATCH-26JUL21VILIVA,Challenger,1784642940,1784643780,73.0,43.0,7,2.000000000000007,stop,-2.1,0.23,-2.33
KXWTAMATCH-26JUL20KOVTAR-TAR,KXWTAMATCH-26JUL20KOVTAR,WTA,1784643240,1784644800,65.0,98.0,8,1.0,target,2.64,0.15,2.49
KXATPCHALLENGERMATCH-26JUL21VILIVA-VIL,KXATPCHALLENGERMATCH-26JUL21VILIVA,Challenger,1784644800,1784645040,86.0,98.0,6,1.0,target,0.72,0.06999999999999999,0.65
KXATPCHALLENGERMATCH-26JUL21STRPAS-STR,KXATPCHALLENGERMATCH-26JUL21STRPAS,Challenger,1784647560,1784650320,64.0,37.0,8,1.0,stop,-2.16,0.27,-2.43
KXATPCHALLENGERMATCH-26JUL21BOSVIR-BOS,KXATPCHALLENGERMATCH-26JUL21BOSVIR,Challenger,1784648940,1784652120,63.0,37.0,8,3.000000000000007,stop,-2.08,0.28,-2.3600000000000003
KXATPCHALLENGERMATCH-26JUL21MARMEN-MAR,KXATPCHALLENGERMATCH-26JUL21MARMEN,Challenger,1784649660,1784651640,80.0,98.0,6,1.0,target,1.08,0.08,1.0
KXATPCHALLENGERMATCH-26JUL20ARSRIC-RIC,KXATPCHALLENGERMATCH-26JUL20ARSRIC,Challenger,1784651520,1784652540,72.0,94.0,7,1.0,target,1.54,0.13,1.4100000000000001
KXATPCHALLENGERMATCH-26JUL21MARSWE-SWE,KXATPCHALLENGERMATCH-26JUL21MARSWE,Challenger,1784652900,1784654580,63.0,37.0,8,1.0,stop,-2.08,0.28,-2.3600000000000003
KXATPCHALLENGERMATCH-26JUL21STRPAS-STR,KXATPCHALLENGERMATCH-26JUL21STRPAS,Challenger,1784653020,1784653560,66.0,39.0,8,1.0,stop,-2.16,0.27,-2.43
KXATPCHALLENGERMATCH-26JUL21MARLAG-MAR,KXATPCHALLENGERMATCH-26JUL21MARLAG,Challenger,1784653380,1784655720,70.0,41.0,7,1.0,stop,-2.03,0.22999999999999998,-2.26
KXATPCHALLENGERMATCH-26JUL20ARSRIC-RIC,KXATPCHALLENGERMATCH-26JUL20ARSRIC,Challenger,1784654280,1784654640,62.0,94.0,8,1.0,target,2.56,0.18000000000000002,2.38
KXWTAMATCH-26JUL22HONTAG-TAG,KXWTAMATCH-26JUL22HONTAG,WTA,1784654640,1784816340,65.0,98.0,8,3.0,target,2.64,0.15,2.49
KXWTAMATCH-26JUL22CHAKRA-KRA,KXWTAMATCH-26JUL22CHAKRA,WTA,1784655900,1784732820,70.0,41.0,7,3.0,stop,-2.03,0.22999999999999998,-2.26
KXATPCHALLENGERMATCH-26JUL21KOZMAG-MAG,KXATPCHALLENGERMATCH-26JUL21KOZMAG,Challenger,1784656080,1784657220,63.0,37.0,8,1.0,stop,-2.08,0.28,-2.3600000000000003
KXATPCHALLENGERMATCH-26JUL21MARLAG-MAR,KXATPCHALLENGERMATCH-26JUL21MARLAG,Challenger,1784656680,1784657880,71.0,42.0,7,1.0,stop,-2.03,0.22999999999999998,-2.26
KXATPCHALLENGERMATCH-26JUL20HSUHAR-HSU,KXATPCHALLENGERMATCH-26JUL20HSUHAR,Challenger,1784657340,1784657940,71.0,98.0,7,1.0,target,1.8900000000000001,0.12,1.77
KXATPCHALLENGERMATCH-26JUL21KOZMAG-MAG,KXATPCHALLENGERMATCH-26JUL21KOZMAG,Challenger,1784659140,1784659200,60.0,35.0,9,2.0,stop,-2.25,0.31,-2.56
KXATPCHALLENGERMATCH-26JUL21CARHUE-HUE,KXATPCHALLENGERMATCH-26JUL21CARHUE,Challenger,1784659680,1784662920,68.0,98.0,8,1.0,target,2.4,0.15,2.25
KXATPCHALLENGERMATCH-26JUL21SHIBRO-SHI,KXATPCHALLENGERMATCH-26JUL21SHIBRO,Challenger,1784666040,1784668320,61.0,36.0,9,1.0,stop,-2.25,0.3,-2.55
KXATPCHALLENGERMATCH-26JUL22ZHOPAV-ZHO,KXATPCHALLENGERMATCH-26JUL22ZHOPAV,Challenger,1784667180,1784709720,61.0,36.0,9,3.000000000000007,stop,-2.25,0.3,-2.55
KXATPCHALLENGERMATCH-26JUL21SURHAR-SUR,KXATPCHALLENGERMATCH-26JUL21SURHAR,Challenger,1784668500,1784672580,62.0,93.0,8,1.0,target,2.48,0.18000000000000002,2.3
KXATPCHALLENGERMATCH-26JUL21HOLJOH-JOH,KXATPCHALLENGERMATCH-26JUL21HOLJOH,Challenger,1784681400,1784682300,54.0,31.0,10,2.000000000000007,stop,-2.3000000000000003,0.32999999999999996,-2.6300000000000003
KXATPCHALLENGERMATCH-26JUL22BARARN-BAR,KXATPCHALLENGERMATCH-26JUL22BARARN,Challenger,1784683680,1784722980,65.0,98.0,8,2.0,target,2.64,0.15,2.49
KXATPCHALLENGERMATCH-26JUL22BAXINC-INC,KXATPCHALLENGERMATCH-26JUL22BAXINC,Challenger,1784710140,1784738700,61.0,93.0,9,1.0,target,2.88,0.2,2.6799999999999997
KXWTAMATCH-26JUL23AVAPUT-PUT,KXWTAMATCH-26JUL23AVAPUT,WTA,1784723160,1784822460,64.0,37.0,8,1.0,stop,-2.16,0.27,-2.43
KXATPMATCH-26JUL23NAVHAL-NAV,KXATPMATCH-26JUL23NAVHAL,ATP,1784733120,1784800560,66.0,39.0,8,3.0,stop,-2.16,0.27,-2.43
KXATPMATCH-26JUL21TABTOR-TOR,KXATPMATCH-26JUL21TABTOR,ATP,1784741160,1784743200,62.0,97.0,8,1.0,target,2.8,0.16,2.6399999999999997
KXWTAMATCH-26JUL22BONNOH-NOH,KXWTAMATCH-26JUL22BONNOH,WTA,1784745780,1784746200,70.0,41.0,7,1.0,stop,-2.03,0.22999999999999998,-2.26
KXATPCHALLENGERMATCH-26JUL22BROZHA-ZHA,KXATPCHALLENGERMATCH-26JUL22BROZHA,Challenger,1784749260,1784750340,67.0,39.0,8,1.0,stop,-2.24,0.27,-2.5100000000000002
KXATPCHALLENGERMATCH-26JUL22KOKWAL-WAL,KXATPCHALLENGERMATCH-26JUL22KOKWAL,Challenger,1784754240,1784754600,63.0,37.0,8,1.0,stop,-2.08,0.28,-2.3600000000000003
KXATPCHALLENGERMATCH-26JUL22KOKWAL-WAL,KXATPCHALLENGERMATCH-26JUL22KOKWAL,Challenger,1784756040,1784756160,85.0,98.0,6,1.0,target,0.78,0.06999999999999999,0.7100000000000001
KXATPCHALLENGERMATCH-26JUL23SQURON-SQU,KXATPCHALLENGERMATCH-26JUL23SQURON,Challenger,1784760540,1784814960,66.0,98.0,8,3.0,target,2.56,0.15,2.41
KXATPCHALLENGERMATCH-26JUL23ALCDIE-DIE,KXATPCHALLENGERMATCH-26JUL23ALCDIE,Challenger,1784800620,1784803620,63.0,94.0,8,1.0,target,2.48,0.18000000000000002,2.3
KXWTAMATCH-26JUL22BARTAR-TAR,KXWTAMATCH-26JUL22BARTAR,WTA,1784803680,1784804220,62.0,36.0,8,1.0,stop,-2.08,0.27,-2.35
KXATPCHALLENGERMATCH-26JUL23EREPAL-PAL,KXATPCHALLENGERMATCH-26JUL23EREPAL,Challenger,1784804340,1784806020,78.0,93.0,7,1.0,target,1.05,0.13,0.92
KXATPMATCH-26JUL23HANBAE-HAN,KXATPMATCH-26JUL23HANBAE,ATP,1784806140,1784807400,66.0,93.0,8,1.0,target,2.16,0.17,1.9900000000000002
KXATPCHALLENGERMATCH-26JUL23EREPAL-PAL,KXATPCHALLENGERMATCH-26JUL23EREPAL,Challenger,1784807460,1784809380,53.0,31.0,10,1.0,stop,-2.2,0.32999999999999996,-2.5300000000000002
KXATPCHALLENGERMATCH-26JUL23KUZVIR-VIR,KXATPCHALLENGERMATCH-26JUL23KUZVIR,Challenger,1784809440,1784819700,68.0,98.0,8,2.0,target,2.4,0.15,2.25
KXATPMATCH-26JUL24HANHAL-HAN,KXATPMATCH-26JUL24HANHAL,ATP,1784816040,1784891400,65.0,38.0,8,3.0,stop,-2.16,0.27,-2.43
KXATPCHALLENGERMATCH-26JUL23MAYBRU-MAY,KXATPCHALLENGERMATCH-26JUL23MAYBRU,Challenger,1784820540,1784822880,61.0,94.0,9,1.0,target,2.97,0.19,2.7800000000000002
KXATPCHALLENGERMATCH-26JUL23FEABOY-FEA,KXATPCHALLENGERMATCH-26JUL23FEABOY,Challenger,1784821380,1784824020,76.0,98.0,7,1.0,target,1.54,0.09999999999999999,1.44
KXWTAMATCH-26JUL23AVAPUT-PUT,KXWTAMATCH-26JUL23AVAPUT,WTA,1784824080,1784826420,69.0,40.0,7,3.0,stop,-2.03,0.22999999999999998,-2.26
KXATPCHALLENGERMATCH-26JUL23PASMAR-MAR,KXATPCHALLENGERMATCH-26JUL23PASMAR,Challenger,1784828040,1784829360,77.0,45.0,7,3.0,stop,-2.24,0.22,-2.4600000000000004
KXATPCHALLENGERMATCH-26JUL23WOLWON-WON,KXATPCHALLENGERMATCH-26JUL23WOLWON,Challenger,1784828700,1784836080,61.0,36.0,9,1.0,stop,-2.25,0.3,-2.55
KXATPCHALLENGERMATCH-26JUL23MOCCHA-MOC,KXATPCHALLENGERMATCH-26JUL23MOCCHA,Challenger,1784830620,1784835060,67.0,39.0,8,1.0,stop,-2.24,0.27,-2.5100000000000002
KXATPCHALLENGERMATCH-26JUL23GOJSUR-SUR,KXATPCHALLENGERMATCH-26JUL23GOJSUR,Challenger,1784831520,1784834460,65.0,94.0,8,1.0,target,2.32,0.17,2.15
KXATPCHALLENGERMATCH-26JUL23MOCCHA-MOC,KXATPCHALLENGERMATCH-26JUL23MOCCHA,Challenger,1784836140,1784837040,74.0,100.0,7,1.0,settlement,1.82,0.1,1.72
KXATPCHALLENGERMATCH-26JUL23MONSHI-SHI,KXATPCHALLENGERMATCH-26JUL23MONSHI,Challenger,1784841180,1784843100,69.0,40.0,7,1.0,stop,-2.03,0.22999999999999998,-2.26
KXATPCHALLENGERMATCH-26JUL24INCSMI-SMI,KXATPCHALLENGERMATCH-26JUL24INCSMI,Challenger,1784845440,1784890620,67.0,39.0,8,2.0,stop,-2.24,0.27,-2.5100000000000002
KXATPCHALLENGERMATCH-26JUL23HOLDRA-HOL,KXATPCHALLENGERMATCH-26JUL23HOLDRA,Challenger,1784848920,1784849700,63.0,37.0,8,1.0,stop,-2.08,0.28,-2.3600000000000003
KXATPCHALLENGERMATCH-26JUL24HENSEY-SEY,KXATPCHALLENGERMATCH-26JUL24HENSEY,Challenger,1784848980,1784896380,69.0,98.0,7,3.0,target,2.03,0.12,1.9099999999999997
KXATPCHALLENGERMATCH-26JUL23HOLDRA-HOL,KXATPCHALLENGERMATCH-26JUL23HOLDRA,Challenger,1784853360,1784853900,63.0,37.0,8,1.0,stop,-2.08,0.28,-2.3600000000000003
KXATPCHALLENGERMATCH-26JUL24SQUVIR-VIR,KXATPCHALLENGERMATCH-26JUL24SQUVIR,Challenger,1784862780,1784908980,66.0,98.0,8,1.0,target,2.56,0.15,2.41
KXATPCHALLENGERMATCH-26JUL24ONCGEN-ONC,KXATPCHALLENGERMATCH-26JUL24ONCGEN,Challenger,1784892540,1784894340,72.0,33.0,7,1.0,stop,-2.73,0.21000000000000002,-2.94
KXATPCHALLENGERMATCH-26JUL24INCSMI-SMI,KXATPCHALLENGERMATCH-26JUL24INCSMI,Challenger,1784893500,1784894340,64.0,37.0,8,1.0,stop,-2.16,0.27,-2.43
KXATPCHALLENGERMATCH-26JUL24MARERE-MAR,KXATPCHALLENGERMATCH-26JUL24MARERE,Challenger,1784894520,1784896200,70.0,94.0,7,1.0,target,1.68,0.14,1.54
KXATPCHALLENGERMATCH-26JUL24KASBAR-KAS,KXATPCHALLENGERMATCH-26JUL24KASBAR,Challenger,1784896920,1784899020,64.0,37.0,8,2.0,stop,-2.16,0.27,-2.43
KXWTAMATCH-26JUL24BOUVAL-VAL,KXWTAMATCH-26JUL24BOUVAL,WTA,1784897100,1784898120,68.0,29.0,8,2.0,stop,-3.12,0.25,-3.37
KXWTAMATCH-26JUL24BOUVAL-VAL,KXWTAMATCH-26JUL24BOUVAL,WTA,1784899320,1784899620,82.0,43.0,6,1.0,stop,-2.34,0.18,-2.52
KXATPCHALLENGERMATCH-26JUL24SURMAR-SUR,KXATPCHALLENGERMATCH-26JUL24SURMAR,Challenger,1784900460,1784926860,61.0,36.0,9,2.000000000000007,stop,-2.25,0.3,-2.55
KXWTAMATCH-26JUL24TAGBEJ-TAG,KXWTAMATCH-26JUL24TAGBEJ,WTA,1784903580,1784906760,63.0,94.0,8,1.0,target,2.48,0.18000000000000002,2.3
KXWTAMATCH-26JUL25AVABON-BON,KXWTAMATCH-26JUL25AVABON,WTA,1784904180,1784983260,62.0,36.0,8,2.0,stop,-2.08,0.27,-2.35
KXATPCHALLENGERMATCH-26JUL24MORCRA-MOR,KXATPCHALLENGERMATCH-26JUL24MORCRA,Challenger,1784906880,1784908440,67.0,39.0,8,1.0,stop,-2.24,0.27,-2.5100000000000002
KXWTAMATCH-26JUL24KORKAL-KOR,KXWTAMATCH-26JUL24KORKAL,WTA,1784908800,1784909100,65.0,38.0,8,1.0,stop,-2.16,0.27,-2.43
KXATPCHALLENGERMATCH-26JUL24ZHEWAL-WAL,KXATPCHALLENGERMATCH-26JUL24ZHEWAL,Challenger,1784909880,1784914020,64.0,37.0,8,1.0,stop,-2.16,0.27,-2.43
KXATPMATCH-26JUL25VANGAS-VAN,KXATPMATCH-26JUL25VANGAS,ATP,1784911500,1785003420,62.0,95.0,8,3.0,target,2.64,0.17,2.47
KXATPCHALLENGERMATCH-26JUL24NOGBRO-NOG,KXATPCHALLENGERMATCH-26JUL24NOGBRO,Challenger,1784915340,1784915820,63.0,37.0,8,1.0,stop,-2.08,0.28,-2.3600000000000003
KXATPCHALLENGERMATCH-26JUL24FEAWOL-WOL,KXATPCHALLENGERMATCH-26JUL24FEAWOL,Challenger,1784922720,1784922960,75.0,44.0,7,1.0,stop,-2.17,0.23,-2.4
KXATPMATCH-26JUL25BLODAR-DAR,KXATPMATCH-26JUL25BLODAR,ATP,1784931600,1785008220,63.0,37.0,8,2.0,stop,-2.08,0.28,-2.3600000000000003
KXATPCHALLENGERMATCH-26JUL24SURMAR-SUR,KXATPCHALLENGERMATCH-26JUL24SURMAR,Challenger,1784932260,1784933640,56.00000000000001,100.0,9,1.0,settlement,3.9599999999999995,0.16,3.7999999999999994
KXATPCHALLENGERMATCH-26JUL24DRACHI-DRA,KXATPCHALLENGERMATCH-26JUL24DRACHI,Challenger,1784935020,1784935740,63.0,37.0,8,1.0,stop,-2.08,0.28,-2.3600000000000003
KXATPCHALLENGERMATCH-26JUL25KASVIR-VIR,KXATPCHALLENGERMATCH-26JUL25KASVIR,Challenger,1784935860,1784985420,63.0,95.0,8,3.0,target,2.56,0.17,2.39
KXATPCHALLENGERMATCH-26JUL25FEAZHE-ZHE,KXATPCHALLENGERMATCH-26JUL25FEAZHE,Challenger,1784983500,1785003240,61.0,36.0,9,1.0,stop,-2.25,0.3,-2.55
KXATPCHALLENGERMATCH-26JUL25SEYDIE-SEY,KXATPCHALLENGERMATCH-26JUL25SEYDIE,Challenger,1784985480,1784986320,67.0,39.0,8,1.0,stop,-2.24,0.27,-2.5100000000000002
KXATPCHALLENGERMATCH-26JUL25SEYDIE-SEY,KXATPCHALLENGERMATCH-26JUL25SEYDIE,Challenger,1784987280,1784989200,70.0,94.0,7,3.000000000000007,target,1.68,0.14,1.54
KXWTAMATCH-26JUL25AVABON-BON,KXWTAMATCH-26JUL25AVABON,WTA,1784989260,1784990160,64.0,37.0,8,1.0,stop,-2.16,0.27,-2.43
KXWTAMATCH-26JUL25TAGKRE-TAG,KXWTAMATCH-26JUL25TAGKRE,WTA,1784993820,1784994540,64.0,37.0,8,1.0,stop,-2.16,0.27,-2.43
KXWTAMATCH-26JUL25NGOLEP-LEP,KXWTAMATCH-26JUL25NGOLEP,WTA,1784996220,1785000420,68.0,40.0,8,1.0,stop,-2.24,0.27,-2.5100000000000002
KXATPCHALLENGERMATCH-26JUL25MARCRA-MAR,KXATPCHALLENGERMATCH-26JUL25MARCRA,Challenger,1785002940,1785006180,61.0,36.0,9,1.0,stop,-2.25,0.3,-2.55
KXATPCHALLENGERMATCH-26JUL25BROSAM-SAM,KXATPCHALLENGERMATCH-26JUL25BROSAM,Challenger,1785003660,1785007800,67.0,98.0,8,1.0,target,2.48,0.15,2.33
KXATPCHALLENGERMATCH-26JUL25MARCRA-MAR,KXATPCHALLENGERMATCH-26JUL25MARCRA,Challenger,1785007260,1785008040,71.0,42.0,7,1.0,stop,-2.03,0.22999999999999998,-2.26
KXATPMATCH-26JUL25SVAYME-SVA,KXATPMATCH-26JUL25SVAYME,ATP,1785009180,1785011820,72.0,98.0,7,1.0,target,1.82,0.11,1.71
KXATPMATCH-26JUL25OCOMAR-MAR,KXATPMATCH-26JUL25OCOMAR,ATP,1785010440,1785010920,61.0,36.0,9,1.0,stop,-2.25,0.3,-2.55
KXATPMATCH-26JUL25MCDBUT-BUT,KXATPMATCH-26JUL25MCDBUT,ATP,1785010620,1785012120,69.0,40.0,7,1.0,stop,-2.03,0.22999999999999998,-2.26
KXATPMATCH-26JUL25BLODAR-DAR,KXATPMATCH-26JUL25BLODAR,ATP,1785011940,1785015540,58.99999999999999,0.0,9,1.0,settlement,-5.31,0.16,-5.47
KXATPMATCH-26JUL25OCOMAR-MAR,KXATPMATCH-26JUL25OCOMAR,ATP,1785013200,1785013380,62.0,36.0,8,1.0,stop,-2.08,0.27,-2.35
KXATPMATCH-26JUL26VUKBOL-VUK,KXATPMATCH-26JUL26VUKBOL,ATP,1785015420,1785077160,64.0,95.0,8,2.0,target,2.48,0.16,2.32
KXWTAMATCH-26JUL25LEASMI-SMI,KXWTAMATCH-26JUL25LEASMI,WTA,1785019380,1785021240,49.0,93.0,11,3.000000000000007,target,4.84,0.26,4.58
KXATPCHALLENGERMATCH-26JUL26MARPAV-PAV,KXATPCHALLENGERMATCH-26JUL26MARPAV,Challenger,1785022440,1785089040,67.0,98.0,8,2.0,target,2.48,0.15,2.33
KXWTAMATCH-26JUL25DREPAY-DRE,KXWTAMATCH-26JUL25DREPAY,WTA,1785027060,1785029340,72.0,98.0,7,1.0,target,1.82,0.11,1.71
KXATPMATCH-26JUL25ALVAWIN-ALVA,KXATPMATCH-26JUL25ALVAWIN,ATP,1785030720,1785034500,66.0,39.0,8,1.0,stop,-2.16,0.27,-2.43
KXATPMATCH-26JUL25MAGJOH-JOH,KXATPMATCH-26JUL25MAGJOH,ATP,1785030840,1785032280,62.0,36.0,8,1.0,stop,-2.08,0.27,-2.35
KXATPMATCH-26JUL25TOBTOM-TOB,KXATPMATCH-26JUL25TOBTOM,ATP,1785032520,1785033300,70.0,41.0,7,1.0,stop,-2.03,0.22999999999999998,-2.26
KXATPMATCH-26JUL25MEJHER-HER,KXATPMATCH-26JUL25MEJHER,ATP,1785038460,1785040980,58.99999999999999,93.0,9,1.0,target,3.0600000000000005,0.21000000000000002,2.8500000000000005
KXATPCHALLENGERMATCH-26JUL26MICFEA-MIC,KXATPCHALLENGERMATCH-26JUL26MICFEA,Challenger,1785044400,1785090660,67.0,94.0,8,2.0,target,2.16,0.17,1.9900000000000002
KXATPCHALLENGERMATCH-26JUL26DRASAM-SAM,KXATPCHALLENGERMATCH-26JUL26DRASAM,Challenger,1785046020,1785090120,67.0,98.0,8,1.0,target,2.48,0.15,2.33
KXATPMATCH-26JUL26DAMSHE-SHE,KXATPMATCH-26JUL26DAMSHE,ATP,1785077220,1785078180,68.0,40.0,8,1.0,stop,-2.24,0.27,-2.5100000000000002
KXATPMATCH-26JUL26HERMAG-MAG,KXATPMATCH-26JUL26HERMAG,ATP,1785078300,1785123600,62.0,36.0,8,1.0,stop,-2.08,0.27,-2.35
KXATPMATCH-26JUL26SVAHEW-SVA,KXATPMATCH-26JUL26SVAHEW,ATP,1785090060,1785090480,71.0,42.0,7,1.0,stop,-2.03,0.22999999999999998,-2.26
KXWTAMATCH-26JUL26KASSMI-SMI,KXWTAMATCH-26JUL26KASSMI,WTA,1785094080,1785094560,67.0,39.0,8,2.0,stop,-2.24,0.27,-2.5100000000000002
KXATPMATCH-26JUL26MCDSVA-SVA,KXATPMATCH-26JUL26MCDSVA,ATP,1785095100,1785097200,72.0,98.0,7,1.0,target,1.82,0.11,1.71
KXATPCHALLENGERMATCH-26JUL27POLKOV-POL,KXATPCHALLENGERMATCH-26JUL27POLKOV,Challenger,1785099900,1785146700,64.0,94.0,8,3.0,target,2.4,0.17,2.23
KXATPCHALLENGERMATCH-26JUL27GOMBER-GOM,KXATPCHALLENGERMATCH-26JUL27GOMBER,Challenger,1785106560,1785156060,70.0,98.0,7,3.0,target,1.9600000000000002,0.12,1.8400000000000003
KXWTAMATCH-26JUL26PRODRE-DRE,KXWTAMATCH-26JUL26PRODRE,WTA,1785113940,1785114720,70.0,41.0,7,1.0,stop,-2.03,0.22999999999999998,-2.26
KXWTAMATCH-26JUL26LIUKOZ-LIU,KXWTAMATCH-26JUL26LIUKOZ,WTA,1785114960,1785121020,65.0,98.0,8,1.0,target,2.64,0.15,2.49
KXATPCHALLENGERMATCH-26JUL26BITYIL-YIL,KXATPCHALLENGERMATCH-26JUL26BITYIL,Challenger,1785139620,1785140040,65.0,38.0,8,1.0,stop,-2.16,0.27,-2.43
KXATPCHALLENGERMATCH-26JUL27LAPIE-PIE,KXATPCHALLENGERMATCH-26JUL27LAPIE,Challenger,1785142980,1785149640,70.0,98.0,7,2.0,target,1.9600000000000002,0.12,1.8400000000000003
KXATPCHALLENGERMATCH-26JUL27SAKMAR-SAK,KXATPCHALLENGERMATCH-26JUL27SAKMAR,Challenger,1785146040,1785150840,58.99999999999999,98.0,9,1.0,target,3.5100000000000007,0.18,3.3300000000000005
KXATPCHALLENGERMATCH-26JUL27BASNAK-NAK,KXATPCHALLENGERMATCH-26JUL27BASNAK,Challenger,1785147600,1785147960,61.0,93.0,9,1.0,target,2.88,0.2,2.6799999999999997
KXATPCHALLENGERMATCH-26JUL27VARFOR-VAR,KXATPCHALLENGERMATCH-26JUL27VARFOR,Challenger,1785148260,1785150240,68.0,40.0,8,1.0,stop,-2.24,0.27,-2.5100000000000002
KXATPCHALLENGERMATCH-26JUL27VARFOR-VAR,KXATPCHALLENGERMATCH-26JUL27VARFOR,Challenger,1785151440,1785153840,68.0,40.0,8,3.0,stop,-2.24,0.27,-2.5100000000000002
KXATPCHALLENGERMATCH-26JUL27TOPABO-TOP,KXATPCHALLENGERMATCH-26JUL27TOPABO,Challenger,1785153240,1785156600,61.0,98.0,9,1.0,target,3.33,0.16999999999999998,3.16
KXATPCHALLENGERMATCH-26JUL27MCKTOK-TOK,KXATPCHALLENGERMATCH-26JUL27MCKTOK,Challenger,1785153420,1785155340,69.0,98.0,7,1.0,target,2.03,0.12,1.9099999999999997
KXATPCHALLENGERMATCH-26JUL27BRASUL-SUL,KXATPCHALLENGERMATCH-26JUL27BRASUL,Challenger,1785156060,1785162420,62.0,36.0,8,2.0,stop,-2.08,0.27,-2.35
KXATPCHALLENGERMATCH-26JUL27RINPRA-PRA,KXATPCHALLENGERMATCH-26JUL27RINPRA,Challenger,1785156720,1785163980,67.0,94.0,8,1.0,target,2.16,0.17,1.9900000000000002
