date,start,tour,tournament,surface,round,p1,r1,p2,r2,gap,p1_win_rank
2026-08-06,00:20,ITF_WOMEN,"W35 Southaven, MS",hard,R32,A. Shcherbinina,583.0,C. Tanguilig,622.0,39.0,0.5145652818555525
2026-08-06,00:20,ITF_WOMEN,"W35 Southaven, MS",hard,R32,A. Teixido Garcia,366.0,A. Zhu,,,
2026-08-06,00:20,ITF_WOMEN_DOUBLES,"W35 Southaven, MS",hard,R16,Berardi/ Crowder,,Chan/ Hui,,,
2026-08-06,00:25,ATP,Montreal,hard,,T. Droguet,119.0,J. Faria,79.0,-40.0,0.4088532326593913
2026-08-06,00:35,ATP,Montreal,hard,R64,V. Royer,78.0,T. Paul,24.0,-54.0,0.2571586097610199
2026-08-06,00:45,CHALLENGER_DOUBLES,Lexington,hard,R16,Bolt/ Harris,,Goldhoff/ Hilderbrand,,,
2026-08-06,00:55,ITF_WOMEN_DOUBLES,"W100 Landisville, PA",hard,R16,Cho I-/Cho,,Akli/ Brantmeier,,,
2026-08-06,01:00,ITF_MEN_DOUBLES,"M25 Southaven, MS",hard,R16,Chunduru/ Chunduru,,Frusina/ Nolan,,,
2026-08-06,01:00,WTA,Toronto,hard,R64,A. Parks,68.0,A. Eala,28.0,-40.0,0.31033087737703263
2026-08-06,01:05,ATP,Montreal,hard,R64,L. Tien,19.0,G. Monfils,347.0,328.0,0.9317824321470913
2026-08-06,01:15,ITF_MEN_DOUBLES,"M25 Southaven, MS",hard,R16,Exsted/ Woestendick,,Nefve/ Zapp,,,
2026-08-06,01:35,ITF_WOMEN_DOUBLES,"W35 Southaven, MS",hard,R16,Diianni/ Diianni,,Lee/ Sema,,,
2026-08-06,01:55,ITF_MEN_DOUBLES,"M25 Southaven, MS",hard,R16,Honda/ Sakagawa,,Anthrop/ Bennani,,,
2026-08-06,01:55,ITF_WOMEN_DOUBLES,"W100 Landisville, PA",hard,R16,Crawley/ Daniel,,Kozyreva/ Okalova,,,
2026-08-06,02:00,ITF_MEN_DOUBLES,"M25 Southaven, MS",hard,R16,Peck/ Vega,,Barrett/ Corwin,,,
2026-08-06,02:00,ITF_WOMEN,W15 Tianjin,hard,R16,C. Zhu,684.0,J. Dong,,,
2026-08-06,02:00,ITF_WOMEN,W15 Tianjin,hard,R16,S. Noguchi,657.0,J. Zhang,634.0,-23.0,0.4919827977752601
2026-08-06,02:00,ITF_WOMEN,W15 Tianjin,hard,R16,Y. J. Lin,,Y. Qu,,,
2026-08-06,02:00,ITF_WOMEN,W15 Tianjin,hard,R16,S. Y. Cheuk,629.0,Y. Shao,796.0,167.0,0.5527828893003454
2026-08-06,02:00,ITF_MEN,M15 Tianjin,hard,R16,Han Seon Yong,,D. Sarksian,936.0,,
2026-08-06,02:00,ITF_MEN,M15 Tianjin,hard,R16,D. Hwang,,K. Lee,613.0,,
2026-08-06,02:00,ITF_MEN,M15 Tianjin,hard,R16,T. Karigyo,,T. Huang,623.0,,
2026-08-06,02:00,ITF_MEN,M15 Tianjin,hard,R16,Y. Mochizuki,732.0,R. Gao,,,
2026-08-06,02:25,ITF_WOMEN_DOUBLES,"W35 Southaven, MS",hard,R16,Navarro/ Rodriguez,,Lutkemeyer/ Tian,,,
2026-08-06,03:30,ITF_WOMEN,W15 Tianjin,hard,R16,R. Zhang,707.0,Y. Wang,700.0,-7.0,0.49776119052023415
2026-08-06,03:30,ITF_WOMEN,W15 Tianjin,hard,R16,C. Yuan,499.0,L. X. Leong S.,974.0,475.0,0.6460965207556487
2026-08-06,03:30,ITF_WOMEN,W15 Tianjin,hard,R16,X. Luo,776.0,J. Wang,541.0,-235.0,0.41954051200773296
2026-08-06,03:30,ITF_WOMEN,W15 Tianjin,hard,R16,G. Jang,665.0,M. Guo,552.0,-113.0,0.4581940579993541
2026-08-06,03:30,ITF_MEN,M15 Tianjin,hard,R16,Sun Qian,930.0,H. Lu,,,
2026-08-06,03:30,ITF_MEN,M15 Tianjin,hard,R16,S. Ann,,D. J. Kim,704.0,,
2026-08-06,03:30,ITF_MEN,M15 Tianjin,hard,R16,M. Dellavedova,307.0,Y. Chung,,,
2026-08-06,03:30,ITF_MEN,M15 Tianjin,hard,R16,G. J. Kim,,I. Becroft,872.0,,
2026-08-06,05:00,ITF_MEN,M15 Astana 2 (Kazakhstan),hard,R32,Y. Tanaka,,S. Mitsui,652.0,,
2026-08-06,05:00,ITF_MEN,M15 Astana 2 (Kazakhstan),hard,R32,E. Philippov,,I. Maratuly,,,
2026-08-06,05:00,ITF_MEN,M15 Astana 2 (Kazakhstan),hard,R32,K. Singh,552.0,S. Imai,851.0,299.0,0.5961810287934391
2026-08-06,05:00,ITF_WOMEN,W15 Astana 4 (Kazakhstan),hard,R32,E. Tupitsyna,651.0,A. Arystanbekova,932.0,281.0,0.5800407934319767
2026-08-06,05:00,ITF_WOMEN,W15 Astana 4 (Kazakhstan),hard,R32,Y. Panwar,,I. Kurt,682.0,,
2026-08-06,05:00,ITF_WOMEN,W15 Astana 4 (Kazakhstan),hard,R32,V. Milovanova,449.0,A. Malova,,,
2026-08-06,05:00,ITF_WOMEN,W15 Astana 4 (Kazakhstan),hard,R32,N. Sozaonova,,H. Im,,,
2026-08-06,05:00,ITF_MEN,M15 Astana 2 (Kazakhstan),hard,R32,I. Gretskiy,,Y. Yerdilda,,,
2026-08-06,05:00,ITF_MEN,M15 Astana 2 (Kazakhstan),hard,R32,M. Borisiouk,939.0,E. Agafonov,686.0,-253.0,0.42983017497524506
2026-08-06,05:00,ITF_MEN,M15 Astana 2 (Kazakhstan),hard,R32,T. Yamanaka,857.0,S. Petrov,,,
2026-08-06,06:00,ITF_MEN_DOUBLES,M15 Tianjin,hard,QF,Hongyu/ Lee,,Yang/ Zhao,,,
2026-08-06,06:00,ITF_WOMEN_DOUBLES,W15 Tianjin,hard,QF,Li/ Sun,,Moon/ Nishimoto,,,
2026-08-06,06:00,ITF_WOMEN_DOUBLES,W15 Tianjin,hard,QF,Kim/ Shin,,Kang/ Kim,,,
2026-08-06,06:30,ITF_MEN,M15 Astana 2 (Kazakhstan),hard,R32,P. Sornlaksup,748.0,Z. Nurlanuly,,,
2026-08-06,06:30,ITF_MEN,M15 Astana 2 (Kazakhstan),hard,R32,A. Kachmazov,822.0,S. Fukuda,779.0,-43.0,0.48791325158825455
2026-08-06,06:30,ITF_MEN,M15 Astana 2 (Kazakhstan),hard,R32,R. P. Senthil Kumar,,M. Sasikumar,578.0,,
2026-08-06,06:30,ITF_WOMEN,W15 Astana 4 (Kazakhstan),hard,R32,A. D. Nitture,951.0,E. Mamedova,842.0,-109.0,0.4726372045127861
2026-08-06,06:30,ITF_WOMEN,W15 Astana 4 (Kazakhstan),hard,R32,Y. Hosoki,,Z. Desai,549.0,,
2026-08-06,06:30,ITF_MEN,M15 Astana 2 (Kazakhstan),hard,R32,A. Klichnikov,,A. Paparkar,,,
2026-08-06,06:30,ITF_WOMEN,W15 Astana 4 (Kazakhstan),hard,R32,A. Sedysheva,968.0,M. Qureshi,,,
2026-08-06,06:30,ITF_WOMEN,W15 Astana 4 (Kazakhstan),hard,R32,Kim Eunchae,,S. J. Jang,666.0,,
2026-08-06,06:30,ITF_WOMEN,W15 Astana 4 (Kazakhstan),hard,R32,S. Atay,994.0,A. Pushkareva,,,
2026-08-06,06:30,ITF_WOMEN,W15 Astana 4 (Kazakhstan),hard,R32,D. Zelinskaya,606.0,A. Arifullina,805.0,199.0,0.5635460210064619
2026-08-06,07:00,ITF_WOMEN,W15 Hameenlinna,clay,R32,L. Hietaranta,379.0,K. Blazkova,,,
2026-08-06,07:00,ITF_WOMEN,W15 Kursumlijska Banja 12,clay,R16,V. Paganetti,492.0,G. Krastenova,,,
2026-08-06,07:00,ITF_WOMEN,W15 Kursumlijska Banja 12,clay,R16,P. Drame,,M. Herazo Gonzalez,798.0,,
2026-08-06,07:00,ITF_MEN,M25 Kursumlijska Banja 2,clay,R16,. V. Krstic,,V. Radjenovic,,,
2026-08-06,07:00,ITF_MEN,M25 Kursumlijska Banja 2,clay,R16,M. Maksimovic,996.0,A. Pisaric,,,
2026-08-06,07:00,ITF_MEN,M25 Kursumlijska Banja 2,clay,R16,A. Zgirovsky,,D. Obradovic,472.0,,
2026-08-06,07:00,ITF_MEN,M25 Kursumlijska Banja 2,clay,R16,W. Ahouda,,J. Plans,832.0,,
2026-08-06,07:00,ITF_MEN,M15 Curtea De Arges 2 (Romania),clay,R16,R. Guna,914.0,F. Ferrari,,,
2026-08-06,07:00,ITF_MEN,M15 Curtea De Arges 2 (Romania),clay,R16,A. C. Gadoiu,,R. T. Pieleanu,,,
2026-08-06,07:00,ITF_MEN,M15 Curtea De Arges 2 (Romania),clay,R16,S. A. Andreescu,649.0,M. Sciahbasi,,,
2026-08-06,07:00,ITF_WOMEN,W15 Kursumlijska Banja 12,clay,R16,E. Agureeva,,A. Bulatova,588.0,,
2026-08-06,07:00,ITF_WOMEN,W15 Hameenlinna,clay,R16,V. Van De Peer,710.0,R. Gailis,900.0,190.0,0.5531526124676945
2026-08-06,07:00,ITF_WOMEN,W15 Hameenlinna,clay,R16,E. V. Eigelsbach,,D. Vaissaud,580.0,,
2026-08-06,07:30,ITF_MEN_DOUBLES,M15 Tianjin,hard,QF,Lai/ Sarksian,,Becroft/ Shearer,,,
2026-08-06,07:30,ITF_MEN_DOUBLES,M15 Tianjin,hard,QF,Kikuchi/ Taguchi,,Chung/ Han Seon Yong,,,
2026-08-06,07:30,ITF_MEN_DOUBLES,M15 Tianjin,hard,QF,Huang/ Wang,,Ann/ Lee,,,
2026-08-06,07:30,ITF_WOMEN_DOUBLES,W15 Tianjin,hard,QF,Chen/ Wang,,Gao/ Lan,,,
2026-08-06,07:30,ITF_WOMEN_DOUBLES,W15 Tianjin,hard,QF,Desvignes/ Cheuk,,Lin/ Zhang,,,
2026-08-06,07:30,ITF_MEN,M15 Poprad,clay,R16,M. Ujvary,,S. Hamza Reguig,683.0,,
2026-08-06,07:30,ITF_MEN,M15 Poprad,clay,R16,S. Sec,,M. Novansky,,,
2026-08-06,07:30,ITF_MEN,M15 Poprad,clay,R16,L. Rivera,,D. Bakonyi,,,
2026-08-06,07:30,ITF_MEN,M15 Poprad,clay,R16,A. Gil Garcia,,J. Hallquist Lithen,758.0,,
2026-08-06,08:00,ITF_WOMEN,W15 Astana 4 (Kazakhstan),hard,R32,S. Toregen,,K. Bataikina,,,
2026-08-06,08:00,ITF_MEN,M15 Astana 2 (Kazakhstan),hard,R32,D. Brand,,O. Shimanov,922.0,,
2026-08-06,08:00,ITF_WOMEN,W75 Koksijde (Belgium),clay,R16,T. Di Girolami,654.0,B. Szabo,572.0,-82.0,0.4698935827996058
2026-08-06,08:00,ITF_WOMEN,W15 Astana 4 (Kazakhstan),hard,R32,H. Arakawa,725.0,A. Bazderova,,,
2026-08-06,08:00,ITF_WOMEN,W75 Ourense (Spain),hard,R16,I. Shinikova,442.0,M. Hodzic,305.0,-137.0,0.4172924113697571
2026-08-06,08:00,ITF_WOMEN,W75 Ourense (Spain),hard,R16,C. Zanolini,498.0,A. Dudeney,230.0,-268.0,0.33286205331850405
2026-08-06,08:00,ITF_WOMEN,W15 Astana 4 (Kazakhstan),hard,R32,S. Kenzhibayeva,,L. Rothensteiner,,,
2026-08-06,08:00,ITF_WOMEN,W75 Ourense (Spain),hard,R16,B. Du Pree,340.0,X. Gao,249.0,-91.0,0.430369576967125
2026-08-06,08:00,ITF_WOMEN_DOUBLES,W15 Astana 4 (Kazakhstan),hard,QF,Hosoki/ Yoshioka,,Kharlanova/ Mamedova,,,
2026-08-06,08:00,ITF_WOMEN_DOUBLES,W15 Astana 4 (Kazakhstan),hard,QF,Fedorova/ Sedysheva,,Milovanova/ Zelinskaya,,,
2026-08-06,08:00,ITF_WOMEN_DOUBLES,W15 Astana 4 (Kazakhstan),hard,QF,Lee/ Pushkareva,,Arystanbekova/ Dyussebay,,,
2026-08-06,08:00,ITF_MEN,M15 Astana 2 (Kazakhstan),hard,R32,M. Kesharwani,,A. Omarkhanov,627.0,,
2026-08-06,08:00,ITF_MEN,M25 Kursumlijska Banja 2,clay,R16,R. Bennani,463.0,R. Tiukaev,,,
2026-08-06,08:00,ITF_MEN,M25 Kursumlijska Banja 2,clay,R16,C. Warik,,L. Comino,,,
2026-08-06,08:00,ITF_MEN,M25 Kursumlijska Banja 2,clay,R16,V. Jankanj,,A. Yazdani,903.0,,
2026-08-06,08:00,ITF_MEN,M25 Kursumlijska Banja 2,clay,R16,L. Ceramilac,,B. Artnak,460.0,,
2026-08-06,08:00,ITF_MEN,M15 Bielsko Biala,clay,R16,V. Orlov,431.0,N. Guttau,,,
2026-08-06,08:00,ITF_MEN,M15 Bielsko Biala,clay,R16,W. Marek,,P. Juszczak,,,
2026-08-06,08:00,ITF_MEN,M15 Bielsko Biala,clay,R16,N. Larwig,,A. Beckley,553.0,,
2026-08-06,08:00,ITF_MEN,M15 Bielsko Biala,clay,R16,J. Gschwendtner,1008.0,G. Hausberger,,,
2026-08-06,08:30,ITF_WOMEN,W15 Kursumlijska Banja 12,clay,R16,C. Van Zonneveld,,B. Barbulescu,587.0,,
2026-08-06,08:30,ITF_WOMEN,W15 Kursumlijska Banja 12,clay,R16,V. Panshina,360.0,F. Dorofeeva-Rybas,865.0,505.0,0.6876086077347965
2026-08-06,08:30,ITF_WOMEN,W15 Kursumlijska Banja 12,clay,R16,R. Munk Mortensen,625.0,A. El Aouni,665.0,40.0,0.5139543382782719
2026-08-06,08:30,ITF_MEN,M15 Curtea De Arges 2 (Romania),clay,R16,N. Robert,849.0,C. Rojas,,,
2026-08-06,08:30,ITF_MEN,M15 Curtea De Arges 2 (Romania),clay,R16,I. B. Petre S.,,F. Tenti,901.0,,
2026-08-06,08:30,ITF_MEN,M15 Curtea De Arges 2 (Romania),clay,R16,M. R. Marinescu,,G. Misasi,919.0,,
2026-08-06,08:30,ITF_WOMEN,W15 Hameenlinna,clay,R16,V. Pohle,894.0,V. Ahti,,,
2026-08-06,08:30,ITF_WOMEN,W15 Hameenlinna,clay,R16,A. Chlpac,997.0,M. Hageman,810.0,-187.0,0.4533994214085653
2026-08-06,08:30,ITF_WOMEN,W15 Hameenlinna,clay,R16,D. Vismane,,D. Lopatetska,,,
2026-08-06,09:00,CHALLENGER_WOMEN,Warsaw,hard,QF,J. Mikulskyte,241.0,G. Knutson,219.0,-22.0,0.4784751411627673
2026-08-06,09:00,ITF_MEN,M25 Roehampton,grass,R16,C. Broom,287.0,N. Jadoun,815.0,528.0,0.7189653731244656
2026-08-06,09:00,ITF_WOMEN,W35 Roehampton,hard,R16,A. Tubello,204.0,E. Appleton,519.0,315.0,0.6985506121976957
2026-08-06,09:00,ITF_WOMEN,W35 Roehampton,hard,R16,N. Sato,488.0,H. Abe,323.0,-165.0,0.40820355480181747
2026-08-06,09:00,ITF_WOMEN,W75 Koksijde (Belgium),clay,R16,L. Ebeling Koning,601.0,E. Bennemann,292.0,-309.0,0.3430668314635949
2026-08-06,09:00,ITF_WOMEN,W75 Leipzig (Germany),clay,R16,A. Lazaro Garcia,151.0,A. Zantedeschi,289.0,138.0,0.6420406452180275
2026-08-06,09:00,ITF_WOMEN,W75 Leipzig (Germany),clay,R16,E. Malygina,317.0,L. Vladson,795.0,478.0,0.6958252769336806
2026-08-06,09:00,ITF_WOMEN,W75 Ourense (Spain),hard,R16,F. Jorge,233.0,K. Pavlova,354.0,121.0,0.5930124053956455
2026-08-06,09:00,ITF_WOMEN,W75 Ourense (Spain),hard,R16,Y. Kabbaj,266.0,S. Zhiyenbayeva,738.0,472.0,0.7147165461531868
2026-08-06,09:00,ITF_WOMEN,W35 Roehampton,hard,R16,B. Black,827.0,M. Ekstrand,924.0,97.0,0.524933461418603
2026-08-06,09:00,CHALLENGER_DOUBLES,Hagen,clay,QF,Arias/ Ingildsen,,Paulson/ Vliegen,,,
2026-08-06,09:00,CHALLENGER,Hagen,clay,R16,M. Dodig,257.0,L. Giustino,198.0,-59.0,0.44158592168980765
2026-08-06,09:00,CHALLENGER,Grodzisk Mazowiecki,hard,R16,I. Ivashka,402.0,H. Mayot,255.0,-147.0,0.3989913261495486
2026-08-06,09:00,ITF_MEN,M15 Poprad,clay,R16,J. Wygona,,N. Hipfl,913.0,,
2026-08-06,09:00,ITF_MEN,M15 Poprad,clay,R16,M. Pizzigoni,,D. Macej,,,
2026-08-06,09:00,ITF_MEN,M15 Poprad,clay,R16,P. Makk,546.0,F. Livet Novkirichka,,,
2026-08-06,09:00,ITF_MEN,M15 Poprad,clay,R16,A. Aleshchev,,K. Filar,596.0,,
2026-08-06,09:00,ITF_MEN,M25 Roehampton,grass,R16,S. Dominko,,A. Matusevich,350.0,,
2026-08-06,09:00,ITF_MEN,M15 Frankfurt,clay,R16,B. J. Reinhard,,K. Kivattsev,572.0,,
2026-08-06,09:00,ITF_MEN,M15 Frankfurt,clay,R16,N. Niedner,,V. Dullinger,,,
2026-08-06,09:00,ITF_MEN,M15 Frankfurt,clay,R16,S. Corbinais,,Z. Sesko,960.0,,
2026-08-06,09:00,ITF_MEN,M15 Bielsko Biala,clay,R16,M. Zielinski,586.0,A. Wagner,,,
2026-08-06,09:00,ITF_MEN,M15 Bielsko Biala,clay,R16,M. Savano,,J. Filip,933.0,,
2026-08-06,09:00,ITF_MEN,M15 Bielsko Biala,clay,R16,J. Sadzik,,D. Salazar,833.0,,
2026-08-06,09:00,ITF_MEN,M15 Bielsko Biala,clay,R16,L. Lagerbohm,973.0,J. Hrazdil,,,
2026-08-06,09:00,ITF_WOMEN,W75 Leipzig (Germany),clay,R16,C. W. Hennemann,267.0,L. Encheva,456.0,189.0,0.6181538830686548
2026-08-06,09:00,ITF_WOMEN,W75 Ourense (Spain),hard,R16,R. Saigo,327.0,C. Cervino Ruiz,736.0,409.0,0.6748366418608677
2026-08-06,09:30,ITF_WOMEN_DOUBLES,W15 Astana 4 (Kazakhstan),hard,QF,Im/ Kim Eunchae,,Kakenova/ Krymkova,,,
2026-08-06,09:30,ITF_MEN_DOUBLES,M15 Astana 2 (Kazakhstan),hard,QF,Maratuly/ Trebukhin,,Rakhmatullayev/ Zhalgasbay,,,
2026-08-06,09:30,ITF_MEN_DOUBLES,M15 Astana 2 (Kazakhstan),hard,QF,Borisiouk/ Singh,,Lutkovskii/ Philippov,,,
2026-08-06,09:30,ITF_MEN_DOUBLES,M15 Astana 2 (Kazakhstan),hard,QF,Bessonov/ Shebekin,,Sornlaksup/ Takahata,,,
2026-08-06,09:30,ITF_MEN_DOUBLES,M15 Astana 2 (Kazakhstan),hard,QF,Duhan/ Murtaza,,Tabata/ Yamanaka,,,
2026-08-06,10:00,ITF_WOMEN,W75 Leipzig (Germany),clay,R16,I. Burillo Escorihuela,283.0,T. Manescu,903.0,620.0,0.7396688458809416
2026-08-06,10:00,CHALLENGER_WOMEN,Warsaw,hard,QF,M. Barthel,221.0,E. Yaneva,,,
2026-08-06,10:00,ITF_WOMEN,W35 Roehampton,hard,R16,A. Korpanec Davies,711.0,S. J. Visscher,385.0,-326.0,0.3653805334796262
2026-08-06,10:00,ITF_WOMEN,W75 Leipzig (Germany),clay,R16,A. Kovackova,430.0,L. Gjorcheska,223.0,-207.0,0.3564164296759607
2026-08-06,10:00,ITF_MEN_DOUBLES,M25 Kursumlijska Banja 2,clay,QF,Ahouda/ Manukyan,,Jovic/ Markovski,,,
2026-08-06,10:00,CHALLENGER,Grodzisk Mazowiecki,hard,R16,D. Dzumhur,104.0,M. Erhard,359.0,255.0,0.7530672201578619
2026-08-06,10:00,ITF_WOMEN,W15 Kursumlijska Banja 12,clay,R16,U. Lekomtseva,934.0,M. Masiianskaia,,,
2026-08-06,10:00,ITF_WOMEN,W15 Kursumlijska Banja 12,clay,R16,M. Jovanovic,,D. Glushkova,419.0,,
2026-08-06,10:00,CHALLENGER_DOUBLES,Grodzisk Mazowiecki,hard,QF,Banthia/ Donski,,Dev S D/ Sinha,,,
2026-08-06,10:00,ITF_MEN_DOUBLES,M25 Kursumlijska Banja 2,clay,QF,Klok/ Ochi,,Chatziavraam/ Kountourakis,,,
2026-08-06,10:00,ITF_WOMEN_DOUBLES,W15 Kursumlijska Banja 12,clay,QF,Shusteva/ Vaja,,Suvirdjonkova/ Torres Murcia,,,
2026-08-06,10:00,ITF_MEN,M15 Curtea De Arges 2 (Romania),clay,R16,G. Ghetu,703.0,V. Dell'Elba,,,
2026-08-06,10:00,ITF_MEN,M15 Curtea De Arges 2 (Romania),clay,R16,F. Fumagalli,,O. Geladaris,,,
2026-08-06,10:00,ITF_MEN,M15 Eupen,clay,R16,M. Chambonniere,,N. Schlagenhauf,,,
2026-08-06,10:00,ITF_MEN,M15 Eupen,clay,R16,A. Nagel,400.0,S. Pontjodikromo,,,
2026-08-06,10:00,ITF_MEN,M15 Eupen,clay,R16,T. Papamalamis,714.0,F. Kloesters,,,
2026-08-06,10:00,ITF_MEN,M15 Eupen,clay,R16,B. Torcq,,S. Klaassen,,,
2026-08-06,10:00,ITF_WOMEN,W35 Roehampton,hard,R16,H. Sato,473.0,A. Rajecki,440.0,-33.0,0.48373359349263295
2026-08-06,10:00,ITF_WOMEN,W35 Roehampton,hard,R16,E. Maloney,820.0,E. McDonald,531.0,-289.0,0.4034553933461132
2026-08-06,10:00,ITF_WOMEN,W15 Hameenlinna,clay,R16,A. Hejtmanek,884.0,A. Soulie,,,
2026-08-06,10:00,ITF_MEN_DOUBLES,M25 Kursumlijska Banja 2,clay,QF,Mikovic/ Novakovic,,Chepelev/ Sotikovs,,,
2026-08-06,10:00,ITF_MEN_DOUBLES,M15 Curtea De Arges 2 (Romania),clay,QF,Garbero/ Sciahbasi,,Andreescu/ Schinteie,,,
2026-08-06,10:30,CHALLENGER,Hagen,clay,R16,J. Kym,205.0,M. Houkes,242.0,37.0,0.5372645160129409
2026-08-06,10:30,ITF_MEN,M25 Roehampton,grass,R16,A. Rybakov,502.0,B. Blaydes,,,
2026-08-06,10:30,CHALLENGER_DOUBLES,Hagen,clay,QF,Jecan/ Pavel,,Bass/ Jans,,,
2026-08-06,10:30,CHALLENGER_WOMEN,Warsaw,hard,QF,C. Y. Lee,165.0,W. Falkowska,333.0,168.0,0.6529376769543785
2026-08-06,10:30,ITF_MEN,M25 Roehampton,grass,R16,M. Ceban,,G. Loffhagen,477.0,,
2026-08-06,10:30,ITF_MEN,M15 Frankfurt,clay,R16,A. Funk,948.0,A. Freire Da Silva,955.0,7.0,0.5016552825535334
2026-08-06,10:30,ITF_MEN,M15 Frankfurt,clay,R16,G. Branchetti,,J. Penzlin,,,
2026-08-06,10:30,ITF_MEN,M15 Frankfurt,clay,R16,A. Barbic,,P. Delage,680.0,,
2026-08-06,10:30,ITF_WOMEN,W15 Hameenlinna,clay,R16,A. L. Ebster,,K. Veldman,885.0,,
2026-08-06,10:30,ITF_WOMEN,W75 Leipzig (Germany),clay,R16,L. Giza,,A. Laboutkova,507.0,,
2026-08-06,11:00,ITF_WOMEN,W75 Ourense (Spain),hard,R16,D. Khomutsianskaya,301.0,O. Dodin,331.0,30.0,0.521363809689122
2026-08-06,11:00,ITF_WOMEN,W75 Ourense (Spain),hard,R16,G. Minnen,187.0,C. Gallardo Guevara,564.0,377.0,0.7297887545281393
2026-08-06,11:00,ITF_MEN_DOUBLES,M15 Poprad,clay,QF,Siftar/ Stolarik,,Gil Garcia/ Mashtakov,,,
2026-08-06,11:00,ITF_MEN_DOUBLES,M15 Poprad,clay,QF,Klimas/ Poritskyi,,Drab/ Poklemba,,,
2026-08-06,11:00,ITF_MEN_DOUBLES,M15 Poprad,clay,QF,Bakonyi/ Kisantal,,Rivera/ Yi Qing Jiang,,,
2026-08-06,11:00,ITF_MEN_DOUBLES,M15 Poprad,clay,QF,De Jager/ Karthik,,Lanik/ Novansky,,,
2026-08-06,11:00,ITF_WOMEN,W75 Koksijde (Belgium),clay,R16,B. Palicova,278.0,S. Lansere,271.0,-7.0,0.4942622360018384
2026-08-06,11:00,ITF_MEN_DOUBLES,M15 Bielsko Biala,clay,QF,Grzegorzewski/ Thurner,,Beckley/ Szczypka,,,
2026-08-06,11:00,ITF_MEN_DOUBLES,M15 Bielsko Biala,clay,QF,Allen/ Tarasevich,,Fondriest/ Keremedchiev,,,
2026-08-06,11:00,ITF_MEN_DOUBLES,M15 Bielsko Biala,clay,QF,Homola/ Jedrzejczak,,Lis/ Smiej,,,
2026-08-06,11:30,ITF_MEN,M15 Eupen,clay,R16,E. Khoeblal,,A. Forger,877.0,,
2026-08-06,11:30,ITF_MEN,M15 Eupen,clay,R16,N. Vandepoele,,N. Ifi,,,
2026-08-06,11:30,CHALLENGER_DOUBLES,Grodzisk Mazowiecki,hard,QF,Blancaneaux/ Durasovic,,Cornea/ Cukierman,,,
2026-08-06,11:30,ITF_MEN_DOUBLES,M15 Eupen,clay,QF,De Lange/ Verbeek,,Klaassen/ Van Herck,,,
2026-08-06,11:30,CHALLENGER,Grodzisk Mazowiecki,hard,R16,J. J. Schwaerzler,182.0,A. Dougaz,690.0,508.0,0.7684209514976922
2026-08-06,11:30,ITF_MEN_DOUBLES,M15 Curtea De Arges 2 (Romania),clay,QF,Teglas/ Zagars,,Ferrari/ Valle,,,
2026-08-06,11:30,ITF_MEN_DOUBLES,M15 Curtea De Arges 2 (Romania),clay,QF,Bosio/ Tenti,,Ciocca/ Murray,,,
2026-08-06,11:30,ITF_MEN_DOUBLES,M15 Curtea De Arges 2 (Romania),clay,QF,Oki/ Pieleanu,,Apostol/ Constantin,,,
2026-08-06,11:30,ITF_MEN_DOUBLES,M15 Eupen,clay,QF,Garcian/ Nagel,,Geenen/ Wassermann,,,
2026-08-06,12:00,CHALLENGER,Hagen,clay,R16,R. Brancaccio,237.0,E. Moller,184.0,-53.0,0.4432920555736194
2026-08-06,12:00,CHALLENGER,Istanbul 2 (Turkey),hard,R16,L. Poullain,500.0,A. Binda,571.0,71.0,0.5298402461795673
2026-08-06,12:00,CHALLENGER,Plovdiv 2 (Bulgaria),clay,R16,S. Pieri,400.0,G. Campana Lee,585.0,185.0,0.5847084565249485
2026-08-06,12:00,CHALLENGER,Plovdiv 2 (Bulgaria),clay,R16,R. M. Papoe,352.0,F. Agamenone,262.0,-90.0,0.4339487936212307
2026-08-06,12:00,CHALLENGER_DOUBLES,Hagen,clay,QF,Kalender/ Serdarusic,,Loof/ Uesugi,,,
2026-08-06,12:00,ITF_WOMEN_DOUBLES,W75 Leipzig (Germany),clay,QF,Strakhova/ Tikhonova,,Mair/ Zantedeschi,,,
2026-08-06,12:00,ITF_WOMEN_DOUBLES,W75 Leipzig (Germany),clay,QF,Malygina/ Sebestova,,Jakupovic/ Li,,,
2026-08-06,12:00,CHALLENGER_WOMEN,Warsaw,hard,QF,V. Valdmannova,182.0,S. Bandecchi,167.0,-15.0,0.48065676185318906
2026-08-06,12:00,ITF_WOMEN,W35 Roehampton,hard,R16,N. Bains,386.0,J. Burrage,824.0,438.0,0.6642964082001881
2026-08-06,12:00,CHALLENGER_DOUBLES,Istanbul 2,hard,QF,Azkara/ MacKinlay,,Boitan/ Ratti,,,
2026-08-06,12:00,CHALLENGER_DOUBLES,Istanbul 2,hard,QF,Sun/ Yevseyev,,Betov/ Simakin,,,
2026-08-06,12:00,CHALLENGER_DOUBLES,Plovdiv 2 (Bulgaria),clay,QF,Radovanovic/ Rolland de Ravel,,Casanova/ Dellien Velasco,,,
2026-08-06,12:00,ITF_MEN_DOUBLES,M25 Kursumlijska Banja 2,clay,QF,Maksimovic/ Obradovic,,Pisaric/ Radjenovic,,,
2026-08-06,12:00,ITF_WOMEN_DOUBLES,W15 Kursumlijska Banja 12,clay,QF,Drame/ Krastenova,,Herazo Gonzalez/ Horvit,,,
2026-08-06,12:00,ITF_MEN,M25 Roehampton,grass,R16,A. Pedrico Kravtsov,,O. Tarvet,436.0,,
2026-08-06,12:00,ITF_MEN,M25 Roehampton,grass,R16,L. Maxted,396.0,M. Walters,953.0,557.0,0.6879130519125121
2026-08-06,12:00,ITF_MEN,M25 Roehampton,grass,R16,E. Hudd,517.0,H. Coquelin,,,
2026-08-06,12:00,ITF_MEN,M25 Roehampton,grass,R16,O. Brown,,B. Gusic Wan,,,
2026-08-06,12:00,ITF_MEN,M25 Fano (Italy),clay,QF,M. Serafini,,G. Crivellaro,,,
2026-08-06,12:00,ITF_MEN,M25 Fano (Italy),clay,QF,L. Primucci,,N. Catini,887.0,,
2026-08-06,12:00,ITF_WOMEN,W75 Leipzig (Germany),clay,R16,V. Steiner,544.0,J. Pastikova,435.0,-109.0,0.4498583848701895
2026-08-06,12:00,ITF_MEN_DOUBLES,M15 Frankfurt,clay,QF,Rast/ Wedel,,Barbic/ Hopfe,,,
2026-08-06,12:00,ITF_WOMEN_DOUBLES,W15 Hameenlinna,clay,QF,Blomqvist/ Heinonen,,Giambelli/ Stagno,,,
2026-08-06,12:00,ITF_WOMEN_DOUBLES,W15 Hameenlinna,clay,QF,Ahti/ Mol,,Biot/ Vaissaud,,,
2026-08-06,12:30,ITF_WOMEN_DOUBLES,W75 Koksijde (Belgium),clay,QF,Bakhmutkina/ Zolotareva,,Adams/ Hoedt,,,
2026-08-06,13:00,ITF_WOMEN,W35 Chacabuco,clay,R16,M. F. Urrutia,464.0,C. Rodero,,,
2026-08-06,13:00,ITF_WOMEN,W35 Chacabuco,clay,R16,S. A. Larraya Guidi,,L. Schaedel,,,
2026-08-06,13:00,CHALLENGER_DOUBLES,Grodzisk Mazowiecki,hard,QF,Lalami Laaroussi/ Pieczonka,,Kielan/ Matuszewski,,,
2026-08-06,13:00,CHALLENGER_DOUBLES,Grodzisk Mazowiecki,hard,QF,Cervantes/ Molchanov,,Basic/ Dzumhur,,,
2026-08-06,13:00,ITF_MEN_DOUBLES,M15 Frankfurt,clay,QF,Dutine/ Klinkov,,Hammes/ Petrovic,,,
2026-08-06,13:00,ITF_MEN_DOUBLES,M15 Eupen,clay,QF,De Carvalho/ Rivet,,Forger/ Khoeblal,,,
2026-08-06,13:00,ITF_MEN,M15 Frankfurt,clay,R16,M. Chazal,465.0,C. Djonov,,,
2026-08-06,13:00,ITF_WOMEN,W35 Chacabuco,clay,R16,L. Perez Alarcon,336.0,A. V. Gobbi Monllau,,,
2026-08-06,13:00,ITF_WOMEN,W35 Chacabuco,clay,R16,G. Pedone,334.0,S. Meabe,,,
2026-08-06,13:30,CHALLENGER,Plovdiv 2 (Bulgaria),clay,R16,Y. T. Alexandrescou,928.0,P. Brunclik,331.0,-597.0,0.2833667879239548
2026-08-06,13:30,CHALLENGER,Istanbul 2 (Turkey),hard,R16,P. Inchauspe,600.0,K. Matsuda,478.0,-122.0,0.44903089809499025
2026-08-06,13:30,CHALLENGER,Plovdiv 2 (Bulgaria),clay,R16,G. Piraino,404.0,O. Milic,337.0,-67.0,0.45929062559531814
2026-08-06,13:30,ITF_WOMEN,W35 Roehampton,hard,R16,P. Cembranos,886.0,L. Glushko,528.0,-358.0,0.3855969246150848
2026-08-06,13:30,CHALLENGER_DOUBLES,Istanbul 2,hard,QF,Nedunchezhiyan/ Wang,,Bittoun/ Ouakaa,,,
2026-08-06,13:30,CHALLENGER_DOUBLES,Hagen,clay,QF,Kolar/ Vocel,,Latinovic/ Zeballos,,,
2026-08-06,13:30,CHALLENGER_DOUBLES,Plovdiv 2 (Bulgaria),clay,QF,Campana Lee/ Caripi,,Carboni/ Uzhylovskyi,,,
2026-08-06,13:30,CHALLENGER,Istanbul 2 (Turkey),hard,R16,G. Brouwer,,Y. Erel,287.0,,
2026-08-06,13:30,ITF_MEN,M25 Fano (Italy),clay,QF,C. E. Overbeck,344.0,S. D'Agostino,846.0,502.0,0.6920860489842731
2026-08-06,13:30,ITF_WOMEN_DOUBLES,W15 Hameenlinna,clay,QF,Hejtmanek/ Urbanova,,Palm/ Vanni,,,
2026-08-06,13:30,ITF_WOMEN_DOUBLES,W15 Hameenlinna,clay,QF,Hageman/ Veldman,,Blazkova/ Eigelsbach,,,
2026-08-06,14:00,ATP_DOUBLES,Montreal,hard,R32,Herbert/ Krawietz,,Auger-Aliassime/ Diallo,,,
2026-08-06,14:00,CHALLENGER_WOMEN_DOUBLES,Warsaw,hard,SF,Karamoko/ Salden,,Falkowska/ Smith,,,
2026-08-06,14:00,ITF_MEN_DOUBLES,M25 Roehampton,grass,QF,Rybakov/ Vance,,Dominko/ Godsick,,,
2026-08-06,14:00,ITF_MEN,M25 Londrina,clay,QF,F. Meligeni Alves,560.0,J. E. Schiessl,505.0,-55.0,0.4767566350855919
2026-08-06,14:00,ITF_MEN,M25 Londrina,clay,QF,G. Ribeiro de Almeida,753.0,C. M. Zarate,387.0,-366.0,0.35455500871039947
2026-08-06,14:00,ITF_WOMEN,"W35 Southaven, MS",hard,R16,A. Voloshchuk,380.0,J. Defalco,702.0,322.0,0.634688969074552
2026-08-06,14:00,ITF_MEN,"M25 Southaven, MS",hard,R16,M. Dussault,,M. Exsted,980.0,,
2026-08-06,14:00,ITF_MEN,M15 Eupen,clay,R16,M. Visser,,M. Van Der Meerschen,694.0,,
2026-08-06,14:00,ITF_WOMEN,"W35 Southaven, MS",hard,R16,D. Guzman,479.0,A. Ahn,902.0,423.0,0.638676071444105
2026-08-06,14:00,ITF_WOMEN,W75 Koksijde (Belgium),clay,R16,J. Otzipka,513.0,T. Pieri,421.0,-92.0,0.4556472074082613
2026-08-06,14:00,ITF_WOMEN,"W35 Southaven, MS",hard,R16,M. Crossley,724.0,A. Penickova,928.0,204.0,0.5556229014596359
2026-08-06,14:00,ITF_MEN_DOUBLES,M25 Fano (Italy),clay,SF,Spadola/ Vasa,,Jarvis/ Johansson,,,
2026-08-06,14:00,ITF_WOMEN_DOUBLES,W75 Leipzig (Germany),clay,QF,Kucmova/ Laboutkova,,Back/ Park,,,
2026-08-06,14:00,ITF_WOMEN_DOUBLES,W35 Roehampton,hard,QF,Adeshina/ Allen,,Black/ Okutoyi,,,
2026-08-06,14:00,ITF_WOMEN_DOUBLES,W35 Roehampton,hard,QF,Nagata/ Sato,,Appleton/ McDonald,,,
2026-08-06,14:00,ITF_WOMEN_DOUBLES,W35 Roehampton,hard,QF,Bosman/ Visscher,,Abe/ Sato,,,
2026-08-06,14:00,ITF_WOMEN_DOUBLES,W75 Leipzig (Germany),clay,QF,Kovackova/ Taraba Wallberg,,McAdoo/ Sakellaridi,,,
2026-08-06,14:00,ITF_MEN,"M25 Southaven, MS",hard,R16,E. Zhu,607.0,C. Woestendick,,,
2026-08-06,14:30,ITF_WOMEN,W35 Chacabuco,clay,R16,L. Ayala,1009.0,D. Egorova,397.0,-612.0,0.3016399178625629
2026-08-06,14:30,CHALLENGER_WOMEN_DOUBLES,Warsaw,hard,SF,Kobori/ Shimizu,,Kubka/ Rosolska,,,
2026-08-06,14:30,ITF_WOMEN,W35 Chacabuco,clay,R16,J. Konishi Silva,657.0,V. Bosio,335.0,-322.0,0.352926941058055
2026-08-06,14:30,ITF_MEN_DOUBLES,M15 Frankfurt,clay,QF,Covato/ Voelzke,,Branchetti/ Ilic,,,
2026-08-06,14:30,ITF_WOMEN,W35 Chacabuco,clay,R16,A. S. Sanchez,416.0,L. M. Cinalli,806.0,390.0,0.6445708087898444
2026-08-06,14:30,ITF_WOMEN,W35 Chacabuco,clay,R16,J. Estevez,,F. Labrana,458.0,,
2026-08-06,15:00,WTA,Toronto,hard,R32,T. Gibson,72.0,E. Alexandrova,19.0,-53.0,0.23165237095009988
2026-08-06,15:00,CHALLENGER_DOUBLES,Lexington,hard,QF,Nam Ji/ Stalder,,Bayldon/ Harper,,,
2026-08-06,15:00,CHALLENGER_DOUBLES,Lexington,hard,QF,Escobar/ Kaliyanda Poonacha,,Puttergill/ Sheehy,,,
2026-08-06,15:00,CHALLENGER_DOUBLES,Istanbul 2,hard,QF,Bar Biryukov/ Binda,,Ostapenkov/ Pereira,,,
2026-08-06,15:00,CHALLENGER_DOUBLES,Plovdiv 2 (Bulgaria),clay,QF,Loureiro/  Ribeiro,,Papa/ Zheng,,,
2026-08-06,15:00,CHALLENGER_DOUBLES,Plovdiv 2 (Bulgaria),clay,QF,Barry/ Genov,,Kamath/ Sharma,,,
2026-08-06,15:00,CHALLENGER,Hagen,clay,R16,C. Taberner,409.0,M. Topo,346.0,-63.0,0.46243374052501013
2026-08-06,15:00,ITF_MEN,M15 Eupen,clay,R16,A. Basile,,L. Lagarrigue,,,
2026-08-06,15:00,ITF_WOMEN,W75 Leipzig (Germany),clay,R16,N. Schunk,390.0,I. Wobker,727.0,337.0,0.636568630970051
2026-08-06,15:00,ITF_WOMEN,"W100 Landisville, PA",hard,R16,Y. Ku,174.0,M. Hontama,172.0,-2.0,0.49739883842622856
2026-08-06,15:00,ITF_WOMEN,"W100 Landisville, PA",hard,R16,E. Ovcharenko,546.0,E. Gorgodze,177.0,-369.0,0.2662324833803965
2026-08-06,15:00,ITF_WOMEN_DOUBLES,W75 Ourense (Spain),hard,SF,Savinykh/ Sawant,,Jorge/ Jorge,,,
2026-08-06,15:00,ITF_WOMEN_DOUBLES,W75 Ourense (Spain),hard,SF,Cervino Ruiz/ Lemaitre,,Christie/ Dudeney,,,
2026-08-06,15:00,ITF_MEN_DOUBLES,"M25 Southaven, MS",hard,,Peck/ Vega,,Trondson/ Zamani,,,
2026-08-06,15:30,ITF_WOMEN,"W35 Southaven, MS",hard,R16,E. Sema,501.0,E. Lee,407.0,-94.0,0.4533823822672794
2026-08-06,15:30,ITF_WOMEN,"W35 Southaven, MS",hard,R16,C. A. Herea,517.0,K. Penickova,778.0,261.0,0.5909309689017668
2026-08-06,15:30,ITF_MEN_DOUBLES,M25 Roehampton,grass,QF,Hignett/ Howse,,Vujic/ Walters,,,
2026-08-06,15:30,ITF_WOMEN_DOUBLES,W35 Roehampton,hard,QF,Kuzmova/ Rajecki,,Dada-Mascoll/ Maloney,,,
2026-08-06,15:30,ITF_MEN,M25+H Tauste,hard,QF,A. Colombo,,A. Sanchez Quilez,440.0,,
2026-08-06,15:30,ITF_MEN,M25+H Tauste,hard,QF,M. Gonzalez Fernandez,581.0,A. Shah,965.0,384.0,0.6122166961251655
2026-08-06,15:30,ITF_MEN,M25 Londrina,clay,QF,P. A. Saraiva Dos Santos,527.0,S. Price,,,
2026-08-06,15:30,ITF_MEN,M15 Frankfurt,clay,R16,A. Oetzbach,568.0,D. Fix,,,
2026-08-06,15:30,ITF_MEN,"M25 Southaven, MS",hard,R16,K. Bennani,458.0,J. Anthrop,872.0,414.0,0.6409588415767786
2026-08-06,15:30,ITF_MEN,"M25 Southaven, MS",hard,,L. Vithoontien,696.0,C. Hewitt,612.0,-84.0,0.47109336034303106
2026-08-06,15:30,ITF_MEN,"M25 Southaven, MS",hard,,P. Maloney,958.0,J. Monday,312.0,-646.0,0.2670463689105748
2026-08-06,15:30,ITF_MEN_DOUBLES,M25 Roehampton,grass,QF,Blaydes/ Hudd,,Frydrych/ Stephens,,,
2026-08-06,15:30,ITF_MEN_DOUBLES,M25 Roehampton,grass,QF,Hands/ Summers,,Beaven/ Volpi,,,
2026-08-06,15:30,ITF_MEN_DOUBLES,M25 Londrina,clay,QF,Rodriguez/ Roveri Sidney,,Tosetto/ Zanellato,,,
2026-08-06,15:30,ITF_MEN,"M25 Southaven, MS",hard,R16,A. Frusina,,T. Legout,582.0,,
2026-08-06,15:30,ITF_WOMEN,"W35 Southaven, MS",hard,,A. Schuman,878.0,J. Lu,375.0,-503.0,0.3174211715777155
2026-08-06,15:30,ITF_WOMEN,"W35 Southaven, MS",hard,,A. Teixido Garcia,366.0,C. Tanguilig,622.0,256.0,0.617104455561341
2026-08-06,16:00,CHALLENGER,Istanbul 2 (Turkey),hard,R16,K. Miyoshi,525.0,M. Alkaya,299.0,-226.0,0.37597700822982644
2026-08-06,16:00,ITF_WOMEN,"W100 Landisville, PA",hard,R16,Y. Ma,181.0,K. Scott,271.0,90.0,0.589829264233939
2026-08-06,16:00,ITF_WOMEN_DOUBLES,W75 Koksijde (Belgium),clay,QF,Coppez/ Ebeling Koning,,Moratelli/ Papamichail,,,
2026-08-06,16:30,ATP,Montreal,hard,R32,L. Darderi,22.0,J. Shang,281.0,259.0,0.9082607334400219
2026-08-06,16:30,WTA,Toronto,hard,R32,A. Kalinskaya,21.0,D. Shnaider,17.0,-4.0,0.4525982357761977
2026-08-06,16:30,CHALLENGER,Lexington,hard,R16,R. Sakamoto,165.0,M. Mmoh,187.0,22.0,0.5281319655228159
2026-08-06,16:30,CHALLENGER,Lexington,hard,R16,O. Baris,486.0,E. Butvilas,268.0,-218.0,0.3691885589150492
2026-08-06,16:30,WTA,Toronto,hard,R32,V. Golubic,51.0,I. Swiatek,8.0,-43.0,0.15880510466700212
2026-08-06,16:30,ATP_DOUBLES,Montreal,hard,R32,Heliovaara/ Patten,,Buse/ Cobolli,,,
2026-08-06,16:30,ATP_DOUBLES,Montreal,hard,R32,Miedler/ Polmans,,Goransson/ Ruud,,,
2026-08-06,16:30,WTA_DOUBLES,Toronto,hard,R32,Hunter/ Krawczyk,,Piter/ Tjen,,,
2026-08-06,16:30,ATP,Montreal,hard,R32,M. Navone,44.0,A. Fils,23.0,-21.0,0.3580527355423698
2026-08-06,16:30,ITF_WOMEN,"W100 Landisville, PA",hard,R16,R. Brantmeier,528.0,E. Mandlik,185.0,-343.0,0.2801200072394443
2026-08-06,16:30,ITF_MEN_DOUBLES,M15 Eupen,clay,QF,Chambonniere/ Schlagenhauf,,Ifi/ Stanke,,,
2026-08-06,16:30,ITF_WOMEN,"W100 Landisville, PA",hard,,A. Akli,279.0,C. Ansari,260.0,-19.0,0.4841360424931449
2026-08-06,16:30,WTA_DOUBLES,Toronto,hard,R32,Perez/ Schuurs,,Kichenok/ Lumsden,,,
2026-08-06,16:30,ITF_WOMEN_DOUBLES,"W100 Landisville, PA",hard,QF,Prozorova/ Shymanovich,,Harrison/ Hewitt,,,
2026-08-06,17:00,ITF_MEN,M25+H Tauste,hard,QF,B. Pietri,829.0,Pa. Tsitsipas,989.0,160.0,0.5396234298553881
2026-08-06,17:00,ITF_MEN_DOUBLES,M25 Londrina,clay,QF,Leston/ Zarate,,Remondy Pagotto/ Schiessl,,,
2026-08-06,17:00,ITF_MEN_DOUBLES,M25+H Tauste,hard,SF,Heredia/ Marques,,Fradkin/ McCormick,,,
2026-08-06,17:00,CHALLENGER,Grodzisk Mazowiecki,hard,R16,I. Marrero Curbelo,360.0,M. Kasnikowski,233.0,-127.0,0.40334205475683665
2026-08-06,17:00,ITF_MEN,M25 Fano (Italy),clay,QF,G. Tabacco,678.0,M. Giunta,422.0,-256.0,0.39490797842016995
2026-08-06,17:00,ITF_MEN,"M25 Southaven, MS",hard,,C. Chidekh,202.0,L. Zapp,,,
2026-08-06,17:00,ITF_MEN,"M25 Southaven, MS",hard,R16,K. Bigun,542.0,N. Honda,660.0,118.0,0.5442034083248728
2026-08-06,17:00,ITF_MEN_DOUBLES,M25 Fano (Italy),clay,SF,Catini/ Perfetti,,Amarandei/ Berto,,,
2026-08-06,17:00,CHALLENGER_DOUBLES,Lexington,hard,R16,Ilagan/ Poling,,Goldhoff/ Hilderbrand,,,
2026-08-06,17:00,ITF_MEN_DOUBLES,"M25 Southaven, MS",hard,,Exsted/ Woestendick,,Ardila/ Dussault,,,
2026-08-06,17:00,ITF_MEN_DOUBLES,"M25 Southaven, MS",hard,,Ene/ King,,Frusina/ Nolan,,,
2026-08-06,17:00,ITF_WOMEN_DOUBLES,W35 Chacabuco,clay,QF,Larraya Guidi/ Mediorreal,,E'Halli Obeid/ Massardo Brain,,,
2026-08-06,17:00,ITF_WOMEN_DOUBLES,W35 Chacabuco,clay,QF,Duarte/ Zornada,,Konishi Silva/ Labrana,,,
2026-08-06,17:00,ITF_WOMEN_DOUBLES,W35 Chacabuco,clay,QF,Schaedel/ Vig,,Perez Alarcon/ Sanchez,,,
2026-08-06,17:00,ITF_WOMEN_DOUBLES,W35 Chacabuco,clay,QF,Moyano/ Romero,,Ccuno/ Sousa Salazar,,,
2026-08-06,17:00,ITF_WOMEN_DOUBLES,"W35 Southaven, MS",hard,,Crossley/ Fakih,,Herea/ Sahdiieva,,,
2026-08-06,17:00,ITF_WOMEN_DOUBLES,"W35 Southaven, MS",hard,,Navarro/ Rodriguez,,Guzman/ Williams,,,
2026-08-06,17:00,ITF_WOMEN,"W35 Southaven, MS",hard,R16,G. Nahum,1005.0,A. Lutkemeyer,807.0,-198.0,0.450790506519835
2026-08-06,17:30,ITF_WOMEN,"W100 Landisville, PA",hard,R16,F. Crawley,274.0,A. Zakharova,99.0,-175.0,0.2857312862720307
2026-08-06,18:00,WTA,Toronto,hard,R32,M. Kostyuk,11.0,M. Keys,22.0,11.0,0.6510896797541332
2026-08-06,18:00,ATP_DOUBLES,Montreal,hard,R32,Cerundolo/ Etcheverry,,Cash/ Glasspool,,,
2026-08-06,18:00,WTA_DOUBLES,Toronto,hard,R32,Li/ Tauson,,Kempen/ Panova,,,
2026-08-06,18:00,ITF_WOMEN_DOUBLES,"W100 Landisville, PA",hard,QF,Martins/ Ovcharenko,,Osborne/ Wong Hong Yi,,,
2026-08-06,18:00,ATP,Montreal,hard,R32,Y. Hanfmann,57.0,N. Borges,55.0,-2.0,0.4919641234141043
2026-08-06,18:00,ATP,Montreal,hard,R32,C. Norrie,37.0,A. De Minaur,7.0,-30.0,0.18264830695352466
2026-08-06,18:00,WTA,Toronto,hard,R32,J. Pegula,3.0,K. Rakhimova,83.0,80.0,0.9520384368870183
2026-08-06,18:00,ITF_WOMEN,"W100 Landisville, PA",hard,R16,P. Iatcenko,149.0,C. Dolehide,256.0,107.0,0.6194249206179581
2026-08-06,18:00,WTA_DOUBLES,Toronto,hard,R32,Alexandrova/ Dabrowski,,Gauff/ McNally,,,
2026-08-06,18:00,CHALLENGER_DOUBLES,Lexington,hard,QF,Ho/ Liutarevich,,Rai/ Reynolds,,,
2026-08-06,18:00,ATP_DOUBLES,Montreal,hard,R32,Melo/ Zverev,,Chan/ Galarneau,,,
2026-08-06,18:00,ITF_WOMEN,"W100 Landisville, PA",hard,R16,H. Vandewinkel,91.0,M. Sieg,372.0,281.0,0.7802683573894782
2026-08-06,18:30,ITF_WOMEN_DOUBLES,"W35 Southaven, MS",hard,,Cabezas Dominguez/ Tanguilig,,Chan/ Hui,,,
2026-08-06,18:30,ITF_MEN_DOUBLES,"M25 Southaven, MS",hard,,Giese/ Landau,,Anthrop/ Bennani,,,
2026-08-06,18:30,ITF_WOMEN_DOUBLES,"W35 Southaven, MS",hard,,Bueno/ Nahum,,Lee/ Sema,,,
2026-08-06,19:00,ITF_MEN,M25+H Tauste,hard,QF,H. S. Callejon,441.0,I. Almazan Valiente,532.0,91.0,0.5421097021833089
2026-08-06,19:00,ITF_MEN_DOUBLES,M25+H Tauste,hard,SF,Colombo/ Izquierdo Luque,,Ganta/  Shah,,,
2026-08-06,19:00,ITF_MEN_DOUBLES,M25 Londrina,clay,QF,Meneguetti/ Price,,Ribeiro de Almeida/ Kohlmann,,,
2026-08-06,19:30,ATP_DOUBLES,Montreal,hard,R32,Draxl/ Harper,,Marozsan/ Medvedev,,,
2026-08-06,19:30,WTA_DOUBLES,Toronto,hard,R32,Fernandez/ Fernandez,,Mertens/ Shnaider,,,
2026-08-06,19:30,WTA_DOUBLES,Toronto,hard,R32,Hsieh S-/Ostapenko,,Sakkari/ Vekic,,,
2026-08-06,20:00,ATP_DOUBLES,Montreal,hard,R32,Michelsen/ Tien,,Arevalo/ Pavic,,,
2026-08-06,21:00,ITF_MEN_DOUBLES,M25 Londrina,clay,R16,Bini/ Scramin do Lago,,Ribeiro de Almeida/ Kohlmann,,,
2026-08-06,21:05,ATP,Montreal,hard,R64,A. Michelsen,42.0,F. Cerundolo,23.0,-19.0,0.36773225128891257
2026-08-06,21:05,WTA,Toronto,hard,R64,P. Udvardy,74.0,N. Osaka,13.0,-61.0,0.1729011514611976
2026-08-06,21:15,ITF_MEN_DOUBLES,M25 Londrina,clay,R16,Augusto dos Santos/ Osorio,,Leston/ Zarate,,,
2026-08-06,21:30,ITF_MEN,M25 Londrina,clay,R16,G. V. Costa,,M. Zeitune,628.0,,
2026-08-06,21:55,ATP,Montreal,hard,R64,F. Marozsan,61.0,M. Arnaldi,35.0,-26.0,0.37754696165053975
2026-08-06,22:05,WTA,Toronto,hard,R64,L. Samsonova,70.0,B. Krejcikova,25.0,-45.0,0.28360333203019733
2026-08-06,22:10,ATP,Montreal,hard,R64,J. Fearnley,110.0,J. Mensik,17.0,-93.0,0.15702393492493905
2026-08-06,22:15,ATP,Montreal,hard,R64,K. Khachanov,39.0,T. Atmane,46.0,7.0,0.5370747711865822
2026-08-06,22:35,CHALLENGER_DOUBLES,Lexington,hard,R16,Andrade/ Maginley,,Arseneault/ Arseneault,,,
2026-08-06,22:45,WTA,Toronto,hard,R64,L. Noskova,7.0,C. McNally,73.0,66.0,0.8918804329615393
2026-08-06,22:45,CHALLENGER,Lexington,hard,R16,S. Kwon,153.0,A. Ilagan,248.0,95.0,0.6069934548820597
2026-08-06,22:55,ATP,Montreal,hard,R64,U. Humbert,28.0,D. Merida Aguilar,61.0,33.0,0.6683656546851436
2026-08-06,23:00,ITF_WOMEN_DOUBLES,"W100 Landisville, PA",hard,R16,El Jardi/ Lincer,,Harrison/ Hewitt,,,
2026-08-06,23:10,ATP,Montreal,hard,R64,D. Medvedev,6.0,B. Van De Zandschulp,70.0,64.0,0.9012385106607947
2026-08-06,23:15,WTA,Toronto,hard,R64,R. Zarazua,83.0,L. Fernandez,34.0,-49.0,0.30933457157068783
2026-08-06,23:20,ITF_MEN,"M25 Southaven, MS",hard,R32,C. Chidekh,202.0,N. Nakagawa,739.0,537.0,0.7626615550319654
2026-08-06,23:25,ITF_WOMEN,"W100 Landisville, PA",hard,R32,C. Ansari,260.0,K. Collins,412.0,152.0,0.6021202965397775
2026-08-06,23:30,ATP,Montreal,hard,R64,T. Droguet,119.0,F. Auger-Aliassime,4.0,-115.0,0.045064619774894524
2026-08-06,23:35,ITF_WOMEN,"W100 Landisville, PA",hard,R32,M. Sieg,372.0,M. Rapolu,387.0,15.0,0.5088935006412512
2026-08-06,23:35,WTA,Toronto,hard,R64,S. Cirstea,17.0,M. Joint,76.0,59.0,0.7937644833946209
2026-08-06,23:35,CHALLENGER,Lexington,hard,R16,S. Gorzny,876.0,B. Gojo,163.0,-713.0,0.18042743001111397
2026-08-06,23:45,ITF_MEN_DOUBLES,M25 Londrina,clay,R16,De Almeida Santos/ Ortenblad Nogueira,,Camargo Lima/ Schenekenberg,,,
2026-08-06,23:45,ITF_MEN_DOUBLES,M25 Londrina,clay,R16,De Almeida Santos/ Ortenblad Nogueira,,Meneguetti/ Price,,,
2026-08-06,23:50,ITF_WOMEN,"W35 Southaven, MS",hard,R32,D. Ivanova,609.0,A. Schuman,878.0,269.0,0.5815757824301744
2026-08-06,23:50,ITF_WOMEN,"W100 Landisville, PA",hard,R32,H. Vandewinkel,91.0,M. Brengle,213.0,122.0,0.6825226840536476
2026-08-07,00:30,ATP,Montreal,hard,R32,F. Tiafoe,20.0,A. Rinderknech,29.0,9.0,0.5828313286922134
2026-08-07,00:30,WTA_DOUBLES,Toronto,hard,R32,Kato/ Samsonova,,Eala/ Williams,,,
2026-08-07,08:00,ITF_WOMEN,W75 Koksijde (Belgium),clay,QF,M. Matoula,316.0,N. Basiletti,314.0,-2.0,0.4985714276595974
2026-08-07,08:00,ITF_WOMEN,W75 Koksijde (Belgium),clay,QF,A. Mintegi Del Olmo,296.0,E. R. Bertea,269.0,-27.0,0.4784924630410111
2026-08-07,09:00,CHALLENGER,Grodzisk Mazowiecki,hard,QF,A. Donski,551.0,D. Glinka,166.0,-385.0,0.25354910564950034
2026-08-07,09:00,CHALLENGER,Hagen,clay,QF,Z. Piros,123.0,G. Den Ouden,222.0,99.0,0.6298197746409323
2026-08-07,09:00,CHALLENGER,Grodzisk Mazowiecki,hard,QF,M. Ribecai,265.0,A. Guerrieri,213.0,-52.0,0.4510092126204028
2026-08-07,09:00,CHALLENGER,Hagen,clay,QF,T. Gentzsch,185.0,H. Squire,211.0,26.0,0.5295535305540053
2026-08-07,10:00,CHALLENGER,Istanbul 2 (Turkey),hard,QF,I. Simakin,297.0,F. Bax,247.0,-50.0,0.45861752527146954
2026-08-07,10:00,CHALLENGER,Istanbul 2 (Turkey),hard,QF,A. Ghibaudo,351.0,M. Basing,250.0,-101.0,0.4242397067232344
2026-08-07,12:00,CHALLENGER,Plovdiv 2 (Bulgaria),clay,QF,A. Andreev,,P. Nesterov,364.0,,
2026-08-07,12:00,CHALLENGER,Plovdiv 2 (Bulgaria),clay,QF,C. Sanchez Jover,377.0,G. Lazarov,,,
2026-08-07,14:00,ATP_DOUBLES,Montreal,hard,R32,Arribage/ Olivetti,,Schnaitter/ Wallner,,,
2026-08-07,14:00,ATP_DOUBLES,Montreal,hard,R32,Pavlasek/ Rikl,,Doumbia/ Reboul,548.0,,
2026-08-07,14:00,ATP_DOUBLES,Montreal,hard,R32,Nys/ Roger-Vasselin,,Granollers/ Zeballos,35.0,,
2026-08-07,14:00,ATP_DOUBLES,Montreal,hard,R32,Khachanov/ Rublev,,Arnaldi/ Musetti,,,
2026-08-07,14:00,ATP,Montreal,hard,R32,Z. Bergs,34.0,B. Shelton,8.0,-26.0,0.21379044086098287
2026-08-07,14:00,ATP,Montreal,hard,R32,C. Ruud,13.0,J. Fonseca,27.0,14.0,0.6587657366895855
2026-08-07,14:00,ATP,Montreal,hard,R32,A. Popyrin,139.0,T. A. Tirante,65.0,-74.0,0.3353517445332063
2026-08-07,14:00,WTA,Toronto,hard,R32,A. Li,31.0,E. Rybakina,2.0,-29.0,0.0782218164404174
2026-08-07,14:00,WTA,Toronto,hard,R32,T. Townsend,110.0,B. Bencic,14.0,-96.0,0.13525406988174185
2026-08-07,14:00,WTA_DOUBLES,Toronto,hard,R32,Guo/ Mladenovic,,Routliffe/ Sutjiadi,,,
2026-08-07,14:00,WTA_DOUBLES,Toronto,hard,R32,Neel/ Olmos,,Danilina/ Krunic,,,
2026-08-07,14:00,WTA_DOUBLES,Toronto,hard,R32,Kessler/ Pegula,,Errani/ Melichar-Martinez,,,
2026-08-07,14:00,WTA_DOUBLES,Toronto,hard,R32,Muhammad/ Stollar,,Tang/ Xu,,,
2026-08-07,14:00,WTA_DOUBLES,Toronto,hard,R32,Bucsa/ Chong,,Mihalikova/ Nicholls,,,
2026-08-07,14:00,WTA_DOUBLES,Toronto,hard,R32,Andreescu/ Cross,,Eikeri/ Gleason,,,
2026-08-07,14:00,WTA_DOUBLES,Toronto,hard,R32,Siniakova/ Zhang,,Andreeva/ Cirstea,,,
2026-08-07,14:00,ATP,Montreal,hard,R32,B. Van De Zandschulp,70.0,H. Hurkacz,71.0,1.0,0.503191499528719
2026-08-07,14:00,ATP,Montreal,hard,R32,D. Merida Aguilar,61.0,A. Michelsen,42.0,-19.0,0.4168096912882608
2026-08-07,14:00,ATP,Montreal,hard,R32,T. Griekspoor,69.0,M. Arnaldi,35.0,-34.0,0.3518578914999414
2026-08-07,14:00,ATP,Montreal,hard,R32,T. Atmane,46.0,J. Mensik,17.0,-29.0,0.28989681375497667
2026-08-07,14:00,ATP_DOUBLES,Montreal,hard,R32,Harrison/ Skupski,,Bhambri/ Venus,71.0,,
2026-08-07,14:00,ATP_DOUBLES,Montreal,hard,R32,Darderi/ Tabilo,,Rinderknech/ Vacherot,,,
2026-08-07,14:00,ATP_DOUBLES,Montreal,hard,R32,Bolelli/ Vavassori,,Luz/ Matos,292.0,,
2026-08-07,14:00,CHALLENGER,Lexington,hard,QF,A. Shelbayh,267.0,D. Lajovic,149.0,-118.0,0.37169032333422236
2026-08-07,21:00,WTA,Toronto,hard,R32,N. Bartunkova,42.0,A. Anisimova,10.0,-32.0,0.21558616362583077
2026-08-07,21:00,WTA_DOUBLES,Toronto,hard,R32,Chan H-/Joint,,Aoyama/ Liang,,,
2026-08-07,21:00,ATP_DOUBLES,Montreal,hard,R32,Cabral/ Tracy,,Ram/ Salisbury,,,
2026-08-07,21:00,ITF_MEN,M25 Londrina,clay,QF,J. S. Osorio,763.0,M. Zeitune,628.0,-135.0,0.4563002624507533
2026-08-07,21:00,WTA_DOUBLES,Toronto,hard,R32,Jiang/ Wu,,Bouzkova/ Noskova,,,
2026-08-07,21:30,ATP_DOUBLES,Montreal,hard,R32,Krajicek/ Mektic,,Andreozzi/ Guinard,,,
2026-08-07,21:30,ITF_WOMEN_DOUBLES,"W100 Landisville, PA",hard,,Cho I-/Cho,,Rogers/ Zamarripa,,,
2026-08-07,22:00,ATP,Montreal,hard,R32,J. Lehecka,12.0,A. Blockx,32.0,20.0,0.7073910042421088
2026-08-07,22:30,CHALLENGER,Lexington,hard,R16,S. Johnson,524.0,J. D. Hara Friend,314.0,-210.0,0.3867749902097995
2026-08-07,22:30,CHALLENGER,Lexington,hard,R16,A. Martin,340.0,M. Hurrion,670.0,330.0,0.6480545961604519
2026-08-07,22:30,ITF_MEN_DOUBLES,M25 Londrina,clay,QF,Braga/ Braga,,Leite/ Saraiva Dos Santos,,,
2026-08-07,23:00,WTA,Toronto,hard,R32,E. Svitolina,9.0,A. Potapova,27.0,18.0,0.7288411627050326
2026-08-07,23:00,ATP,Montreal,hard,R32,R. Jodar,15.0,L. Musetti,13.0,-2.0,0.46784674190001485
2026-08-07,23:00,WTA,Toronto,hard,R32,A. Sabalenka,1.0,S. Zhang,62.0,61.0,0.9762101984172821
2026-08-07,23:00,ITF_WOMEN_DOUBLES,"W100 Landisville, PA",hard,,Crawley/ Daniel,,Broadus/ Collins,,,
2026-08-07,23:30,ATP,Montreal,hard,,B. Nakashima,31.0,T. Droguet,119.0,88.0,0.7704091029746641
2026-08-08,14:00,WTA,Toronto,hard,R32,I. Jovic,16.0,A. Korneeva,174.0,158.0,0.8954648807823877
2026-08-08,14:00,WTA,Toronto,hard,R32,M. Sakkari,33.0,C. Gauff,4.0,-29.0,0.13019996490187216
2026-08-08,14:00,WTA,Toronto,hard,R32,E. Mertens,23.0,N. Osaka,13.0,-10.0,0.3743756578209788
2026-08-08,14:00,WTA,Toronto,hard,R32,M. Andreeva,5.0,L. Fernandez,34.0,29.0,0.8488013125663272
2026-09-18,08:00,TEAMS_MEN,Davis Cup - World Group Teams,,,Austria,,Belgium,,,
2026-09-18,08:00,TEAMS_MEN,Davis Cup - World Group Teams,,,Canada,,France,,,
2026-09-18,08:00,TEAMS_MEN,Davis Cup - World Group Teams,,,Chile,,Spain,,,
2026-09-18,08:00,TEAMS_MEN,Davis Cup - World Group Teams,,,Czech Republic,,USA,,,
2026-09-18,08:00,TEAMS_MEN,Davis Cup - World Group Teams,,,Germany,,Croatia,,,
2026-09-18,08:00,TEAMS_MEN,Davis Cup - World Group Teams,,,Great Britain,,Ecuador,,,
2026-09-18,08:00,TEAMS_MEN,Davis Cup - World Group Teams,,,South Korea,,India,,,
2026-09-25,14:00,TEAMS_MEN,Laver Cup Teams,,,Europe,,World,,,
